کد,عنوان,مشخصه فنی,ماهیت کالا,واحد سنجش (اصلی),مانده از قبل (اصلی),ابتدای دوره (اصلی),ورودی (اصلی),خروجی (اصلی),مانده (اصلی),تعداد در بسته,کد.1,آدرس,Unnamed: 13,کد جدید,نام,تعداد در بسته.1
249301020,ادویه پاش پارمیس1,,محصول نهایی,کارتن,0,0,275,140,135,144,2493010,https://ashkanplastic.com/product/2493010/,,1100312,آبکش تخت 1000,36
249501020,ادویه پاش پارمیس3,,محصول نهایی,کارتن,0,0,325,160,165,60,2495010,https://ashkanplastic.com/product/2495010/,,1100314,آبکش تخت 2000,36
249951010,ادویه پاش سرآشپز,,محصول نهایی,کارتن,0,209,165,244,130,24,2499510,https://ashkanplastic.com/product/2499510/,,1100316,آبکش تخت 3000,36
129003110,آبکش پارمیس 1 الوان,اشکان اشکان,محصول نهایی,بسته,0,76,0,0,76,,1290031,https://ashkanplastic.com/product/1290031/,,1100318,آبکش تخت 4000,24
110031202,آبکش تخت 1000 طوسی,,محصول نهایی,بسته,0,35,96,108,23,36,1100312,https://ashkanplastic.com/product/1100312/,,1100310,آبکش تخت 500,48
110031207,آبکش تخت 1000 کرپ,,محصول نهایی,بسته,0,24,49,37,36,36,1100312,https://ashkanplastic.com/product/1100312/,,1100320,آبکش تخت 5000,24
110031217,آبکش تخت 1000 موکا,,محصول نهایی,بسته,0,29,155,104,80,36,1100312,https://ashkanplastic.com/product/1100312/,,1100322,آبکش تخت 6000,24
110031209,آبکش تخت 1000 وانیلی,,محصول نهایی,بسته,0,45,89,64,70,36,1100312,https://ashkanplastic.com/product/1100312/,,1200010,آبکش چلو 20,48
110031403,آبکش تخت 2000 سفید,,محصول نهایی,بسته,0,7,0.055556,7.055556,0,36,1100314,https://ashkanplastic.com/product/1100314/,,1200012,آبکش چلو 25,36
110031401,آبکش تخت 2000 صورتی,,محصول نهایی,بسته,0,13,0,11,2,36,1100314,https://ashkanplastic.com/product/1100314/,,1200014,آبکش چلو 30,36
110031402,آبکش تخت 2000 طوسی,,محصول نهایی,بسته,0,29,105,113,21,36,1100314,https://ashkanplastic.com/product/1100314/,,1200016,آبکش چلو 35,24
110031407,آبکش تخت 2000 کرپ,,محصول نهایی,بسته,0,29,74,40,63,36,1100314,https://ashkanplastic.com/product/1100314/,,1200018,آبکش چلو 45,24
110031411,آبکش تخت 2000 کرم,,محصول نهایی,بسته,0,37,0,0,37,36,1100314,https://ashkanplastic.com/product/1100314/,,1200020,آبکش چلو 55,18
110031417,آبکش تخت 2000 موکا,,محصول نهایی,بسته,0,24,149,104,69,36,1100314,https://ashkanplastic.com/product/1100314/,,1200022,آبکش چلو 65 (محرم),12
110031409,آبکش تخت 2000 وانیلی,,محصول نهایی,بسته,0,35,90,62,63,36,1100314,https://ashkanplastic.com/product/1100314/,,1605010,آبمیوه گیری بزرگ آسان,36
110031605,آبکش تخت 3000 سبز,,محصول نهایی,بسته,0,0,0.055556,0.055556,0,36,1100316,https://ashkanplastic.com/product/1100316/,,1690010,آبمیوه گیری بهنوش,24
110031603,آبکش تخت 3000 سفید,,محصول نهایی,بسته,0,1,0,1,0,36,1100316,https://ashkanplastic.com/product/1100316/,,1603010,آبمیوه گیری کوچک آسان,48
110031602,آبکش تخت 3000 طوسی,,محصول نهایی,بسته,0,6,141,105,42,36,1100316,https://ashkanplastic.com/product/1100316/,,1625010,آبمیوه گیری لوکس بزرگ اشکان,24
110031607,آبکش تخت 3000 کرپ,,محصول نهایی,بسته,0,18,71,39,50,36,1100316,https://ashkanplastic.com/product/1100316/,,1626010,آبمیوه گیری لوکس سوپر اشکان,18
110031611,آبکش تخت 3000 کرم,,محصول نهایی,بسته,0,52,0,0,52,36,1100316,https://ashkanplastic.com/product/1100316/,,1623010,آبمیوه گیری لوکس کوچک اشکان,48
110031617,آبکش تخت 3000 موکا,,محصول نهایی,بسته,0,12,140,112,40,36,1100316,https://ashkanplastic.com/product/1100316/,,1890010,بادبزن سلطانی,48
110031609,آبکش تخت 3000 وانیلی,,محصول نهایی,بسته,0,32,65,58,39,36,1100316,https://ashkanplastic.com/product/1100316/,,1850010,بادبزن شاندیز,72
110031803,آبکش تخت 4000 سفید,,محصول نهایی,بسته,0,0,0.041667,0.041667,0,24,1100318,https://ashkanplastic.com/product/1100318/,,1890011,بادبزن کولاک,72
110031801,آبکش تخت 4000 صورتی,,محصول نهایی,بسته,0,0,0.25,0.25,0,24,1100318,https://ashkanplastic.com/product/1100318/,,2020010,پادری اشکان,12
110031802,آبکش تخت 4000 طوسی,,محصول نهایی,بسته,0,14,147,135,26,24,1100318,https://ashkanplastic.com/product/1100318/,,2210810,پارچ 2رنگ سیب,24
110031807,آبکش تخت 4000 کرپ,,محصول نهایی,بسته,0,0,90,13,77,24,1100318,https://ashkanplastic.com/product/1100318/,,2220810,پارچ 2رنگ گلبرگ اشکان,12
110031811,آبکش تخت 4000 کرم,,محصول نهایی,بسته,0,17,0,0,17,24,1100318,https://ashkanplastic.com/product/1100318/,,2290010,پارچ الماس,12
110031817,آبکش تخت 4000 موکا,,محصول نهایی,بسته,0,18,126,118,26,24,1100318,https://ashkanplastic.com/product/1100318/,,2270010,پارچ گلرو,24
110031809,آبکش تخت 4000 وانیلی,,محصول نهایی,بسته,0,49,70,84,35,24,1100318,https://ashkanplastic.com/product/1100318/,,2270912,پارچ گلرو (شفاف),24
110031003,آبکش تخت 500 سفید,,محصول نهایی,بسته,0,8,0,8,0,48,1100310,https://ashkanplastic.com/product/1100310/,,2295010,پارچ لامیا بزرگ,18
110031001,آبکش تخت 500 صورتی,,محصول نهایی,بسته,0,10,0.020833,9.020833,1,48,1100310,https://ashkanplastic.com/product/1100310/,,2293010,پارچ لامیا کوچک,24
110031002,آبکش تخت 500 طوسی,,محصول نهایی,بسته,0,85,15,53,47,48,1100310,https://ashkanplastic.com/product/1100310/,,2290020,پارچ موج مدل 103 شفاف,12
110031007,آبکش تخت 500 کرپ,,محصول نهایی,بسته,0,0,40,5,35,48,1100310,https://ashkanplastic.com/product/1100310/,,7120020,پیمانه لوکس مدرج اشکان,36
110031017,آبکش تخت 500 موکا,,محصول نهایی,بسته,0,69,30,64,35,48,1100310,https://ashkanplastic.com/product/1100310/,,6560010,تفاله گیر روشا,48
110031009,آبکش تخت 500 وانیلی,,محصول نهایی,بسته,0,40,27,39,28,48,1100310,https://ashkanplastic.com/product/1100310/,,6510010,تفاله گیر لوکس سیب,60
110032001,آبکش تخت 5000 صورتی,,محصول نهایی,بسته,0,23,0.125,23.125,0,24,1100320,https://ashkanplastic.com/product/1100320/,,7800010,توالت شوی دلسا مدل 303 گرد,24
110032002,آبکش تخت 5000 طوسی,,محصول نهایی,بسته,0,0,163,94,69,24,1100320,https://ashkanplastic.com/product/1100320/,,7800520,توالت شوی دلسا مدل 403 مربع,24
110032007,آبکش تخت 5000 کرپ,,محصول نهایی,بسته,0,2,75,26,51,24,1100320,https://ashkanplastic.com/product/1100320/,,2488010,جا ادویه تکی هما,48
110032017,آبکش تخت 5000 موکا,,محصول نهایی,بسته,0,0,125,58,67,24,1100320,https://ashkanplastic.com/product/1100320/,,2499510,جا ادویه طبقاتی سرآشپز,24
110032009,آبکش تخت 5000 وانیلی,,محصول نهایی,بسته,0,30,109.416667,98.416667,41,24,1100320,https://ashkanplastic.com/product/1100320/,,2480010,جا ادویه گلدار هما,18
110032201,آبکش تخت 6000 صورتی,,محصول نهایی,بسته,0,33,0,7,26,24,1100322,https://ashkanplastic.com/product/1100322/,,3790010,جا صابونی آنالیا,96
110032202,آبکش تخت 6000 طوسی,,محصول نهایی,بسته,0,5,90,51,44,24,1100322,https://ashkanplastic.com/product/1100322/,,3710910,جا صابونی سیب (شفاف),72
110032207,آبکش تخت 6000 کرپ,,محصول نهایی,بسته,0,21,45,15,51,24,1100322,https://ashkanplastic.com/product/1100322/,,3790014,جا صابونی نگین دار,96
110032211,آبکش تخت 6000 کرم,,محصول نهایی,بسته,0,38,0,0,38,24,1100322,https://ashkanplastic.com/product/1100322/,,4010010,جا قاشقی آویزنیکا,30
110032217,آبکش تخت 6000 موکا,,محصول نهایی,بسته,0,0,69,32,37,24,1100322,https://ashkanplastic.com/product/1100322/,,4090010,جا قاشقی آویز گشنیز,30
110032209,آبکش تخت 6000 وانیلی,,محصول نهایی,بسته,0,20,66.458333,35.458333,51,24,1100322,https://ashkanplastic.com/product/1100322/,,4087010,جا قاشقی دو پارچه هما,24
120001001,آبکش چلو 20 صورتی,,محصول نهایی,بسته,0,12,0.145833,7.145833,5,48,1200010,https://ashkanplastic.com/product/1200010/,,4010012,جا قاشقی سه خانه سیب,36
120001002,آبکش چلو 20 طوسی,,محصول نهایی,بسته,0,19,80.041667,44.041667,55,48,1200010,https://ashkanplastic.com/product/1200010/,,6740010,جا کاغذی دایانا,24
120001007,آبکش چلو 20 کرپ,,محصول نهایی,بسته,0,0,54,10,44,48,1200010,https://ashkanplastic.com/product/1200010/,,6710010,جا کاغذی سیب,24
120001017,آبکش چلو 20 موکا,,محصول نهایی,بسته,0,24,75,49,50,48,1200010,https://ashkanplastic.com/product/1200010/,,4290040,جا کره ای چوبی دلسا,36
120001009,آبکش چلو 20 وانیلی,,محصول نهایی,بسته,0,27,39,18,48,48,1200010,https://ashkanplastic.com/product/1200010/,,4290010,جا کره ای هما,48
120001201,آبکش چلو 25 صورتی,,محصول نهایی,بسته,0,27,0.027778,12.027778,15,36,1200012,https://ashkanplastic.com/product/1200012/,,3910010,جا لوازم التحریر سیب,48
120001202,آبکش چلو 25 طوسی,,محصول نهایی,بسته,0,51,25,49,27,36,1200012,https://ashkanplastic.com/product/1200012/,,3608010,جااسکاجی تکی آویز اشکان,48
120001207,آبکش چلو 25 کرپ,,محصول نهایی,بسته,0,2,28,9,21,36,1200012,https://ashkanplastic.com/product/1200012/,,3620010,جااسکاجی دو قلوی اشکان,48
120001217,آبکش چلو 25 موکا,,محصول نهایی,بسته,0,55,15,50,20,36,1200012,https://ashkanplastic.com/product/1200012/,,3617010,جااسکاجی دو قلوی سیب,48
120001209,آبکش چلو 25 وانیلی,,محصول نهایی,بسته,0,46,0,21,25,36,1200012,https://ashkanplastic.com/product/1200012/,,3830910,جاپودری اپل تاپ (شفاف),36
120001401,آبکش چلو 30 صورتی,,محصول نهایی,بسته,0,9,0.111111,7.111111,2,36,1200014,https://ashkanplastic.com/product/1200014/,,3820910,جاپودری اشکان (شفاف),24
120001402,آبکش چلو 30 طوسی,,محصول نهایی,بسته,0,7,120,53,74,36,1200014,https://ashkanplastic.com/product/1200014/,,2630110,جاحبوباتی گرد اپل تاپ 2(2عددی),24
120001407,آبکش چلو 30 کرپ,,محصول نهایی,بسته,0,0,75,12,63,36,1200014,https://ashkanplastic.com/product/1200014/,,2630010,جاحبوباتی مربع اپل تاپ 1(2عددی),24
120001417,آبکش چلو 30 موکا,,محصول نهایی,بسته,0,11,121,53,79,36,1200014,https://ashkanplastic.com/product/1200014/,,4998010,جارو دستی تک برس,48
120001409,آبکش چلو 30 وانیلی,,محصول نهایی,بسته,0,25,60,23,62,36,1200014,https://ashkanplastic.com/product/1200014/,,4997011,جارو دستی دو برس,36
120001601,آبکش چلو 35 صورتی,,محصول نهایی,بسته,0,0.75,0,0,0.75,24,1200016,https://ashkanplastic.com/product/1200016/,,8591110,جاشکری نقلی دلسا,48
120001602,آبکش چلو 35 طوسی,,محصول نهایی,بسته,0,0,159.041667,67.041667,92,24,1200016,https://ashkanplastic.com/product/1200016/,,4030010,جاقاشقی اپل تاپ,24
120001607,آبکش چلو 35 کرپ,,محصول نهایی,بسته,0,0,35,35,0,24,1200016,https://ashkanplastic.com/product/1200016/,,4398910,جانانی آس سایز 1,12
120001615,آبکش چلو 35 موکا,,محصول نهایی,بسته,0,21,145,86,80,24,1200016,https://ashkanplastic.com/product/1200016/,,4398911,جانانی آس سایز 2,12
120001609,آبکش چلو 35 وانیلی,,محصول نهایی,بسته,0,38,51,39,50,24,1200016,https://ashkanplastic.com/product/1200016/,,4398912,جانانی آس سایز 3,6
120001801,آبکش چلو 45 صورتی,,محصول نهایی,بسته,0,1,0.375,0.375,1,24,1200018,https://ashkanplastic.com/product/1200018/,,2120010,جایخی اشکان,48
120001802,آبکش چلو 45 طوسی,,محصول نهایی,بسته,0,19,50.125,25.125,44,24,1200018,https://ashkanplastic.com/product/1200018/,,2190010,جایخی برفک دو عددی ,24
120001807,آبکش چلو 45 کرپ,,محصول نهایی,بسته,0,16,20,4,32,24,1200018,https://ashkanplastic.com/product/1200018/,,4420010,جعبه ابزار همه کاره اشکان,12
120001817,آبکش چلو 45 موکا,,محصول نهایی,بسته,0,20,45,26,39,24,1200018,https://ashkanplastic.com/product/1200018/,,4540016,جعبه همه کاره دایانا بدون درب 4,12
120001809,آبکش چلو 45 وانیلی,,محصول نهایی,بسته,0,39,15,16,38,24,1200018,https://ashkanplastic.com/product/1200018/,,4540030,جعبه نظم دهنده سه پارچه دایانا,24
120002001,آبکش چلو 55 صورتی,,محصول نهایی,بسته,0,12,1,5,8,18,1200020,https://ashkanplastic.com/product/1200020/,,4540010,جعبه همه کاره دایانا بدون درب 1,36
120002002,آبکش چلو 55 طوسی,,محصول نهایی,بسته,0,22,0,17,5,18,1200020,https://ashkanplastic.com/product/1200020/,,4540012,جعبه همه کاره دایانا بدون درب 2,24
120002007,آبکش چلو 55 کرپ,,محصول نهایی,بسته,0,31,1,4,28,18,1200020,https://ashkanplastic.com/product/1200020/,,4540014,جعبه همه کاره دایانا بدون درب 3,24
120002017,آبکش چلو 55 موکا,,محصول نهایی,بسته,0,24,0,14,10,18,1200020,https://ashkanplastic.com/product/1200020/,,4440010,جعبه همه کاره دایانا دربدار 1,48
120002009,آبکش چلو 55 وانیلی,,محصول نهایی,بسته,0,24,0,8,16,18,1200020,https://ashkanplastic.com/product/1200020/,,4440012,جعبه همه کاره دایانا دربدار 2,18
120002201,آبکش چلو 65 صورتی,,محصول نهایی,بسته,0,16,0.083333,7.083333,9,12,1200022,https://ashkanplastic.com/product/1200022/,,4440014,جعبه همه کاره دایانا دربدار 3,18
120002202,آبکش چلو 65 طوسی,,محصول نهایی,بسته,0,42,0,22,20,12,1200022,https://ashkanplastic.com/product/1200022/,,4440018,جعبه همه کاره دایانا دربدار 4,12
120002207,آبکش چلو 65 کرپ,,محصول نهایی,بسته,0,40,0.5,1.5,39,12,1200022,https://ashkanplastic.com/product/1200022/,,4542016,جعبه همه کاره دایانا مینی بدون درب,24
120002217,آبکش چلو 65 موکا,,محصول نهایی,بسته,0,35,0,12,23,12,1200022,https://ashkanplastic.com/product/1200022/,,4442010,جعبه همه کاره دایانا مینی درب دار,18
120002209,آبکش چلو 65 وانیلی,,محصول نهایی,بسته,0,49,0.083333,9,40.083333,12,1200022,https://ashkanplastic.com/product/1200022/,,4541010,جعبه همه کاره دایانا نقلی بدون درب,60
130001401,آبکش یاس 3 صورتی,,محصول نهایی,بسته,0,0,0.041667,0.041667,0,,1300014,https://ashkanplastic.com/product/1300014/,,4441010,جعبه همه کاره دایانا نقلی درب دار,48
130001611,آبکش یاس 4 کرم,,محصول نهایی,بسته,0,0,0.020833,0.020833,0,,1300016,https://ashkanplastic.com/product/1300016/,,3910011,چند منظوره دیواری سیب,72
130201001,آبکش یاس مینی صورتی,,محصول نهایی,بسته,0,0,0.010417,0.010417,0,,1302010,https://ashkanplastic.com/product/1302010/,,4800010,چهار پایه 25 سانتی,12
130101010,آبکش یاس نقلی الوان,,محصول نهایی,بسته,0,15,0,0,15,,1301010,https://ashkanplastic.com/product/1301010/,,4800012,چهار پایه 36 سانتی,6
160501008,آبمیوه گیری بزرگ آسان,اشکان-نصیری,محصول نهایی,کارتن,0,84,270,131,223,36,1605010,https://ashkanplastic.com/product/1605010/,,4800014,چهار پایه 50 سانتی,6
169001010,آبمیوه گیری بهنوش الوان,,محصول نهایی,بسته,0,70,0,16,54,24,1690010,https://ashkanplastic.com/product/1690010/,,4800016,چهار پایه 70 سانتی,6
160301008,آبمیوه گیری کوچک آسان,,محصول نهایی,کارتن,0,50,98.020833,48.020833,100,48,1603010,https://ashkanplastic.com/product/1603010/,,5025010,خاک انداز بزرگ اشکان,48
162501010,آبمیوه گیری لوکس بزرگ اشکان الوان,,محصول نهایی,بسته,0,265,157,403,19,24,1625010,https://ashkanplastic.com/product/1625010/,,5010011,خاک انداز سیب,48
162601010,آبمیوه گیری لوکس سوپر اشکان الوان,,محصول نهایی,بسته,0,125,155.055556,225.055556,55,18,1626010,https://ashkanplastic.com/product/1626010/,,5023010,خاک انداز کوچک اشکان,60
162601009,آبمیوه گیری لوکس سوپر اشکان وانیلی,,محصول نهایی,بسته,0,0,0.111111,0.111111,0,18,1626010,https://ashkanplastic.com/product/1626010/,,7025011,درب سطل نخل,12
162301010,آبمیوه گیری لوکس کوچک اشکان الوان,,محصول نهایی,بسته,0,136,262,235,163,48,1623010,https://ashkanplastic.com/product/1623010/,,7095011,درب سطل نخل شفاف,12
162301008,آبمیوه گیری لوکس کوچک اشکان شفاف,,محصول نهایی,بسته,0,0,0.020833,0.020833,0,48,1623010,https://ashkanplastic.com/product/1623010/,,5210010,زنبیل سیب S300,12
162301002,آبمیوه گیری لوکس کوچک اشکان طوسی,,محصول نهایی,بسته,0,0,0.0625,0.0625,0,48,1623010,https://ashkanplastic.com/product/1623010/,,5210012,زنبیل سیب S400,12
185001010,بادبزن اشکان الوان,,محصول نهایی,بسته,0,150,75,116,109,72,1850010,https://ashkanplastic.com/product/1850010/,,5210014,زنبیل سیب S500,12
189001010,بادبزن سلطانی - الوان,اشکان اشکان,محصول نهایی,کارتن,0,102,552,476,178,48,1890010,https://ashkanplastic.com/product/1890010/,,5210016,زنبیل سیب S600,12
189001110,بادبزن کولاک - الوان,,محصول نهایی,کارتن,0,30,310,183,157,72,1890011,https://ashkanplastic.com/product/1890011/,,5210018,زنبیل سیب S700,6
449831110,باکس تخت همه کاره آوا سایز 1 (3لیتری)-الوان,,محصول نهایی,کارتن,0,130,250.375001,213.375001,167,24,4498311,https://ashkanplastic.com/product/4498311/,,5210020,زنبیل سیب و ستاره,12
449861010,باکس چند منظوره دسته دار  گوزل(10لیتری)-الوان,,محصول نهایی,کارتن,0,42,576.722223,343.722223,275,18,4498610,https://ashkanplastic.com/product/4498610/,,5210022,زنبیل سیب و ستاره کودک,24
449801210,باکس همه کاره آوا سایز 2 (4لیتری)-الوان,,محصول نهایی,کارتن,0,523,0.25,223.25,300,36,4498012,https://ashkanplastic.com/product/4498012/,,5310110,زنبیل گرد سیب E 200,24
449801310,باکس همه کاره آوا سایز 3 (6لیتری)-الوان,,محصول نهایی,کارتن,0,184,246,238,192,18,4498013,https://ashkanplastic.com/product/4498013/,,5310112,زنبیل گرد سیب E 250,12
202001002,پادری اشکان طوسی,,محصول نهایی,بسته,0,0,81,39,42,12,2020010,https://ashkanplastic.com/product/2020010/,,5310114,زنبیل گرد سیب E 300,12
202001007,پادری اشکان کرپ,,محصول نهایی,بسته,0,29,51,35,45,12,2020010,https://ashkanplastic.com/product/2020010/,,5310116,زنبیل گرد سیب E 350,6
202001017,پادری اشکان موکا,,محصول نهایی,بسته,0,46,81,96,31,12,2020010,https://ashkanplastic.com/product/2020010/,,5490010,زیر گلدان 1,120
221081010,پارچ 2 رنگ سیب الوان,,محصول نهایی,بسته,0,200,441,509,132,24,2210810,https://ashkanplastic.com/product/2210810/,,5470028,زیر گلدان 10 گلرو,6
221081001,پارچ 2 رنگ سیب صورتی,,محصول نهایی,بسته,0,0,0.041667,0.041667,0,24,2210810,https://ashkanplastic.com/product/2210810/,,5490014,زیر گلدان 2,120
222081010,پارچ 2 رنگ گلبرگ اشکان الوان,,محصول نهایی,بسته,0,11,383,394,0,12,2220810,https://ashkanplastic.com/product/2220810/,,5490018,زیر گلدان 3,96
222081001,پارچ 2 رنگ گلبرگ اشکان صورتی,,محصول نهایی,بسته,0,0,0.083333,0.083333,0,12,2220810,https://ashkanplastic.com/product/2220810/,,5490020,زیر گلدان 4,72
222081002,پارچ 2 رنگ گلبرگ اشکان طوسی,,محصول نهایی,بسته,0,0,0.083333,0,0.083333,12,2220810,https://ashkanplastic.com/product/2220810/,,5490022,زیر گلدان 5,48
229001010,پارچ الماس الوان,,محصول نهایی,بسته,0,142,988.166667,862.166667,268,12,2290010,https://ashkanplastic.com/product/2290010/,,5470020,زیر گلدان 6 گلرو,12
229001008,پارچ الماس شفاف,,محصول نهایی,بسته,0,0,0.583333,0.583333,0,12,2290010,https://ashkanplastic.com/product/2290010/,,5470022,زیر گلدان 7 گلرو,6
229001001,پارچ الماس صورتی,,محصول نهایی,بسته,0,0,0.083333,0.083333,0,12,2290010,https://ashkanplastic.com/product/2290010/,,5470024,زیر گلدان 8 گلرو,6
229001002,پارچ الماس طوسی,,محصول نهایی,بسته,0,0,0.25,0.25,0,12,2290010,https://ashkanplastic.com/product/2290010/,,5470026,زیر گلدان 9 گلرو,6
229501110,پارچ بزرگ دلسا,,محصول نهایی,کارتن,0,0,1273,989,284,12,2295011,https://ashkanplastic.com/product/2295011/,,6740020,سبد استوانه ای همه کاره دایانا سایز 1,72
229301110,پارچ کوچک دلسا,,محصول نهایی,کارتن,0,0,1087,857,230,24,2293011,https://ashkanplastic.com/product/2293011/,,6740021,سبد استوانه ای همه کاره دایانا شماره 2,72
227001010,پارچ گلرو الوان,,محصول نهایی,بسته,0,43,295.041667,230.041667,108,24,2270010,https://ashkanplastic.com/product/2270010/,,6740022,سبد استوانه ای همه کاره دایانا شماره 3,36
227091210,پارچ گلرو شفاف درب الوان,,محصول نهایی,بسته,0,0,0.041667,0.041667,0,24,2270912,https://ashkanplastic.com/product/2270912/,,6405210,سبد بیضی 2رنگ بزرگ,30
229501001,پارچ لامیا بزرگ صورتی,,محصول نهایی,بسته,0,0.666667,0,0,0.666667,18,2295010,https://ashkanplastic.com/product/2295010/,,6403210,سبد بیضی 2رنگ کوچک,36
229501002,پارچ لامیا بزرگ طوسی,,محصول نهایی,بسته,0,115,19.222222,57.222222,77,18,2295010,https://ashkanplastic.com/product/2295010/,,6405212,سبد بیضی تک رنگ بزرگ,36
229501007,پارچ لامیا بزرگ کرپ,,محصول نهایی,بسته,0,23,45,11,57,18,2295010,https://ashkanplastic.com/product/2295010/,,6615010,سبد پیک نیک بزرگ سیب,6
229501017,پارچ لامیا بزرگ موکا,,محصول نهایی,بسته,0,78,41,51,68,18,2295010,https://ashkanplastic.com/product/2295010/,,6616010,سبد پیک نیک سوپر سیب,6
229501009,پارچ لامیا بزرگ وانیلی,,محصول نهایی,بسته,0,87,0,23,64,18,2295010,https://ashkanplastic.com/product/2295010/,,6613010,سبد پیک نیک کوچک سیب,12
229301001,پارچ لامیا کوچک صورتی,,محصول نهایی,بسته,0,21,0,0,21,24,2293010,https://ashkanplastic.com/product/2293010/,,6015010,سبد خرید بزرگ سیب,12
229301002,پارچ لامیا کوچک طوسی,,محصول نهایی,بسته,0,99,51,69,81,24,2293010,https://ashkanplastic.com/product/2293010/,,6091010,سبد خرید زیبا نقلی,36
229301007,پارچ لامیا کوچک کرپ,,محصول نهایی,بسته,0,13,59,14,58,24,2293010,https://ashkanplastic.com/product/2293010/,,6016010,سبد خرید سوپر سیب,12
229301017,پارچ لامیا کوچک موکا,,محصول نهایی,بسته,0,99,30,57,72,24,2293010,https://ashkanplastic.com/product/2293010/,,6013010,سبد خرید کوچک سیب,24
229301009,پارچ لامیا کوچک وانیلی,,محصول نهایی,بسته,0,97,0,47,50,24,2293010,https://ashkanplastic.com/product/2293010/,,6000010,سبد خرید لوکس 2000,24
229002010,پارچ موج مدل 103- الوان,اشکان- اشکان,محصول نهایی,کارتن,0,3,978.25,597.25,384,12,2290020,https://ashkanplastic.com/product/2290020/,,6000012,سبد خرید لوکس 6000,12
229002024,پارچ موج مدل 103- آبی,,محصول نهایی,کارتن,0,0,0.083333,0.083333,0,12,2290020,https://ashkanplastic.com/product/2290020/,,6014010,سبد خرید متوسط سیب,24
229002008,پارچ موج مدل 103- شفاف,اشکان- اشکان,محصول نهایی,کارتن,0,279,2382.583333,2458.499999,203.083334,12,2290020,https://ashkanplastic.com/product/2290020/,,6012010,سبد خرید مینی سیب,24
229002025,پارچ موج مدل 103- عسلی,,محصول نهایی,کارتن,0,67,0.166667,67,0.166667,12,2290020,https://ashkanplastic.com/product/2290020/,,6010030,سبد خرید نی نی سیب,36
712002010,پیمانه لوکس مدرج اشکان الوان,,محصول نهایی,بسته,0,111,119.083333,116.083333,114,36,7120020,https://ashkanplastic.com/product/7120020/,,6115010,سبد رخت 4گوش سیب,12
712002008,پیمانه لوکس مدرج اشکان شفاف,,محصول نهایی,بسته,0,0,0.055556,0.055556,0,36,7120020,https://ashkanplastic.com/product/7120020/,,6190010,سبد رخت اوکیا,12
899302010,تخته گوشت کوچک دلسا - الوان,,محصول نهایی,کارتن,0,66,0,15,51,,8993020,https://ashkanplastic.com/product/8993020/,,6195010,سبد رخت آنالیا بزرگ,6
899402010,تخته گوشت متوسط دلسا - الوان,,محصول نهایی,کارتن,0,1,0,0,1,,8994020,https://ashkanplastic.com/product/8994020/,,6196010,سبد رخت آنالیا سوپر,6
656001001,تفاله گیر روشا صورتی,,محصول نهایی,بسته,0,31,0,9,22,48,6560010,https://ashkanplastic.com/product/6560010/,,6193010,سبد رخت آنالیا کوچک,12
656001002,تفاله گیر روشا طوسی,,محصول نهایی,بسته,0,73,85.041666,83.041666,75,48,6560010,https://ashkanplastic.com/product/6560010/,,6194010,سبد رخت آنالیا متوسط,12
656001007,تفاله گیر روشا کرپ,,محصول نهایی,بسته,0,6,60.020833,12.020833,54,48,6560010,https://ashkanplastic.com/product/6560010/,,6110010,سبد رخت سیب 2000,12
656001017,تفاله گیر روشا موکا,,محصول نهایی,بسته,0,73,105,105,73,48,6560010,https://ashkanplastic.com/product/6560010/,,6110012,سبد رخت سیب 4000,12
656001009,تفاله گیر روشا وانیلی,,محصول نهایی,بسته,0,73,0.041667,31.041667,42,48,6560010,https://ashkanplastic.com/product/6560010/,,6110014,سبد رخت سیب 6000,12
651001010,تفاله گیر لوکس سیب الوان,,محصول نهایی,بسته,0,1,0,1,0,60,6510010,https://ashkanplastic.com/product/6510010/,,6110016,سبد رخت سیب 8000,6
651001001,تفاله گیر لوکس سیب صورتی,,محصول نهایی,بسته,0,0,0.016667,0.016667,0,60,6510010,https://ashkanplastic.com/product/6510010/,,6310810,سبد سبزی 2رنگ سیب,96
651001002,تفاله گیر لوکس سیب طوسی,,محصول نهایی,بسته,0,0,0.033333,0.033333,0,60,6510010,https://ashkanplastic.com/product/6510010/,,6310510,سبد سبزی 4گوش سیب,120
780001010,توالت شوی دلسا مدل 303 گرد- الوان,,محصول نهایی,بسته,0,0,526,509,17,24,7800010,https://ashkanplastic.com/product/7800010/,,6330510,سبد سبزی چهارگوش اپل تاپ,120
780052010,توالت شوی دلسا مدل 403 مربع - الوان,,محصول نهایی,بسته,0,155,486,640,1,24,7800520,https://ashkanplastic.com/product/7800520/,,6310010,سبد سبزی سیب,120
248801010,جا ادویه تکی هما الوان,,محصول نهایی,بسته,0,426,85,208,303,48,2488010,https://ashkanplastic.com/product/2488010/,,6800610,سبد سینک دو دسته,24
248001010,جا ادویه گلدار هما الوان,,محصول نهایی,بسته,0,259,905,953,211,18,2480010,https://ashkanplastic.com/product/2480010/,,6800110,سبد سینک گرد,24
248001001,جا ادویه گلدار هما صورتی,,محصول نهایی,بسته,0,0,0.055556,0,0.055556,18,2480010,https://ashkanplastic.com/product/2480010/,,6235510,سبد میوه چهارگوش اپل تاپ بزرگ,60
248001002,جا ادویه گلدار هما طوسی,,محصول نهایی,بسته,0,0,0.111112,0.111112,0,18,2480010,https://ashkanplastic.com/product/2480010/,,6233510,سبد میوه چهارگوش اپل تاپ کوچک,72
248001007,جا ادویه گلدار هما کرپ,,محصول نهایی,بسته,0,0,0.444445,0.444445,0,18,2480010,https://ashkanplastic.com/product/2480010/,,6200610,سبد میوه دو دسته 1,48
360801010,جا اسکاجی آویز تکی الوان,,محصول نهایی,بسته,0,172,536,610,98,48,3608010,https://ashkanplastic.com/product/3608010/,,6200612,سبد میوه دو دسته 2,36
360801002,جا اسکاجی آویز تکی طوسی,,محصول نهایی,بسته,0,0,9.75,9.75,0,48,3608010,https://ashkanplastic.com/product/3608010/,,6200614,سبد میوه دو دسته 3,30
369701010,جا اسکاجی دو قلو حصیری الوان,,محصول نهایی,بسته,0,0,0.125,0.125,0,,3697010,https://ashkanplastic.com/product/3697010/,,6230110,سبد میوه گرد اپل تاپ,72
361701010,جا اسکاجی دو قلوی سیب الوان,,محصول نهایی,بسته,0,54,348,401,1,48,3617010,https://ashkanplastic.com/product/3617010/,,6290020,سبد میوه یخچالی,24
361701001,جا اسکاجی دو قلوی سیب صورتی,,محصول نهایی,بسته,0,0,0.729166,0.729166,0,48,3617010,https://ashkanplastic.com/product/3617010/,,6495010,سبد نظم دهنده طبقاتی پارمیس 3,24
361701002,جا اسکاجی دو قلوی سیب طوسی,,محصول نهایی,بسته,0,0,0.1875,0.1875,0,48,3617010,https://ashkanplastic.com/product/3617010/,,6190016,سبدرخت 10000 بامبو,6
361701009,جا اسکاجی دو قلوی سیب وانیلی,,محصول نهایی,بسته,0,0,0.020833,0.020833,0,48,3617010,https://ashkanplastic.com/product/3617010/,,2499140,ست جا ادویه چوبی گرد دلسا,18
419001010,جا تخم مرغی 15 خانه مزرعه الوان,,محصول نهایی,کارتن,0,0,362,70,292,18,4190010,https://ashkanplastic.com/product/4190010/,,2440010,ست جا ادویه دایانا,18
419001003,جا تخم مرغی 15 خانه مزرعه سفید,,محصول نهایی,کارتن,0,132,0,132,0,18,4190010,https://ashkanplastic.com/product/4190010/,,2899010,ست ظروف کریستال دلسا 3 عددی,8
419001008,جا تخم مرغی 15 خانه مزرعه شفاف,,محصول نهایی,کارتن,0,125,0,32,93,18,4190010,https://ashkanplastic.com/product/4190010/,,2279010,سرویس پارچ و لیوان گلرو,24
419001002,جا تخم مرغی 15 خانه مزرعه طوسی,,محصول نهایی,کارتن,0,190,0.055556,190.055556,0,18,4190010,https://ashkanplastic.com/product/4190010/,,2439111,سرویس جا ادویه گرد اپل تاپ 3 عددی,48
419001007,جا تخم مرغی 15 خانه مزرعه کرپ,,محصول نهایی,کارتن,0,0,0.444444,0.444444,0,18,4190010,https://ashkanplastic.com/product/4190010/,,2439510,سرویس جا ادویه مربع اپل تاپ (3عددی),48
419001017,جا تخم مرغی 15 خانه مزرعه موکا,,محصول نهایی,کارتن,0,52,0,52,0,18,4190010,https://ashkanplastic.com/product/4190010/,,2639510,سرویس جاحبوباتی گرد اپل تاپ(2عددی),36
379001010,جا صابونی آنالیا الوان,,محصول نهایی,بسته,0,114,116,160,70,96,3790010,https://ashkanplastic.com/product/3790010/,,2639110,سرویس جاحبوباتی گرد اپل تاپ(4عددی),18
379001004,جا صابونی آنالیا آبی,,محصول نهایی,بسته,0,0,0.010417,0.010417,0,96,3790010,https://ashkanplastic.com/product/3790010/,,2639520,سرویس جاحبوباتی مربع اپل تاپ(4عددی),18
371091010,جا صابونی سیب شفاف الوان,,محصول نهایی,بسته,0,205,437,460,182,72,3710910,https://ashkanplastic.com/product/3710910/,,1209710,سرویس چلو (4عددی) تک رنگ,6
371091007,جا صابونی سیب شفاف کرپ,,محصول نهایی,بسته,0,0,0.013889,0.013889,0,72,3710910,https://ashkanplastic.com/product/3710910/,,3199510,"سرویس فریزری 4 پارچه سانا مدل 802
",24
379001410,جا صابونی نگین دار الوان,,محصول نهایی,بسته,0,82,182,191,73,96,3790014,https://ashkanplastic.com/product/3790014/,,3169810,سرویس فریزری دورنگ روشا (4عددی),12
409001010,جا قاشقی آویز گشنیز الوان,,محصول نهایی,بسته,0,0,0.027778,0.027778,0,30,4090010,https://ashkanplastic.com/product/4090010/,,3169812,سرویس فریزری دورنگ روشا (5عددی),12
409001001,جا قاشقی آویز گشنیز صورتی,,محصول نهایی,بسته,0,59,0.055556,35.055556,24,30,4090010,https://ashkanplastic.com/product/4090010/,,3150010,سرویس فریزری شاندیز 1و2,24
409001002,جا قاشقی آویز گشنیز طوسی,,محصول نهایی,بسته,0,0,0.472223,0.472223,0,30,4090010,https://ashkanplastic.com/product/4090010/,,3159010,سرویس فریزری شاندیز 4 عددی,12
409001007,جا قاشقی آویز گشنیز کرپ,,محصول نهایی,بسته,0,15,0.083334,15.083334,0,30,4090010,https://ashkanplastic.com/product/4090010/,,3199410,"سرویس فریزری قفلی 3 پارچه سفری مدل 902
",24
409001009,جا قاشقی آویز گشنیز وانیلی,,محصول نهایی,بسته,0,0,0.027778,0.027778,0,30,4090010,https://ashkanplastic.com/product/4090010/,,3172410,سرویس فریزری گلرو مینی (2 عددی),60
401001010,جا قاشقی آویز لوکس سیب الوان,,محصول نهایی,بسته,0,0,0.233333,0.233333,0,30,4010010,https://ashkanplastic.com/product/4010010/,,3171410,سرویس فریزری گلرو نقلی (3 عددی),72
401001001,جا قاشقی آویز لوکس سیب صورتی,,محصول نهایی,بسته,0,25,0.166666,23.166666,2,30,4010010,https://ashkanplastic.com/product/4010010/,,3179410,سرویس فریزری مستطیل گلرو(3عددی),12
401001002,جا قاشقی آویز نیکا طوسی,,محصول نهایی,بسته,0,0,390,299,91,30,4010010,https://ashkanplastic.com/product/4010010/,,3179412,سرویس فریزری مستطیل گلرو(4عددی),12
401001007,جا قاشقی آویز نیکا کرپ,,محصول نهایی,بسته,0,1,195.066667,126.066667,70,30,4010010,https://ashkanplastic.com/product/4010010/,,8819010,سرویس قیف 3 عددی,60
401001017,جا قاشقی آویز نیکا موکا,,محصول نهایی,بسته,0,0,471,379,92,30,4010010,https://ashkanplastic.com/product/4010010/,,3469715,سرویس کاسه روشا 2 و 3,48
401001009,جا قاشقی آویز نیکا وانیلی,,محصول نهایی,بسته,0,0,105,33,72,30,4010010,https://ashkanplastic.com/product/4010010/,,8039010,سرویس لگن اپل تاپ (4عددی),6
408701010,جا قاشقی دو پارچه هما الوان,,محصول نهایی,بسته,0,28,1.083333,28.083333,1,24,4087010,https://ashkanplastic.com/product/4087010/,,7238010,سطل پدالی تک جداره اپل تاپ,6
401701002,جا قاشقی دو جداره سیب طوسی,,محصول نهایی,بسته,0,0,0.041667,0.041667,0,,4017010,https://ashkanplastic.com/product/4017010/,,7237010,سطل پدالی دوجداره اپل تاپ,6
401001201,جا قاشقی سه خانه سیب صورتی,,محصول نهایی,بسته,0,1,0.111111,0.111111,1,36,4010012,https://ashkanplastic.com/product/4010012/,,7300010,سطل شیر 12 لیتری دسته فلزی,12
401001202,جا قاشقی سه خانه سیب طوسی,,محصول نهایی,بسته,0,35,51,60,26,36,4010012,https://ashkanplastic.com/product/4010012/,,7300012,سطل شیر16 لیتری دسته فلزی,12
401001207,جا قاشقی سه خانه سیب کرپ,,محصول نهایی,بسته,0,1,85,20,66,36,4010012,https://ashkanplastic.com/product/4010012/,,7100918,سطل مدرج همه کاره (12 لیتری) شفاف,12
401001217,جا قاشقی سه خانه سیب موکا,,محصول نهایی,بسته,0,32,82,50,64,36,4010012,https://ashkanplastic.com/product/4010012/,,7100920,سطل مدرج همه کاره (16 لیتری) شفاف,6
401001209,جا قاشقی سه خانه سیب وانیلی,,محصول نهایی,بسته,0,33,58,26,65,36,4010012,https://ashkanplastic.com/product/4010012/,,7100910,سطل مدرج همه کاره (2 لیتری) شفاف,48
674001010,جا کاغذی دایانا الوان,,محصول نهایی,بسته,0,122,0,52,70,24,6740010,https://ashkanplastic.com/product/6740010/,,7100922,سطل مدرج همه کاره (20 لیتری) شفاف,6
674001001,جا کاغذی دایانا صورتی,,محصول نهایی,بسته,0,0,0.291667,0.291667,0,24,6740010,https://ashkanplastic.com/product/6740010/,,7100924,سطل مدرج همه کاره (25 لیتری) شفاف,6
429004010,جا کره ای چوبی دلسا,,محصول نهایی,کارتن,0,200,0,5,195,36,4290040,https://ashkanplastic.com/product/4290040/,,7100912,سطل مدرج همه کاره (3 لیتری) شفاف,48
429001010,جا کره ای هما الوان,,محصول نهایی,بسته,0,320,204.458334,434.458334,90,48,4290010,https://ashkanplastic.com/product/4290010/,,7100914,سطل مدرج همه کاره (5 لیتری) شفاف,12
429001001,جا کره ای هما صورتی,,محصول نهایی,بسته,0,0,0.291667,0.125,0.166667,48,4290010,https://ashkanplastic.com/product/4290010/,,7100916,سطل مدرج همه کاره (7 لیتری) شفاف,12
429001002,جا کره ای هما طوسی,,محصول نهایی,بسته,0,0,0.041667,0.041667,0,48,4290010,https://ashkanplastic.com/product/4290010/,,7100911,سطل مدرج همه کاره 1.5 لیتری شفاف,48
429001007,جا کره ای هما کرپ,,محصول نهایی,بسته,0,0,0.020833,0.020833,0,48,4290010,https://ashkanplastic.com/product/4290010/,,7100530,سطل مربع سه لیتری پلمپ,24
391001010,جا لوازم التحریر سیب الوان,,محصول نهایی,بسته,0,285,0,66,219,48,3910010,https://ashkanplastic.com/product/3910010/,,7100540,سطل مربع هشت لیتری پلمپ,12
391001001,جا لوازم التحریر سیب صورتی,,محصول نهایی,بسته,0,0,0.020833,0.020833,0,48,3910010,https://ashkanplastic.com/product/3910010/,,7025010,سطل نخل بزرگ اشکان,12
391001007,جا لوازم التحریر سیب کرپ,,محصول نهایی,بسته,0,0,0.083333,0.083333,0,48,3910010,https://ashkanplastic.com/product/3910010/,,9095910,سطل نخل بزرگ شفاف,12
359001020,جا مایع دلسا,,محصول نهایی,کارتن,0,0,580,387,193,24,3590010,https://ashkanplastic.com/product/3590010/,,7026010,سطل نخل سوپر اشکان,12
362001010,جااسکاجی دو قلوی اشکان الوان,,محصول نهایی,بسته,0,193,179,366,6,48,3620010,https://ashkanplastic.com/product/3620010/,,7096910,سطل نخل سوپر شفاف,12
362001001,جااسکاجی دو قلوی اشکان صورتی,,محصول نهایی,بسته,0,0,0.125,0.041667,0.083333,48,3620010,https://ashkanplastic.com/product/3620010/,,7660010,سینی روشا 2000,24
362001007,جااسکاجی دو قلوی اشکان کرپ,,محصول نهایی,بسته,0,0,0.0625,0,0.0625,48,3620010,https://ashkanplastic.com/product/3620010/,,7660012,سینی روشا 4000,18
362001009,جااسکاجی دو قلوی اشکان وانیلی,,محصول نهایی,بسته,0,0,0.0625,0,0.0625,48,3620010,https://ashkanplastic.com/product/3620010/,,7660014,سینی روشا 6000,12
329001108,جابرنجی 10 کیلوگرمی نیکا,,محصول نهایی,کارتن,0,369,734.166667,994.166667,109,6,3290011,https://ashkanplastic.com/product/3290011/,,7660016,سینی روشا 8000,12
329001008,جابرنجی 5 کیلوگرمی نیکا,,محصول نهایی,کارتن,0,106,768.916667,691.916667,183,12,3290010,https://ashkanplastic.com/product/3290010/,,8520010,شکرپاش اشکان,24
383091010,جاپودری اپل تاپ شفاف درب الوان,,محصول نهایی,بسته,0,128,372.027778,282.027778,218,36,3830910,https://ashkanplastic.com/product/3830910/,,8585010,شکرپاش بزرگ هما,36
382091010,جاپودری اشکان شفاف الوان,,محصول نهایی,بسته,0,158,0.041667,110.041667,48,24,3820910,https://ashkanplastic.com/product/3820910/,,8590010,شکرپاش سانا مدل 1102,48
269301120,جاحبوبات پارمیس1,,محصول نهایی,کارتن,0,0,291,247,44,48,2693011,https://ashkanplastic.com/product/2693011/,,8583010,شکرپاش کوچک هما,48
269401120,جاحبوبات پارمیس2,,محصول نهایی,کارتن,0,0,352,224,128,36,2694011,https://ashkanplastic.com/product/2694011/,,6510050,صافی سینک سیب 1,72
269501120,جاحبوبات پارمیس3,,محصول نهایی,کارتن,0,0,382,374,8,24,2695011,https://ashkanplastic.com/product/2695011/,,6510052,صافی سینک سیب 2,48
269501010,جاحبوباتی بزرگ نیکا درب الوان,,محصول نهایی,کارتن,0,545,70.111111,220.111111,395,18,2695010,https://ashkanplastic.com/product/2695010/,,6510054,صافی سینک سیب 3,48
269301010,جاحبوباتی کوچک نیکا درب الوان,,محصول نهایی,کارتن,0,235,173.138889,241.138889,167,36,2693010,https://ashkanplastic.com/product/2693010/,,4810010,صندلی حمام سیب,18
263011010,جاحبوباتی گرد اپل تاپ 2 دوعددی الوان,,محصول نهایی,بسته,0,0,0.083333,0.083333,0,24,2630110,https://ashkanplastic.com/product/2630110/,,3197310,ظرف فریزری تخت ماهان (2عددی),12
269401010,جاحبوباتی متوسط نیکا درب الوان,,محصول نهایی,کارتن,0,259,80.055556,168.055556,171,18,2694010,https://ashkanplastic.com/product/2694010/,,3197910,ظرف فریزری سایز 1 ماهان (2عددی),48
269554008,جاحبوباتی مربع درب چوبی دلسا بزرگ,,محصول نهایی,کارتن,0,1,0.111111,0.111111,1,,2695540,https://ashkanplastic.com/product/2695540/,,3197920,ظرف فریزری سایز 2 ماهان (2عددی),36
499801010,جارو دستی تکی الوان نپتون,-,محصول نهایی,بسته,0,73,416.020833,488.395833,0.625,48,4998010,https://ashkanplastic.com/product/4998010/,,3197930,ظرف فریزری سایز 3 ماهان (2عددی),24
499801902,جارو دستی تکی نپتون طوسی,,محصول نهایی,بسته,0,0,0.016667,0.016667,0,,4998019,https://ashkanplastic.com/product/4998019/,,3197940,ظرف فریزری سایز 4 ماهان (2عددی),12
499701001,جارو دستی دو قلو نپتون صورتی,,محصول نهایی,بسته,0,0,0.016667,0.016667,0,,4997010,https://ashkanplastic.com/product/4997010/,,3150011,ظرف فریزری شاندیز 3,24
499701002,جارو دستی دو قلو نپتون طوسی,,محصول نهایی,بسته,0,0,0.016667,0.016667,0,,4997010,https://ashkanplastic.com/product/4997010/,,3158310,ظرف فریزری شاندیز تخت,24
499701110,جارو دستی دوقلو  الوان نپتون,,محصول نهایی,بسته,0,37,985.027778,1022.027778,0,36,4997011,https://ashkanplastic.com/product/4997011/,,4649010,فایل کوچک دلسا 503,6
403001010,جاقاشقی اپل تاپ الوان,,محصول نهایی,بسته,0,39,299,169,169,24,4030010,https://ashkanplastic.com/product/4030010/,,3100430,فریزری دلسا با سبد 1/5 لیتری,24
409003010,جاقاشقی چند منظوره نیکا الوان,,محصول نهایی,کارتن,0,0,568,362,206,36,4090030,https://ashkanplastic.com/product/4090030/,,3167810,فریزری دو رنگ روشا 1(2عددی),36
409003002,جاقاشقی چند منظوره نیکا طوسی,,محصول نهایی,کارتن,0,158,0,158,0,36,4090030,https://ashkanplastic.com/product/4090030/,,3157012,فریزری شاندیز ۱دو عددی,48
409003007,جاقاشقی چند منظوره نیکا کرپ,,محصول نهایی,کارتن,0,4,0,4,0,36,4090030,https://ashkanplastic.com/product/4090030/,,3170411,فریزری مستطیل گلرو 1(2عددی),36
409003009,جاقاشقی چند منظوره نیکا وانیلی,,محصول نهایی,کارتن,0,47,0,47,0,36,4090030,https://ashkanplastic.com/product/4090030/,,3170414,فریزری مستطیل گلرو 3,24
409081010,جاقاشقی دو رنگ حصیر بافت الوان,,محصول نهایی,کارتن,0,0,960,813,147,18,4090810,https://ashkanplastic.com/product/4090810/,,3100420,فریزری همه کاره دلسا مدل 203 1.5 لیتری درب دار,36
409081003,جاقاشقی دو رنگ حصیر بافت سفید,,محصول نهایی,کارتن,0,156,0,103,53,18,4090810,https://ashkanplastic.com/product/4090810/,,8480010,قندان هما,36
409081002,جاقاشقی دو رنگ حصیر بافت طوسی,,محصول نهایی,کارتن,0,0,102.444444,102.444444,0,18,4090810,https://ashkanplastic.com/product/4090810/,,8810011,قیف سیب 10,96
409081017,جاقاشقی دو رنگ حصیر بافت موکا,,محصول نهایی,کارتن,0,0,66,66,0,18,4090810,https://ashkanplastic.com/product/4090810/,,8810013,قیف سیب 12,96
409081009,جاقاشقی دو رنگ حصیر بافت وانیلی,,محصول نهایی,کارتن,0,55,55,110,0,18,4090810,https://ashkanplastic.com/product/4090810/,,8810015,قیف سیب 18,96
409002010,جاقاشقی کابینتی پارمیس الوان,,محصول نهایی,کارتن,0,0,419,258,161,8,4090020,https://ashkanplastic.com/product/4090020/,,8810016,قیف سیب 20,72
409002002,جاقاشقی کابینتی پارمیس طوسی,,محصول نهایی,کارتن,0,31,61.125,92.125,0,8,4090020,https://ashkanplastic.com/product/4090020/,,8810018,قیف سیب 24,72
409002007,جاقاشقی کابینتی پارمیس کرپ,,محصول نهایی,کارتن,0,1,0,0,1,8,4090020,https://ashkanplastic.com/product/4090020/,,3460711,کاسه تک رنگ روشا 1,72
409002017,جاقاشقی کابینتی پارمیس موکا,,محصول نهایی,کارتن,0,64,45.25,109.25,0,8,4090020,https://ashkanplastic.com/product/4090020/,,‎3460713,کاسه تک رنگ روشا 2,48
409002009,جاقاشقی کابینتی پارمیس وانیلی,,محصول نهایی,کارتن,0,92,1.125,91.125,2,8,4090020,https://ashkanplastic.com/product/4090020/,,3460715,کاسه تک رنگ روشا 3,48
402001010,جاقاشقی مدرن اشکان الوان,,محصول نهایی,بسته,0,0,0.041667,0.041667,0,,4020010,https://ashkanplastic.com/product/4020010/,,3460910,کاسه دو رنگ روشا 1 (شفاف),72
439891008,جانانی آس 1,,محصول نهایی,کارتن,0,322,854.25,822.25,354,12,4398910,https://ashkanplastic.com/product/4398910/,,3460912,کاسه دو رنگ روشا 2 (شفاف),48
439891108,جانانی آس 2,,محصول نهایی,کارتن,0,273,862.833334,879.833334,256,12,4398911,https://ashkanplastic.com/product/4398911/,,3460914,کاسه دو رنگ روشا 3 (شفاف),48
439891208,جانانی آس 3,,محصول نهایی,کارتن,0,143,970.166667,752.666667,360.5,6,4398912,https://ashkanplastic.com/product/4398912/,,3410010,کاسه سیب کریستال,72
212001010,جایخی الوان درب شفاف اشکان,,محصول نهایی,کارتن,0,172,703,707,168,48,2120010,https://ashkanplastic.com/product/2120010/,,5570010,گلدان گلرو 1 (14*15) با زیرگلدانی,24
219001010,جایخی برفک پک 2 عددی الوان,,محصول نهایی,کارتن,0,85,719,608,196,24,2190010,https://ashkanplastic.com/product/2190010/,,5570028,گلدان گلرو 10 با زیرگلدانی,6
442001010,جعبه ابزار همه کاره اشکان الوان,,محصول نهایی,بسته,0,108,680.833333,484.833333,304,12,4420010,https://ashkanplastic.com/product/4420010/,,5570012,گلدان گلرو 2 (16*18) با زیرگلدانی,24
442001008,جعبه ابزار همه کاره اشکان شفاف,,محصول نهایی,بسته,0,0,0.333333,0.333333,0,12,4420010,https://ashkanplastic.com/product/4420010/,,5570014,گلدان گلرو 3 (19*21) با زیرگلدانی,24
442001002,جعبه ابزار همه کاره اشکان طوسی,,محصول نهایی,بسته,0,0,0.499999,0.499999,0,12,4420010,https://ashkanplastic.com/product/4420010/,,5570016,گلدان گلرو 4 (23*25) با زیرگلدانی,12
454003010,جعبه نظم دهنده سه پارچه دایانا الوان,اشکان,محصول نهایی,کارتن,0,101,0,38,63,24,4540030,https://ashkanplastic.com/product/4540030/,,5570018,گلدان گلرو 5 (26*30) با زیرگلدانی,12
454001001,جعبه همه کاره دایانا بدون درب 1 صورتی,,محصول نهایی,بسته,0,64,0.305556,28.305556,36,36,4540010,https://ashkanplastic.com/product/4540010/,,5570020,گلدان گلرو 6 (31*35) با زیرگلدانی,12
454001002,جعبه همه کاره دایانا بدون درب 1 طوسی,,محصول نهایی,بسته,0,23,166.055556,117.055556,72,36,4540010,https://ashkanplastic.com/product/4540010/,,5570022,گلدان گلرو 7 (36*41) با زیرگلدانی,6
454001007,جعبه همه کاره دایانا بدون درب 1 کرپ,,محصول نهایی,بسته,0,0,65.166667,14.166667,51,36,4540010,https://ashkanplastic.com/product/4540010/,,5570024,گلدان گلرو 8 (41*49) با زیرگلدانی,6
454001017,جعبه همه کاره دایانا بدون درب 1 موکا,,محصول نهایی,بسته,0,4,133.027778,93.027778,44,36,4540010,https://ashkanplastic.com/product/4540010/,,5570026,گلدان گلرو 9 (47*59) با زیرگلدانی,6
454001009,جعبه همه کاره دایانا بدون درب 1 وانیلی,,محصول نهایی,بسته,0,102,0,56,46,36,4540010,https://ashkanplastic.com/product/4540010/,,5570013,گلدان گلرو مینی با زیرگلدانی,60
454001201,جعبه همه کاره دایانا بدون درب 2 صورتی,,محصول نهایی,بسته,0,23,0.041667,18.041667,5,24,4540012,https://ashkanplastic.com/product/4540012/,,5570011,گلدان گلرو نقلی با زیرگلدانی,96
454001202,جعبه همه کاره دایانا بدون درب 2 طوسی,,محصول نهایی,بسته,0,14,208.458333,155.458333,67,24,4540012,https://ashkanplastic.com/product/4540012/,,8990010,گیره آویز صدف,72
454001207,جعبه همه کاره دایانا بدون درب 2 کرپ,,محصول نهایی,بسته,0,5,81.541667,24.541667,62,24,4540012,https://ashkanplastic.com/product/4540012/,,8090024,لگن 10000 زیبا,12
454001217,جعبه همه کاره دایانا بدون درب 2 موکا,,محصول نهایی,بسته,0,95,135.083334,152.083334,78,24,4540012,https://ashkanplastic.com/product/4540012/,,8090022,لگن 12000 زیبا,12
454001209,جعبه همه کاره دایانا بدون درب 2 وانیلی,,محصول نهایی,بسته,0,30,56.250001,41.250001,45,24,4540012,https://ashkanplastic.com/product/4540012/,,8090032,لگن 2000 زیبا,36
454001401,جعبه همه کاره دایانا بدون درب 3 صورتی,,محصول نهایی,بسته,0,32,0.125,18.125,14,24,4540014,https://ashkanplastic.com/product/4540014/,,8090030,لگن 4000 زیبا,36
454001402,جعبه همه کاره دایانا بدون درب 3 طوسی,,محصول نهایی,بسته,0,0,189.541667,101.541667,88,24,4540014,https://ashkanplastic.com/product/4540014/,,8090028,لگن 6000 زیبا,24
454001407,جعبه همه کاره دایانا بدون درب 3 کرپ,,محصول نهایی,بسته,0,0,81.833334,7.833334,74,24,4540014,https://ashkanplastic.com/product/4540014/,,8090026,لگن 8000 زیبا,24
454001417,جعبه همه کاره دایانا بدون درب 3 موکا,,محصول نهایی,بسته,0,50,177.041667,149.041667,78,24,4540014,https://ashkanplastic.com/product/4540014/,,8030012,لگن اپل تاپ 2000,72
454001409,جعبه همه کاره دایانا بدون درب 3 وانیلی,,محصول نهایی,بسته,0,27,79.458333,48.458333,58,24,4540014,https://ashkanplastic.com/product/4540014/,,8030014,لگن اپل تاپ 4000,48
454001610,جعبه همه کاره دایانا بدون درب 4 الوان,,محصول نهایی,بسته,0,0,151,121,30,12,4540016,https://ashkanplastic.com/product/4540016/,,8030016,لگن اپل تاپ 6000,36
454001601,جعبه همه کاره دایانا بدون درب 4 صورتی,,محصول نهایی,بسته,0,18,0,4,14,12,4540016,https://ashkanplastic.com/product/4540016/,,8030018,لگن اپل تاپ 8000,24
454001602,جعبه همه کاره دایانا بدون درب 4 طوسی,,محصول نهایی,بسته,0,0,0.5,0.5,0,12,4540016,https://ashkanplastic.com/product/4540016/,,8090010,لگن نیما 1,36
454001607,جعبه همه کاره دایانا بدون درب 4 کرپ,,محصول نهایی,بسته,0,20,0,20,0,12,4540016,https://ashkanplastic.com/product/4540016/,,8090012,لگن نیما 2,36
454001617,جعبه همه کاره دایانا بدون درب 4 موکا,,محصول نهایی,کارتن,0,30,0.166666,30.166666,0,12,4540016,https://ashkanplastic.com/product/4540016/,,8090014,لگن نیما 3,24
454001609,جعبه همه کاره دایانا بدون درب 4 وانیلی,,محصول نهایی,بسته,0,51,0,23,28,12,4540016,https://ashkanplastic.com/product/4540016/,,8090016,لگن نیما 4,24
444001001,جعبه همه کاره دایانا درب دار 1 صورتی,,محصول نهایی,بسته,0,32,0,1,31,48,4440010,https://ashkanplastic.com/product/4440010/,,8090018,لگن نیما 5,12
444001002,جعبه همه کاره دایانا درب دار 1 طوسی,,محصول نهایی,بسته,0,63,0,40,23,48,4440010,https://ashkanplastic.com/product/4440010/,,8090020,لگن نیما 6,12
444001007,جعبه همه کاره دایانا درب دار 1 کرپ,,محصول نهایی,بسته,0,34,0,8,26,48,4440010,https://ashkanplastic.com/product/4440010/,,8092010,لگن نیما مینی,48
444001017,جعبه همه کاره دایانا درب دار 1 موکا,,محصول نهایی,بسته,0,57,0.020833,28.020833,29,48,4440010,https://ashkanplastic.com/product/4440010/,,2390810,لیوان 2رنگ توپی,96
444001009,جعبه همه کاره دایانا درب دار 1 وانیلی,,محصول نهایی,بسته,0,38,0,20,18,48,4440010,https://ashkanplastic.com/product/4440010/,,2310810,لیوان 2رنگ سیب,96
444001201,جعبه همه کاره دایانا درب دار 2 صورتی,,محصول نهایی,کارتن,0,16,0.666667,7.666667,9,18,4440012,https://ashkanplastic.com/product/4440012/,,2390812,لیوان 2رنگ گلبرگ اشکان,96
444001202,جعبه همه کاره دایانا درب دار 2 طوسی,,محصول نهایی,کارتن,0,14,60,40,34,18,4440012,https://ashkanplastic.com/product/4440012/,,2390010,لیوان الماس,96
444001207,جعبه همه کاره دایانا درب دار 2 کرپ,,محصول نهایی,کارتن,0,36,0.055556,11.055556,25,18,4440012,https://ashkanplastic.com/product/4440012/,,2395010,لیوان بهنوش عکس دار بزرگ,108
444001217,جعبه همه کاره دایانا درب دار 2 موکا,,محصول نهایی,کارتن,0,79,0,29,50,18,4440012,https://ashkanplastic.com/product/4440012/,,2393010,لیوان بهنوش عکس دار کوچک,192
444001209,جعبه همه کاره دایانا درب دار 2 وانیلی,,محصول نهایی,کارتن,0,44,20.055556,16.055556,48,18,4440012,https://ashkanplastic.com/product/4440012/,,2390610,لیوان دسته دار گلبرگ,96
444001401,جعبه همه کاره دایانا درب دار 3 صورتی,,محصول نهایی,کارتن,0,21,0,9,12,18,4440014,https://ashkanplastic.com/product/4440014/,,2387610,لیوان کودک هما,192
444001402,جعبه همه کاره دایانا درب دار 3 طوسی,,محصول نهایی,کارتن,0,61,0,20,41,18,4440014,https://ashkanplastic.com/product/4440014/,,2390020,لیوان موج مدل 103 شفاف,48
444001407,جعبه همه کاره دایانا درب دار 3 کرپ,,محصول نهایی,کارتن,0,36,0,8,28,18,4440014,https://ashkanplastic.com/product/4440014/,,2390050,لیوان نی دار بهنوش بزرگ,48
444001417,جعبه همه کاره دایانا درب دار 3 موکا,,محصول نهایی,کارتن,0,63,0,26,37,18,4440014,https://ashkanplastic.com/product/4440014/,,2394050,لیوان نی دار بهنوش متوسط,48
444001409,جعبه همه کاره دایانا درب دار 3 وانیلی,,محصول نهایی,کارتن,0,46,0,9,37,18,4440014,https://ashkanplastic.com/product/4440014/,,4720010,مگس کش اشکان,192
444001802,جعبه همه کاره دایانا درب دار 4 طوسی,,محصول نهایی,کارتن,0,21,60,24,57,12,4440018,https://ashkanplastic.com/product/4440018/,,4710010,مگس کش سیب,192
444001807,جعبه همه کاره دایانا درب دار 4 کرپ,,محصول نهایی,کارتن,0,49,60,6,103,12,4440018,https://ashkanplastic.com/product/4440018/,,4540020,نظم دهنده دایانا,24
444001817,جعبه همه کاره دایانا درب دار 4 موکا,,محصول نهایی,کارتن,0,23,0,23,0,12,4440018,https://ashkanplastic.com/product/4440018/,,8620010,نمکپاش چند منظوره اشکان,192
444001809,جعبه همه کاره دایانا درب دار 4 وانیلی,,محصول نهایی,کارتن,0,38,0,9,29,12,4440018,https://ashkanplastic.com/product/4440018/,,8690010,نمکدان الماس,384
454201610,جعبه همه کاره دایانا مینی بدون درب الوان,,محصول نهایی,بسته,0,42,200,143,99,24,4542016,https://ashkanplastic.com/product/4542016/,,8680010,نمکدان هما,180
454201602,جعبه همه کاره دایانا مینی بدون درب طوسی,,محصول نهایی,بسته,0,0,0.083334,0.083334,0,24,4542016,https://ashkanplastic.com/product/4542016/,,8210210,وان بیضی 55 سیب,12
444201010,جعبه همه کاره دایانا مینی درب دار الوان,,محصول نهایی,بسته,0,25,90,72,43,18,4442010,https://ashkanplastic.com/product/4442010/,,8210212,وان بیضی 65 سیب,6
454101010,جعبه همه کاره دایانا نقلی بدون درب الوان,,محصول نهایی,بسته,0,61,70,76,55,60,4541010,https://ashkanplastic.com/product/4541010/,,8210214,وان بیضی 85 سیب,6
454101001,جعبه همه کاره دایانا نقلی بدون درب صورتی,,محصول نهایی,بسته,0,0,0.166667,0.166667,0,60,4541010,https://ashkanplastic.com/product/4541010/,,8210116,وان بیضی 90 سیب,6
454101007,جعبه همه کاره دایانا نقلی بدون درب کرپ,,محصول نهایی,بسته,0,0,0.016667,0.016667,0,60,4541010,https://ashkanplastic.com/product/4541010/,,8210218,وان بیضی 95 سیب,6
444101010,جعبه همه کاره دایانا نقلی درب دار الوان,,محصول نهایی,بسته,0,95,40,52,83,48,4441010,https://ashkanplastic.com/product/4441010/,,8230110,وان گرد 2 دسته اپل تاپ 1,12
391001110,چند منظوره دیواری سیب الوان,,محصول نهایی,بسته,0,0,350.972222,192.972222,158,72,3910011,https://ashkanplastic.com/product/3910011/,,8230112,وان گرد 2 دسته اپل تاپ 2,12
480001001,چهار پایه 25 سانتی صورتی,,محصول نهایی,بسته,0,10,0.083333,10,0.083333,12,4800010,https://ashkanplastic.com/product/4800010/,,8230114,وان گرد 2 دسته اپل تاپ 3,6
480001002,چهار پایه 25 سانتی طوسی,,محصول نهایی,بسته,0,2,0.25,2.25,0,12,4800010,https://ashkanplastic.com/product/4800010/,,8295110,وان گرد 2 دسته بزرگ,12
480001009,چهار پایه 25 سانتی وانیلی,,محصول نهایی,بسته,0,17,0,17,0,12,4800010,https://ashkanplastic.com/product/4800010/,,8290110,وان گرد 4 دسته,6
480001202,چهار پایه 36 سانتی طوسی,,محصول نهایی,بسته,0,2,0,0,2,6,4800012,https://ashkanplastic.com/product/4800012/,,8230120,وان گرد 4 دسته اپل تاپ 4,6
480001402,چهار پایه 50 سانتی طوسی,,محصول نهایی,بسته,0,26,0,26,0,6,4800014,https://ashkanplastic.com/product/4800014/,,8230122,وان گرد 4 دسته اپل تاپ 5,4
480001407,چهار پایه 50 سانتی کرپ,,محصول نهایی,بسته,0,5,0,5,0,6,4800014,https://ashkanplastic.com/product/4800014/,,8296110,وان گرد 4 دسته سوپر,6
480001417,چهار پایه 50 سانتی موکا,,محصول نهایی,بسته,0,15,0,15,0,6,4800014,https://ashkanplastic.com/product/4800014/,,8293110,وان گرد 4 دسته مینی سوپر,6
480001409,چهار پایه 50 سانتی وانیلی,,محصول نهایی,بسته,0,42,0,42,0,6,4800014,https://ashkanplastic.com/product/4800014/,,8230410,وان مستطیل اپل تاپ 1,12
480001601,چهار پایه 70 سانتی صورتی,,محصول نهایی,بسته,0,57,0.333333,36.333333,21,6,4800016,https://ashkanplastic.com/product/4800016/,,4090030,جاقاشقی چند منظوره نیکا,36
480001602,چهار پایه 70 سانتی طوسی,,محصول نهایی,بسته,0,0,0.166667,0.166667,0,6,4800016,https://ashkanplastic.com/product/4800016/,,4190010,جا تخم مرغی 15 خانه,18
480001607,چهار پایه 70 سانتی کرپ,,محصول نهایی,بسته,0,50,0,34,16,6,4800016,https://ashkanplastic.com/product/4800016/,,2693010,جاحبوباتی کوچک نیکا,36
480001617,چهار پایه 70 سانتی موکا,,محصول نهایی,بسته,0,20,0,20,0,6,4800016,https://ashkanplastic.com/product/4800016/,,2694010,جاحبوباتی متوسط نیکا,18
480001609,چهار پایه 70 سانتی وانیلی,,محصول نهایی,بسته,0,19,0.166667,19.166667,0,6,4800016,https://ashkanplastic.com/product/4800016/,,2695010,جاحبوباتی بزرگ نیکا,18
502501001,خاک انداز بزرگ اشکان صورتی,,محصول نهایی,بسته,0,0,0.125,0.125,0,48,5025010,https://ashkanplastic.com/product/5025010/,,3290010,جابرنجی 5 کیلوئی نیکا,12
502501002,خاک انداز بزرگ اشکان طوسی,,محصول نهایی,بسته,0,42,342,327,57,48,5025010,https://ashkanplastic.com/product/5025010/,,3290011,جابرنجی 10 کیلوئی نیکا,6
502501007,خاک انداز بزرگ اشکان کرپ,,محصول نهایی,بسته,0,0,115,77,38,48,5025010,https://ashkanplastic.com/product/5025010/,,4090810,جاقاشقی دورنگ حصیرباف,18
502501011,خاک انداز بزرگ اشکان کرم,,محصول نهایی,بسته,0,11,0,5,6,48,5025010,https://ashkanplastic.com/product/5025010/,,4090020,جاقاشقی کابینتی پارمیس,8
502501017,خاک انداز بزرگ اشکان موکا,,محصول نهایی,بسته,0,38,319,296,61,48,5025010,https://ashkanplastic.com/product/5025010/,,2899012,ست 2 عددی ظروف کریستال دلسا باسبد,8
502501009,خاک انداز بزرگ اشکان وانیلی,,محصول نهایی,بسته,0,81,84,105,60,48,5025010,https://ashkanplastic.com/product/5025010/,,6490011,سبد نان آوا,60
509501000,خاک انداز بزرگ راگا,,محصول نهایی,بسته,0,85,163,141,107,48,5095010,https://ashkanplastic.com/product/5095010/,,6390011,سبد سبزی آوا,72
502601002,خاک انداز سوپر اشکان طوسی,,محصول نهایی,بسته,0,0,73,73,0,24,5026010,https://ashkanplastic.com/product/5026010/,,6493010,سبد نظم دهنده آوا کوچک,24
502601007,خاک انداز سوپر اشکان کرپ,,محصول نهایی,بسته,0,0,85,0,85,24,5026010,https://ashkanplastic.com/product/5026010/,,6495011,سبد نظم دهنده آوا بزرگ,24
502601017,خاک انداز سوپر اشکان موکا,,محصول نهایی,بسته,0,0,70,41,29,24,5026010,https://ashkanplastic.com/product/5026010/,,2360810,لیوان دورنگ روشا,120
502601009,خاک انداز سوپر اشکان وانیلی,,محصول نهایی,بسته,0,0,79,79,0,24,5026010,https://ashkanplastic.com/product/5026010/,,4498610,باکس گوزل 10 لیتری,18
501001101,خاک انداز سیب صورتی,,محصول نهایی,بسته,0,52,0,13,39,48,5010011,https://ashkanplastic.com/product/5010011/,,4498013,باکس آوا سایز 3,18
501001102,خاک انداز سیب طوسی,,محصول نهایی,بسته,0,30,125,104,51,48,5010011,https://ashkanplastic.com/product/5010011/,,4498012,باکس آوا سایز 2 ,36
501001107,خاک انداز سیب کرپ,,محصول نهایی,بسته,0,19,60,37,42,48,5010011,https://ashkanplastic.com/product/5010011/,,4498311,باکس آوا سایز 1 تخت,24
501001117,خاک انداز سیب موکا,,محصول نهایی,بسته,0,18,134,94,58,48,5010011,https://ashkanplastic.com/product/5010011/,,5095010,خاک انداز بزرگ راگا,48
501001109,خاک انداز سیب وانیلی,,محصول نهایی,بسته,0,58,21,32,47,48,5010011,https://ashkanplastic.com/product/5010011/,,5193010,زنبیل G62,12
502301001,خاک انداز کوچک اشکان صورتی,,محصول نهایی,بسته,0,3,0.033334,2.033334,1,60,5023010,https://ashkanplastic.com/product/5023010/,,5194010,زنبیل G63,6
502301002,خاک انداز کوچک اشکان طوسی,,محصول نهایی,بسته,0,24,229,198,55,60,5023010,https://ashkanplastic.com/product/5023010/,,2295011,پارچ بزرگ دلسا,12
502301007,خاک انداز کوچک اشکان کرپ,,محصول نهایی,بسته,0,0,106,54,52,60,5023010,https://ashkanplastic.com/product/5023010/,,2293011,پارچ کوچک دلسا,24
502301011,خاک انداز کوچک اشکان کرم,,محصول نهایی,بسته,0,32,0,0,32,60,5023010,https://ashkanplastic.com/product/5023010/,,2493010,ادویه پاش پارمیس 1,144
502301017,خاک انداز کوچک اشکان موکا,,محصول نهایی,بسته,0,3,224,176,51,60,5023010,https://ashkanplastic.com/product/5023010/,,2494010,ادویه پاش پارمیس 2,-
502301009,خاک انداز کوچک اشکان وانیلی,,محصول نهایی,بسته,0,57,74,75,56,60,5023010,https://ashkanplastic.com/product/5023010/,,2495010,ادویه پاش پارمیس 3,60
743001101,درب سطل زباله 25 لیتری صورتی,,محصول نهایی,بسته,0,1,0,0,1,,7430011,https://ashkanplastic.com/product/7430011/,,2693011,جا حبوبات پارمیس 1,48
743001301,درب سطل زباله 45 لیتری صورتی,,محصول نهایی,بسته,0,4,0,0,4,,7430013,https://ashkanplastic.com/product/7430013/,,2694011,جا حبوبات پارمیس 2,36
743001307,درب سطل زباله 45 لیتری کرپ,,محصول نهایی,بسته,0,3,0,0,3,,7430013,https://ashkanplastic.com/product/7430013/,,2695011,جا حبوبات پارمیس 3,24
702501103,درب سطل نخل سفید,,محصول نهایی,بسته,0,126,0,0,126,12,7025011,https://ashkanplastic.com/product/7025011/,,3590010,جامایع دلسا,24
709501108,درب سطل نخل شفاف شفاف,,محصول نهایی,بسته,0,22,0,0,22,12,7095011,https://ashkanplastic.com/product/7095011/,,7020012,سطل کابینتی اشکان,16
702501101,درب سطل نخل صورتی,,محصول نهایی,بسته,0,247,0,5,242,12,7025011,https://ashkanplastic.com/product/7025011/,,7100535,سطل مربع پنج لیتری پلمپ,12
702501102,درب سطل نخل طوسی,,محصول نهایی,بسته,0,23,0,13,10,12,7025011,https://ashkanplastic.com/product/7025011/,,5026010,خاک انداز سوپر اشکان,24
702501106,درب سطل نخل قرمز,,محصول نهایی,بسته,0,162,0,2,160,12,7025011,https://ashkanplastic.com/product/7025011/,,,جعبه دابانا,
702501111,درب سطل نخل کرم,,محصول نهایی,بسته,0,127,0,2,125,12,7025011,https://ashkanplastic.com/product/7025011/,,,,
519401002,زنبیل بزرگ G63 طوسی,,محصول نهایی,بسته,0,0,527.666667,405.666667,122,6,5194010,https://ashkanplastic.com/product/5194010/,,,,
519401007,زنبیل بزرگ G63 کرپ,,محصول نهایی,بسته,0,0,151,95,56,6,5194010,https://ashkanplastic.com/product/5194010/,,,,
519401017,زنبیل بزرگ G63 موکا,,محصول نهایی,بسته,0,0,450,428,22,6,5194010,https://ashkanplastic.com/product/5194010/,,,,
519401009,زنبیل بزرگ G63 وانیلی,,محصول نهایی,بسته,0,0,244,177,67,6,5194010,https://ashkanplastic.com/product/5194010/,,,,
521001001,زنبیل سیب S300 صورتی,,محصول نهایی,بسته,0,32,0.416666,1.416666,31,12,5210010,https://ashkanplastic.com/product/5210010/,,,,
521001002,زنبیل سیب S300 طوسی,,محصول نهایی,بسته,0,104,0.166666,57.166666,47,12,5210010,https://ashkanplastic.com/product/5210010/,,,,
521001007,زنبیل سیب S300 کرپ,,محصول نهایی,بسته,0,3,50.333333,4.333333,49,12,5210010,https://ashkanplastic.com/product/5210010/,,,,
521001017,زنبیل سیب S300 موکا,,محصول نهایی,بسته,0,84,16,54,46,12,5210010,https://ashkanplastic.com/product/5210010/,,,,
521001009,زنبیل سیب S300 وانیلی,,محصول نهایی,بسته,0,99,0.333333,23.333333,76,12,5210010,https://ashkanplastic.com/product/5210010/,,,,
521001201,زنبیل سیب S400 صورتی,,محصول نهایی,بسته,0,18,2.416666,4.416666,16,12,5210012,https://ashkanplastic.com/product/5210012/,,,,
521001202,زنبیل سیب S400 طوسی,,محصول نهایی,بسته,0,36,78.833332,53.833332,61,12,5210012,https://ashkanplastic.com/product/5210012/,,,,
521001207,زنبیل سیب S400 کرپ,,محصول نهایی,بسته,0,42,16,12,46,12,5210012,https://ashkanplastic.com/product/5210012/,,,,
521001217,زنبیل سیب S400 موکا,,محصول نهایی,بسته,0,0,103,38,65,12,5210012,https://ashkanplastic.com/product/5210012/,,,,
521001209,زنبیل سیب S400 وانیلی,,محصول نهایی,بسته,0,64,15.333333,35.333333,44,12,5210012,https://ashkanplastic.com/product/5210012/,,,,
521001401,زنبیل سیب S500 صورتی,,محصول نهایی,بسته,0,0,1.583333,1.583333,0,12,5210014,https://ashkanplastic.com/product/5210014/,,,,
521001402,زنبیل سیب S500 طوسی,,محصول نهایی,بسته,0,49,239.333333,183,105.333333,12,5210014,https://ashkanplastic.com/product/5210014/,,,,
521001407,زنبیل سیب S500 کرپ,,محصول نهایی,بسته,0,0,121.666667,28.666667,93,12,5210014,https://ashkanplastic.com/product/5210014/,,,,
521001417,زنبیل سیب S500 موکا,,محصول نهایی,بسته,0,3,265,158,110,12,5210014,https://ashkanplastic.com/product/5210014/,,,,
521001409,زنبیل سیب S500 وانیلی,,محصول نهایی,بسته,0,80,117,101,96,12,5210014,https://ashkanplastic.com/product/5210014/,,,,
521001601,زنبیل سیب S600 صورتی,,محصول نهایی,بسته,0,43,0.583332,8.583332,35,12,5210016,https://ashkanplastic.com/product/5210016/,,,,
521001602,زنبیل سیب S600 طوسی,,محصول نهایی,بسته,0,81,98.333333,123.25,56.083333,12,5210016,https://ashkanplastic.com/product/5210016/,,,,
521001607,زنبیل سیب S600 کرپ,,محصول نهایی,بسته,0,25,68.583333,26.583333,67,12,5210016,https://ashkanplastic.com/product/5210016/,,,,
521001617,زنبیل سیب S600 موکا,,محصول نهایی,بسته,0,60,109,124,45,12,5210016,https://ashkanplastic.com/product/5210016/,,,,
521001609,زنبیل سیب S600 وانیلی,,محصول نهایی,بسته,0,97,0,45,52,12,5210016,https://ashkanplastic.com/product/5210016/,,,,
521001801,زنبیل سیب S700 صورتی,,محصول نهایی,بسته,0,0,1.333333,1.333333,0,6,5210018,https://ashkanplastic.com/product/5210018/,,,,
521001802,زنبیل سیب S700 طوسی,,محصول نهایی,بسته,0,62,182.833334,191.833334,53,6,5210018,https://ashkanplastic.com/product/5210018/,,,,
521001807,زنبیل سیب S700 کرپ,,محصول نهایی,بسته,0,54,71,62,63,6,5210018,https://ashkanplastic.com/product/5210018/,,,,
521001817,زنبیل سیب S700 موکا,,محصول نهایی,بسته,0,33,189,167,55,6,5210018,https://ashkanplastic.com/product/5210018/,,,,
521001809,زنبیل سیب S700 وانیلی,,محصول نهایی,بسته,0,52,61,68,45,6,5210018,https://ashkanplastic.com/product/5210018/,,,,
521002001,زنبیل سیب و ستاره صورتی,,محصول نهایی,بسته,0,64,0,4,60,12,5210020,https://ashkanplastic.com/product/5210020/,,,,
521002002,زنبیل سیب و ستاره طوسی,,محصول نهایی,بسته,0,12,49.083333,16,45.083333,12,5210020,https://ashkanplastic.com/product/5210020/,,,,
521002007,زنبیل سیب و ستاره کرپ,,محصول نهایی,بسته,0,94,0,12,82,12,5210020,https://ashkanplastic.com/product/5210020/,,,,
521002201,زنبیل سیب و ستاره کودک صورتی,,محصول نهایی,بسته,0,16,0,4,12,24,5210022,https://ashkanplastic.com/product/5210022/,,,,
521002202,زنبیل سیب و ستاره کودک طوسی,,محصول نهایی,بسته,0,61,55,44,72,24,5210022,https://ashkanplastic.com/product/5210022/,,,,
521002207,زنبیل سیب و ستاره کودک کرپ,,محصول نهایی,بسته,0,42,0,16,26,24,5210022,https://ashkanplastic.com/product/5210022/,,,,
521002217,زنبیل سیب و ستاره کودک موکا,,محصول نهایی,بسته,0,39,57,25,71,24,5210022,https://ashkanplastic.com/product/5210022/,,,,
521002209,زنبیل سیب و ستاره کودک وانیلی,,محصول نهایی,بسته,0,52,0,12,40,24,5210022,https://ashkanplastic.com/product/5210022/,,,,
521002017,زنبیل سیب و ستاره موکا,,محصول نهایی,بسته,0,0,50,5,45,12,5210020,https://ashkanplastic.com/product/5210020/,,,,
521002009,زنبیل سیب و ستاره وانیلی,,محصول نهایی,بسته,0,36,0,7,29,12,5210020,https://ashkanplastic.com/product/5210020/,,,,
519301002,زنبیل کوچک G62 طوسی,,محصول نهایی,بسته,0,0,424,328,96,12,5193010,https://ashkanplastic.com/product/5193010/,,,,
519301007,زنبیل کوچک G62 کرپ,,محصول نهایی,بسته,0,0,152,72,80,12,5193010,https://ashkanplastic.com/product/5193010/,,,,
519301012,زنبیل کوچک G62 مشکی,,محصول نهایی,بسته,0,0,11,11,0,12,5193010,https://ashkanplastic.com/product/5193010/,,,,
519301017,زنبیل کوچک G62 موکا,,محصول نهایی,بسته,0,0,450,369,81,12,5193010,https://ashkanplastic.com/product/5193010/,,,,
519301009,زنبیل کوچک G62 وانیلی,,محصول نهایی,بسته,0,0,231,146,85,12,5193010,https://ashkanplastic.com/product/5193010/,,,,
531011001,زنبیل گرد سیب E 200 صورتی,,محصول نهایی,بسته,0,55,0,2,53,24,5310110,https://ashkanplastic.com/product/5310110/,,,,
531011002,زنبیل گرد سیب E 200 طوسی,,محصول نهایی,بسته,0,77,2.166667,35.125,44.041667,24,5310110,https://ashkanplastic.com/product/5310110/,,,,
531011007,زنبیل گرد سیب E 200 کرپ,,محصول نهایی,بسته,0,27,1,4,24,24,5310110,https://ashkanplastic.com/product/5310110/,,,,
531011017,زنبیل گرد سیب E 200 موکا,,محصول نهایی,بسته,0,70,2,35,37,24,5310110,https://ashkanplastic.com/product/5310110/,,,,
531011009,زنبیل گرد سیب E 200 وانیلی,,محصول نهایی,بسته,0,87,0,17,70,24,5310110,https://ashkanplastic.com/product/5310110/,,,,
531011201,زنبیل گرد سیب E 250 صورتی,,محصول نهایی,بسته,0,0,1,1,0,12,5310112,https://ashkanplastic.com/product/5310112/,,,,
531011202,زنبیل گرد سیب E 250 طوسی,,محصول نهایی,بسته,0,98,174.500001,198.500001,74,12,5310112,https://ashkanplastic.com/product/5310112/,,,,
531011207,زنبیل گرد سیب E 250 کرپ,,محصول نهایی,بسته,0,0,99.249999,26.166666,73.083333,12,5310112,https://ashkanplastic.com/product/5310112/,,,,
531011217,زنبیل گرد سیب E 250 موکا,,محصول نهایی,بسته,0,79,183,188,74,12,5310112,https://ashkanplastic.com/product/5310112/,,,,
531011209,زنبیل گرد سیب E 250 وانیلی,,محصول نهایی,بسته,0,39,81.083333,75.083333,45,12,5310112,https://ashkanplastic.com/product/5310112/,,,,
531011401,زنبیل گرد سیب E 300 صورتی,,محصول نهایی,بسته,0,0,0.916667,0.916667,0,12,5310114,https://ashkanplastic.com/product/5310114/,,,,
531011402,زنبیل گرد سیب E 300 طوسی,,محصول نهایی,بسته,0,32,342.083332,294.083332,80,12,5310114,https://ashkanplastic.com/product/5310114/,,,,
531011407,زنبیل گرد سیب E 300 کرپ,,محصول نهایی,بسته,0,0,93.333333,53.333333,40,12,5310114,https://ashkanplastic.com/product/5310114/,,,,
531011417,زنبیل گرد سیب E 300 موکا,,محصول نهایی,بسته,0,59,321,305,75,12,5310114,https://ashkanplastic.com/product/5310114/,,,,
531011409,زنبیل گرد سیب E 300 وانیلی,,محصول نهایی,بسته,0,98,81.5,141.5,38,12,5310114,https://ashkanplastic.com/product/5310114/,,,,
531011601,زنبیل گرد سیب E 350 صورتی,,محصول نهایی,بسته,0,17,1.5,18.5,0,6,5310116,https://ashkanplastic.com/product/5310116/,,,,
531011602,زنبیل گرد سیب E 350 طوسی,,محصول نهایی,بسته,0,150,200.333333,302.333333,48,6,5310116,https://ashkanplastic.com/product/5310116/,,,,
531011607,زنبیل گرد سیب E 350 کرپ,,محصول نهایی,بسته,0,13,123.5,68.5,68,6,5310116,https://ashkanplastic.com/product/5310116/,,,,
531011617,زنبیل گرد سیب E 350 موکا,,محصول نهایی,بسته,0,95,223,283,35,6,5310116,https://ashkanplastic.com/product/5310116/,,,,
531011609,زنبیل گرد سیب E 350 وانیلی,,محصول نهایی,بسته,0,107,100,155,52,6,5310116,https://ashkanplastic.com/product/5310116/,,,,
549001003,زیر گلدان 1 سفید,,محصول نهایی,بسته,0,35,433.008333,340.008333,128,120,5490010,https://ashkanplastic.com/product/5490010/,,,,
549001403,زیر گلدان 2 سفید,,محصول نهایی,بسته,0,22,430,312,140,120,5490014,https://ashkanplastic.com/product/5490014/,,,,
549001803,زیر گلدان 3 سفید,,محصول نهایی,بسته,0,27,312.0625,286.0625,53,96,5490018,https://ashkanplastic.com/product/5490018/,,,,
549002003,زیر گلدان 4 سفید,,محصول نهایی,بسته,0,74,250.013889,202.013889,122,72,5490020,https://ashkanplastic.com/product/5490020/,,,,
549002203,زیر گلدان 5 سفید,,محصول نهایی,بسته,0,35,189.020833,130.020833,94,48,5490022,https://ashkanplastic.com/product/5490022/,,,,
547002803,زیر گلدان گلرو 10 سفید,,محصول نهایی,بسته,0,31,285,193,123,6,5470028,https://ashkanplastic.com/product/5470028/,,,,
547002203,زیر گلدان گلرو 7 سفید,,محصول نهایی,بسته,0,77,914,800,191,6,5470022,https://ashkanplastic.com/product/5470022/,,,,
547002403,زیر گلدان گلرو 8 سفید,,محصول نهایی,بسته,0,197,446,553,90,6,5470024,https://ashkanplastic.com/product/5470024/,,,,
547002603,زیر گلدان گلرو 9 سفید,,محصول نهایی,بسته,0,32,300,230,102,6,5470026,https://ashkanplastic.com/product/5470026/,,,,
547002003,زیرگلدان گلرو 6 سفید,,محصول نهایی,بسته,0,249,1034,1170,113,12,5470020,https://ashkanplastic.com/product/5470020/,,,,
674002010,سبد استوانه همه کاره دایانا 1- الوان,,محصول نهایی,بسته,0,107,215,191,131,72,6740020,https://ashkanplastic.com/product/6740020/,,,,
674002110,سبد استوانه همه کاره دایانا 2- الوان,,محصول نهایی,کارتن,0,120,225,194,151,72,6740021,https://ashkanplastic.com/product/6740021/,,,,
674002210,سبد استوانه همه کاره دایانا 3- الوان,,محصول نهایی,کارتن,0,104,195,190,109,36,6740022,https://ashkanplastic.com/product/6740022/,,,,
640521010,سبد بیضی 2رنگ بزرگ الوان,,محصول نهایی,بسته,0,19,150,119,50,30,6405210,https://ashkanplastic.com/product/6405210/,,,,
640521001,سبد بیضی 2رنگ بزرگ صورتی,,محصول نهایی,بسته,0,0,0.066667,0.066667,0,30,6405210,https://ashkanplastic.com/product/6405210/,,,,
640321010,سبد بیضی 2رنگ کوچک الوان,,محصول نهایی,بسته,0,122,100,88,134,36,6403210,https://ashkanplastic.com/product/6403210/,,,,
640521210,سبد بیضی تک رنگ بزرگ الوان,,محصول نهایی,بسته,0,1,0,1,0,36,6405212,https://ashkanplastic.com/product/6405212/,,,,
640521202,سبد بیضی تک رنگ بزرگ طوسی,,محصول نهایی,بسته,0,0,0.027778,0.027778,0,36,6405212,https://ashkanplastic.com/product/6405212/,,,,
661501005,سبد پیک نیک بزرگ سیب سبز,,محصول نهایی,بسته,0,0,0.333333,0.333333,0,6,6615010,https://ashkanplastic.com/product/6615010/,,,,
661501001,سبد پیک نیک بزرگ سیب صورتی,,محصول نهایی,بسته,0,111,0.166667,81.166667,30,6,6615010,https://ashkanplastic.com/product/6615010/,,,,
661501002,سبد پیک نیک بزرگ سیب طوسی,,محصول نهایی,بسته,0,28,327.666665,323.666665,32,6,6615010,https://ashkanplastic.com/product/6615010/,,,,
661501007,سبد پیک نیک بزرگ سیب کرپ,,محصول نهایی,بسته,0,5,93.833335,78.833335,20,6,6615010,https://ashkanplastic.com/product/6615010/,,,,
661501017,سبد پیک نیک بزرگ سیب موکا,,محصول نهایی,بسته,0,0,299,291,8,6,6615010,https://ashkanplastic.com/product/6615010/,,,,
661501009,سبد پیک نیک بزرگ سیب وانیلی,,محصول نهایی,بسته,0,12,128,74,66,6,6615010,https://ashkanplastic.com/product/6615010/,,,,
661601001,سبد پیک نیک سوپر سیب صورتی,,محصول نهایی,بسته,0,127,0.333334,80.333334,47,6,6616010,https://ashkanplastic.com/product/6616010/,,,,
661601002,سبد پیک نیک سوپر سیب طوسی,,محصول نهایی,بسته,0,42,227.5,239.166667,30.333333,6,6616010,https://ashkanplastic.com/product/6616010/,,,,
661601007,سبد پیک نیک سوپر سیب کرپ,,محصول نهایی,بسته,0,3,122.833334,37.833334,88,6,6616010,https://ashkanplastic.com/product/6616010/,,,,
661601017,سبد پیک نیک سوپر سیب موکا,,محصول نهایی,بسته,0,4,213,188,29,6,6616010,https://ashkanplastic.com/product/6616010/,,,,
661601009,سبد پیک نیک سوپر سیب وانیلی,,محصول نهایی,بسته,0,10,98.166667,68.166667,40,6,6616010,https://ashkanplastic.com/product/6616010/,,,,
661301001,سبد پیک نیک کوچک سیب صورتی,,محصول نهایی,بسته,0,47,57.833333,56.75,48.083333,12,6613010,https://ashkanplastic.com/product/6613010/,,,,
661301002,سبد پیک نیک کوچک سیب طوسی,,محصول نهایی,بسته,0,1,306.916666,246.916666,61,12,6613010,https://ashkanplastic.com/product/6613010/,,,,
661301007,سبد پیک نیک کوچک سیب کرپ,,محصول نهایی,بسته,0,30,93.333333,63.25,60.083333,12,6613010,https://ashkanplastic.com/product/6613010/,,,,
661301017,سبد پیک نیک کوچک سیب موکا,,محصول نهایی,بسته,0,10,276,225,61,12,6613010,https://ashkanplastic.com/product/6613010/,,,,
661301009,سبد پیک نیک کوچک سیب وانیلی,,محصول نهایی,بسته,0,14,141.25,93.166667,62.083333,12,6613010,https://ashkanplastic.com/product/6613010/,,,,
601501001,سبد خرید بزرگ سیب صورتی,,محصول نهایی,بسته,0,0,0.999999,0.999999,0,12,6015010,https://ashkanplastic.com/product/6015010/,,,,
601501002,سبد خرید بزرگ سیب طوسی,,محصول نهایی,بسته,0,73,296.916664,244.833331,125.083333,12,6015010,https://ashkanplastic.com/product/6015010/,,,,
601501007,سبد خرید بزرگ سیب کرپ,,محصول نهایی,بسته,0,23,124.416666,72.416666,75,12,6015010,https://ashkanplastic.com/product/6015010/,,,,
601501017,سبد خرید بزرگ سیب موکا,,محصول نهایی,بسته,0,45,261.333333,195.333333,111,12,6015010,https://ashkanplastic.com/product/6015010/,,,,
601501009,سبد خرید بزرگ سیب وانیلی,,محصول نهایی,بسته,0,77,73.333333,80.25,70.083333,12,6015010,https://ashkanplastic.com/product/6015010/,,,,
609101001,سبد خرید زیبا نقلی صورتی,,محصول نهایی,بسته,0,77,0,4,73,36,6091010,https://ashkanplastic.com/product/6091010/,,,,
609101002,سبد خرید زیبا نقلی طوسی,,محصول نهایی,بسته,0,127,0,51,76,36,6091010,https://ashkanplastic.com/product/6091010/,,,,
609101007,سبد خرید زیبا نقلی کرپ,,محصول نهایی,بسته,0,33,60,31,62,36,6091010,https://ashkanplastic.com/product/6091010/,,,,
609101017,سبد خرید زیبا نقلی موکا,,محصول نهایی,بسته,0,77,50,38,89,36,6091010,https://ashkanplastic.com/product/6091010/,,,,
609101009,سبد خرید زیبا نقلی وانیلی,,محصول نهایی,بسته,0,80,0,10,70,36,6091010,https://ashkanplastic.com/product/6091010/,,,,
601601001,سبد خرید سوپر سیب صورتی,,محصول نهایی,بسته,0,58,0,7,51,12,6016010,https://ashkanplastic.com/product/6016010/,,,,
601601002,سبد خرید سوپر سیب طوسی,,محصول نهایی,بسته,0,102,100.249999,90.166666,112.083333,12,6016010,https://ashkanplastic.com/product/6016010/,,,,
601601007,سبد خرید سوپر سیب کرپ,,محصول نهایی,بسته,0,2,48.416667,4.25,46.166667,12,6016010,https://ashkanplastic.com/product/6016010/,,,,
601601017,سبد خرید سوپر سیب موکا,,محصول نهایی,بسته,0,83,110,80,113,12,6016010,https://ashkanplastic.com/product/6016010/,,,,
601601009,سبد خرید سوپر سیب وانیلی,,محصول نهایی,بسته,0,86,0,32,54,12,6016010,https://ashkanplastic.com/product/6016010/,,,,
601301001,سبد خرید کوچک سیب صورتی,,محصول نهایی,بسته,0,19,0.041667,9.041667,10,24,6013010,https://ashkanplastic.com/product/6013010/,,,,
601301002,سبد خرید کوچک سیب طوسی,,محصول نهایی,بسته,0,18,191,103,106,24,6013010,https://ashkanplastic.com/product/6013010/,,,,
601301007,سبد خرید کوچک سیب کرپ,,محصول نهایی,بسته,0,29,70.125,21.125,78,24,6013010,https://ashkanplastic.com/product/6013010/,,,,
601301017,سبد خرید کوچک سیب موکا,,محصول نهایی,بسته,0,2,140,73,69,24,6013010,https://ashkanplastic.com/product/6013010/,,,,
601301009,سبد خرید کوچک سیب وانیلی,,محصول نهایی,بسته,0,23,80.041667,29.041667,74,24,6013010,https://ashkanplastic.com/product/6013010/,,,,
600001001,سبد خرید لوکس 2000 صورتی,,محصول نهایی,بسته,0,44,0,0,44,24,6000010,https://ashkanplastic.com/product/6000010/,,,,
600001002,سبد خرید لوکس 2000 طوسی,,محصول نهایی,بسته,0,4,0,2,2,24,6000010,https://ashkanplastic.com/product/6000010/,,,,
600001007,سبد خرید لوکس 2000 کرپ,,محصول نهایی,بسته,0,6,0,0,6,24,6000010,https://ashkanplastic.com/product/6000010/,,,,
600001201,سبد خرید لوکس 6000 صورتی,,محصول نهایی,بسته,0,47,0,0,47,12,6000012,https://ashkanplastic.com/product/6000012/,,,,
600001207,سبد خرید لوکس 6000 کرپ,,محصول نهایی,بسته,0,13,0,0,13,12,6000012,https://ashkanplastic.com/product/6000012/,,,,
600001209,سبد خرید لوکس 6000 وانیلی,,محصول نهایی,بسته,0,22,0.25,2.25,20,12,6000012,https://ashkanplastic.com/product/6000012/,,,,
601401001,سبد خرید متوسط سیب صورتی,,محصول نهایی,بسته,0,32,0.083334,21.083334,11,24,6014010,https://ashkanplastic.com/product/6014010/,,,,
601401002,سبد خرید متوسط سیب طوسی,,محصول نهایی,بسته,0,78,181,180,79,24,6014010,https://ashkanplastic.com/product/6014010/,,,,
601401007,سبد خرید متوسط سیب کرپ,,محصول نهایی,بسته,0,0,100.041667,11,89.041667,24,6014010,https://ashkanplastic.com/product/6014010/,,,,
601401017,سبد خرید متوسط سیب موکا,,محصول نهایی,بسته,0,78,170.041667,178.041667,70,24,6014010,https://ashkanplastic.com/product/6014010/,,,,
601401009,سبد خرید متوسط سیب وانیلی,,محصول نهایی,بسته,0,83,30,52,61,24,6014010,https://ashkanplastic.com/product/6014010/,,,,
601201001,سبد خرید مینی سیب صورتی,,محصول نهایی,بسته,0,19,0,4,15,24,6012010,https://ashkanplastic.com/product/6012010/,,,,
601201002,سبد خرید مینی سیب طوسی,,محصول نهایی,بسته,0,51,65.041667,43.041667,73,24,6012010,https://ashkanplastic.com/product/6012010/,,,,
601201007,سبد خرید مینی سیب کرپ,,محصول نهایی,بسته,0,18,59.083333,13,64.083333,24,6012010,https://ashkanplastic.com/product/6012010/,,,,
601201017,سبد خرید مینی سیب موکا,,محصول نهایی,بسته,0,58,40,39,59,24,6012010,https://ashkanplastic.com/product/6012010/,,,,
601201009,سبد خرید مینی سیب وانیلی,,محصول نهایی,بسته,0,77,0,18,59,24,6012010,https://ashkanplastic.com/product/6012010/,,,,
601003001,سبد خرید نی نی سیب صورتی,,محصول نهایی,بسته,0,28,0,5,23,36,6010030,https://ashkanplastic.com/product/6010030/,,,,
601003002,سبد خرید نی نی سیب طوسی,,محصول نهایی,بسته,0,95,55,51,99,36,6010030,https://ashkanplastic.com/product/6010030/,,,,
601003007,سبد خرید نی نی سیب کرپ,,محصول نهایی,بسته,0,26,45.055556,12.055556,59,36,6010030,https://ashkanplastic.com/product/6010030/,,,,
601003017,سبد خرید نی نی سیب موکا,,محصول نهایی,بسته,0,77,81,54,104,36,6010030,https://ashkanplastic.com/product/6010030/,,,,
601003009,سبد خرید نی نی سیب وانیلی,,محصول نهایی,بسته,0,101,0,12,89,36,6010030,https://ashkanplastic.com/product/6010030/,,,,
619001601,سبد رخت 10000 بامبو-صورتی,,محصول نهایی,بسته,0,61,2,5,58,6,6190016,https://ashkanplastic.com/product/6190016/,,,,
619001602,سبد رخت 10000 بامبو-طوسی,,محصول نهایی,بسته,0,106,115,107,114,6,6190016,https://ashkanplastic.com/product/6190016/,,,,
619001607,سبد رخت 10000 بامبو-کرپ,,محصول نهایی,بسته,0,86,0,18,68,6,6190016,https://ashkanplastic.com/product/6190016/,,,,
619001617,سبد رخت 10000 بامبو-موکا,,محصول نهایی,بسته,0,65,92,70,87,6,6190016,https://ashkanplastic.com/product/6190016/,,,,
619001609,سبد رخت 10000 بامبو-وانیلی,,محصول نهایی,بسته,0,55,77,46,86,6,6190016,https://ashkanplastic.com/product/6190016/,,,,
611501002,سبد رخت 4گوش سیب طوسی,,محصول نهایی,بسته,0,41,104.5,81.5,64,12,6115010,https://ashkanplastic.com/product/6115010/,,,,
611501007,سبد رخت 4گوش سیب کرپ,,محصول نهایی,بسته,0,37,38,27,48,12,6115010,https://ashkanplastic.com/product/6115010/,,,,
611501017,سبد رخت 4گوش سیب موکا,,محصول نهایی,بسته,0,19,104.416667,65.416667,58,12,6115010,https://ashkanplastic.com/product/6115010/,,,,
611501009,سبد رخت 4گوش سیب وانیلی,,محصول نهایی,بسته,0,32,52.166667,29.166667,55,12,6115010,https://ashkanplastic.com/product/6115010/,,,,
619001001,سبد رخت اوکیا صورتی,,محصول نهایی,بسته,0,26,0,7,19,12,6190010,https://ashkanplastic.com/product/6190010/,,,,
619001002,سبد رخت اوکیا طوسی,,محصول نهایی,بسته,0,75,0,35,40,12,6190010,https://ashkanplastic.com/product/6190010/,,,,
619001007,سبد رخت اوکیا کرپ,,محصول نهایی,بسته,0,70,0.083333,16.083333,54,12,6190010,https://ashkanplastic.com/product/6190010/,,,,
619001017,سبد رخت اوکیا موکا,,محصول نهایی,بسته,0,60,0,31,29,12,6190010,https://ashkanplastic.com/product/6190010/,,,,
619001009,سبد رخت اوکیا وانیلی,,محصول نهایی,بسته,0,53,0.083333,27.083333,26,12,6190010,https://ashkanplastic.com/product/6190010/,,,,
619501001,سبد رخت آنالیا بزرگ صورتی,,محصول نهایی,بسته,0,42,0,6,36,6,6195010,https://ashkanplastic.com/product/6195010/,,,,
619501002,سبد رخت آنالیا بزرگ طوسی,,محصول نهایی,بسته,0,53,118,112,59,6,6195010,https://ashkanplastic.com/product/6195010/,,,,
619501007,سبد رخت آنالیا بزرگ کرپ,,محصول نهایی,بسته,0,37,30,26,41,6,6195010,https://ashkanplastic.com/product/6195010/,,,,
619501017,سبد رخت آنالیا بزرگ موکا,,محصول نهایی,بسته,0,37,142,125,54,6,6195010,https://ashkanplastic.com/product/6195010/,,,,
619501009,سبد رخت آنالیا بزرگ وانیلی,,محصول نهایی,بسته,0,34,40,44,30,6,6195010,https://ashkanplastic.com/product/6195010/,,,,
619601001,سبد رخت آنالیا سوپر صورتی,,محصول نهایی,بسته,0,33,0,6,27,6,6196010,https://ashkanplastic.com/product/6196010/,,,,
619601002,سبد رخت آنالیا سوپر طوسی,,محصول نهایی,بسته,0,19,131.166667,111.166667,39,6,6196010,https://ashkanplastic.com/product/6196010/,,,,
619601007,سبد رخت آنالیا سوپر کرپ,,محصول نهایی,بسته,0,36,68,43,61,6,6196010,https://ashkanplastic.com/product/6196010/,,,,
619601017,سبد رخت آنالیا سوپر موکا,,محصول نهایی,بسته,0,22,108,93,37,6,6196010,https://ashkanplastic.com/product/6196010/,,,,
619601009,سبد رخت آنالیا سوپر وانیلی,,محصول نهایی,بسته,0,30,61,58,33,6,6196010,https://ashkanplastic.com/product/6196010/,,,,
619301001,سبد رخت آنالیا کوچک صورتی,,محصول نهایی,بسته,0,44,0.166666,8.083333,36.083333,12,6193010,https://ashkanplastic.com/product/6193010/,,,,
619301002,سبد رخت آنالیا کوچک طوسی,,محصول نهایی,بسته,0,0,99,36,63,12,6193010,https://ashkanplastic.com/product/6193010/,,,,
619301007,سبد رخت آنالیا کوچک کرپ,,محصول نهایی,بسته,0,7,91,16,82,12,6193010,https://ashkanplastic.com/product/6193010/,,,,
619301017,سبد رخت آنالیا کوچک موکا,,محصول نهایی,بسته,0,0,100,43,57,12,6193010,https://ashkanplastic.com/product/6193010/,,,,
619301009,سبد رخت آنالیا کوچک وانیلی,,محصول نهایی,بسته,0,31,60,42,49,12,6193010,https://ashkanplastic.com/product/6193010/,,,,
619401001,سبد رخت آنالیا متوسط صورتی,,محصول نهایی,بسته,0,46,0,12,34,12,6194010,https://ashkanplastic.com/product/6194010/,,,,
619401002,سبد رخت آنالیا متوسط طوسی,,محصول نهایی,بسته,0,66,82.083333,92.083333,56,12,6194010,https://ashkanplastic.com/product/6194010/,,,,
619401007,سبد رخت آنالیا متوسط کرپ,,محصول نهایی,بسته,0,38,47,38,47,12,6194010,https://ashkanplastic.com/product/6194010/,,,,
619401017,سبد رخت آنالیا متوسط موکا,,محصول نهایی,بسته,0,46,100,87,59,12,6194010,https://ashkanplastic.com/product/6194010/,,,,
619401009,سبد رخت آنالیا متوسط وانیلی,,محصول نهایی,بسته,0,52,35,47,40,12,6194010,https://ashkanplastic.com/product/6194010/,,,,
611001001,سبد رخت سیب 2000 صورتی,,محصول نهایی,بسته,0,9,0,9,0,12,6110010,https://ashkanplastic.com/product/6110010/,,,,
611001002,سبد رخت سیب 2000 طوسی,,محصول نهایی,بسته,0,92,230.249999,232.166666,90.083333,12,6110010,https://ashkanplastic.com/product/6110010/,,,,
611001007,سبد رخت سیب 2000 کرپ,,محصول نهایی,بسته,0,4,110,41,73,12,6110010,https://ashkanplastic.com/product/6110010/,,,,
611001017,سبد رخت سیب 2000 موکا,,محصول نهایی,بسته,0,57,250,240,67,12,6110010,https://ashkanplastic.com/product/6110010/,,,,
611001009,سبد رخت سیب 2000 وانیلی,,محصول نهایی,بسته,0,83,100,103,80,12,6110010,https://ashkanplastic.com/product/6110010/,,,,
611001201,سبد رخت سیب 4000 صورتی,,محصول نهایی,بسته,0,0,0.666666,0.666666,0,12,6110012,https://ashkanplastic.com/product/6110012/,,,,
611001202,سبد رخت سیب 4000 طوسی,,محصول نهایی,بسته,0,90,361.666665,313.666665,138,12,6110012,https://ashkanplastic.com/product/6110012/,,,,
611001207,سبد رخت سیب 4000 کرپ,,محصول نهایی,بسته,0,3,133.499999,49.333332,87.166667,12,6110012,https://ashkanplastic.com/product/6110012/,,,,
611001217,سبد رخت سیب 4000 موکا,,محصول نهایی,بسته,0,57,357.75,293.75,121,12,6110012,https://ashkanplastic.com/product/6110012/,,,,
611001209,سبد رخت سیب 4000 وانیلی,,محصول نهایی,بسته,0,29,210.5,132.5,107,12,6110012,https://ashkanplastic.com/product/6110012/,,,,
611001401,سبد رخت سیب 6000 صورتی,,محصول نهایی,بسته,0,41,0.083333,16.083333,25,12,6110014,https://ashkanplastic.com/product/6110014/,,,,
611001402,سبد رخت سیب 6000 طوسی,,محصول نهایی,بسته,0,85,182.166666,210.166666,57,12,6110014,https://ashkanplastic.com/product/6110014/,,,,
611001407,سبد رخت سیب 6000 کرپ,,محصول نهایی,بسته,0,37,109.166667,57,89.166667,12,6110014,https://ashkanplastic.com/product/6110014/,,,,
611001417,سبد رخت سیب 6000 موکا,,محصول نهایی,بسته,0,40,230,237,33,12,6110014,https://ashkanplastic.com/product/6110014/,,,,
611001409,سبد رخت سیب 6000 وانیلی,,محصول نهایی,بسته,0,55,104,105,54,12,6110014,https://ashkanplastic.com/product/6110014/,,,,
611001601,سبد رخت سیب 8000 صورتی,,محصول نهایی,بسته,0,0,0.500001,0.500001,0,6,6110016,https://ashkanplastic.com/product/6110016/,,,,
611001602,سبد رخت سیب 8000 طوسی,,محصول نهایی,بسته,0,58,251.166667,264.166667,45,6,6110016,https://ashkanplastic.com/product/6110016/,,,,
611001607,سبد رخت سیب 8000 کرپ,,محصول نهایی,بسته,0,5,91,46,50,6,6110016,https://ashkanplastic.com/product/6110016/,,,,
611001617,سبد رخت سیب 8000 موکا,,محصول نهایی,بسته,0,18,306.166667,290.166667,34,6,6110016,https://ashkanplastic.com/product/6110016/,,,,
611001609,سبد رخت سیب 8000 وانیلی,,محصول نهایی,بسته,0,66,105,122,49,6,6110016,https://ashkanplastic.com/product/6110016/,,,,
631081002,سبد سبزی 2رنگ سیب طوسی,,محصول نهایی,بسته,0,21,92.010417,61.010417,52,96,6310810,https://ashkanplastic.com/product/6310810/,,,,
631081007,سبد سبزی 2رنگ سیب کرپ,,محصول نهایی,بسته,0,0,50,12,38,96,6310810,https://ashkanplastic.com/product/6310810/,,,,
631081017,سبد سبزی 2رنگ سیب موکا,,محصول نهایی,بسته,0,2,59,28,33,96,6310810,https://ashkanplastic.com/product/6310810/,,,,
631081009,سبد سبزی 2رنگ سیب وانیلی,,محصول نهایی,بسته,0,54,20,23,51,96,6310810,https://ashkanplastic.com/product/6310810/,,,,
631051001,سبد سبزی 4گوش سیب صورتی,,محصول نهایی,بسته,0,16,0,10,6,120,6310510,https://ashkanplastic.com/product/6310510/,,,,
631051002,سبد سبزی 4گوش سیب طوسی,,محصول نهایی,بسته,0,23,85,63,45,120,6310510,https://ashkanplastic.com/product/6310510/,,,,
631051007,سبد سبزی 4گوش سیب کرپ,,محصول نهایی,بسته,0,0,50,10,40,120,6310510,https://ashkanplastic.com/product/6310510/,,,,
631051017,سبد سبزی 4گوش سیب موکا,,محصول نهایی,بسته,0,0,85,46,39,120,6310510,https://ashkanplastic.com/product/6310510/,,,,
631051009,سبد سبزی 4گوش سیب وانیلی,,محصول نهایی,بسته,0,53,0,14,39,120,6310510,https://ashkanplastic.com/product/6310510/,,,,
639001110,سبد سبزی آوا الوان,,محصول نهایی,کارتن,0,107,106,97,116,72,6390011,https://ashkanplastic.com/product/6390011/,,,,
633051010,سبد سبزی چهارگوش اپل تاپ الوان,,محصول نهایی,بسته,0,1,0.041667,1.041667,0,120,6330510,https://ashkanplastic.com/product/6330510/,,,,
631001001,سبد سبزی سیب صورتی,,محصول نهایی,بسته,0,1,0,0,1,120,6310010,https://ashkanplastic.com/product/6310010/,,,,
631001002,سبد سبزی سیب طوسی,,محصول نهایی,بسته,0,50,136,119,67,120,6310010,https://ashkanplastic.com/product/6310010/,,,,
631001007,سبد سبزی سیب کرپ,,محصول نهایی,بسته,0,25,55,14,66,120,6310010,https://ashkanplastic.com/product/6310010/,,,,
631001017,سبد سبزی سیب موکا,,محصول نهایی,بسته,0,32,165,126,71,120,6310010,https://ashkanplastic.com/product/6310010/,,,,
631001009,سبد سبزی سیب وانیلی,,محصول نهایی,بسته,0,63,40,57,46,120,6310010,https://ashkanplastic.com/product/6310010/,,,,
680061001,سبد سینک دو دسته صورتی,,محصول نهایی,بسته,0,0,0.083334,0.083334,0,24,6800610,https://ashkanplastic.com/product/6800610/,,,,
680061002,سبد سینک دو دسته طوسی,,محصول نهایی,بسته,0,98,283.083334,273.041667,108.041667,24,6800610,https://ashkanplastic.com/product/6800610/,,,,
680061007,سبد سینک دو دسته کرپ,,محصول نهایی,بسته,0,3,110,39,74,24,6800610,https://ashkanplastic.com/product/6800610/,,,,
680061011,سبد سینک دو دسته کرم,,محصول نهایی,بسته,0,4,0,0,4,24,6800610,https://ashkanplastic.com/product/6800610/,,,,
680061017,سبد سینک دو دسته موکا,,محصول نهایی,بسته,0,62,291.041667,243.041667,110,24,6800610,https://ashkanplastic.com/product/6800610/,,,,
680061009,سبد سینک دو دسته وانیلی,,محصول نهایی,بسته,0,79,111.083333,101.083333,89,24,6800610,https://ashkanplastic.com/product/6800610/,,,,
680011001,سبد سینک گرد صورتی,,محصول نهایی,بسته,0,0,0.083334,0.083334,0,24,6800110,https://ashkanplastic.com/product/6800110/,,,,
680011002,سبد سینک گرد طوسی,,محصول نهایی,بسته,0,110,563,620,53,24,6800110,https://ashkanplastic.com/product/6800110/,,,,
680011007,سبد سینک گرد کرپ,,محصول نهایی,بسته,0,1,208.125,146.125,63,24,6800110,https://ashkanplastic.com/product/6800110/,,,,
680011017,سبد سینک گرد موکا,,محصول نهایی,بسته,0,27,521,485,63,24,6800110,https://ashkanplastic.com/product/6800110/,,,,
680011009,سبد سینک گرد وانیلی,,محصول نهایی,بسته,0,86,120,132,74,24,6800110,https://ashkanplastic.com/product/6800110/,,,,
623551001,سبد میوه چهارگوش اپل تاپ بزرگ صورتی,,محصول نهایی,بسته,0,0,0.333333,0.333333,0,60,6235510,https://ashkanplastic.com/product/6235510/,,,,
623351010,سبد میوه چهارگوش اپل تاپ کوچک الوان,,محصول نهایی,بسته,0,48,0,0,48,72,6233510,https://ashkanplastic.com/product/6233510/,,,,
620061001,سبد میوه دو دسته 1 صورتی,,محصول نهایی,بسته,0,4,0,1,3,48,6200610,https://ashkanplastic.com/product/6200610/,,,,
620061002,سبد میوه دو دسته 1 طوسی,,محصول نهایی,بسته,0,1,0,0,1,48,6200610,https://ashkanplastic.com/product/6200610/,,,,
620061009,سبد میوه دو دسته 1 وانیلی,,محصول نهایی,بسته,0,12,0,0,12,48,6200610,https://ashkanplastic.com/product/6200610/,,,,
620061201,سبد میوه دو دسته 2 صورتی,,محصول نهایی,بسته,0,17,0,1,16,36,6200612,https://ashkanplastic.com/product/6200612/,,,,
620061207,سبد میوه دو دسته 2 کرپ,,محصول نهایی,بسته,0,7,0.027778,0,7.027778,36,6200612,https://ashkanplastic.com/product/6200612/,,,,
620061209,سبد میوه دو دسته 2 وانیلی,,محصول نهایی,بسته,0,17,0,0,17,36,6200612,https://ashkanplastic.com/product/6200612/,,,,
620061401,سبد میوه دو دسته 3 صورتی,,محصول نهایی,بسته,0,9,0,0,9,30,6200614,https://ashkanplastic.com/product/6200614/,,,,
620061407,سبد میوه دو دسته 3 کرپ,,محصول نهایی,بسته,0,4,0,0,4,30,6200614,https://ashkanplastic.com/product/6200614/,,,,
620061409,سبد میوه دو دسته 3 وانیلی,,محصول نهایی,بسته,0,6,0,0,6,30,6200614,https://ashkanplastic.com/product/6200614/,,,,
621011210,سبد میوه گرد 2رنگ سیب 2 الوان,,محصول نهایی,بسته,0,1,0,0,1,,6210112,https://ashkanplastic.com/product/6210112/,,,,
621411001,سبد میوه گرد متوسط سیب صورتی,,محصول نهایی,بسته,0,4,0.041667,4.041667,0,,6214110,https://ashkanplastic.com/product/6214110/,,,,
629002001,سبد میوه یخچالی صورتی,,محصول نهایی,بسته,0,28,0,23,5,24,6290020,https://ashkanplastic.com/product/6290020/,,,,
629002002,سبد میوه یخچالی طوسی,,محصول نهایی,بسته,0,0,0.083334,0.083334,0,24,6290020,https://ashkanplastic.com/product/6290020/,,,,
629002007,سبد میوه یخچالی کرپ,,محصول نهایی,بسته,0,22,0,18,4,24,6290020,https://ashkanplastic.com/product/6290020/,,,,
629002009,سبد میوه یخچالی وانیلی,,محصول نهایی,بسته,0,11,0,9,2,24,6290020,https://ashkanplastic.com/product/6290020/,,,,
649001110,سبد نان آوا الوان,,محصول نهایی,کارتن,0,70,120,113,77,60,6490011,https://ashkanplastic.com/product/6490011/,,,,
641005010,سبد نان باگت الوان,,محصول نهایی,بسته,0,9,0,2,7,,6410050,https://ashkanplastic.com/product/6410050/,,,,
649501110,سبد نظم دهنده آوا بزرگ الوان,,محصول نهایی,کارتن,0,0,170,78,92,24,6495011,https://ashkanplastic.com/product/6495011/,,,,
649501102,سبد نظم دهنده آوا بزرگ طوسی,,محصول نهایی,کارتن,0,20,0,20,0,24,6495011,https://ashkanplastic.com/product/6495011/,,,,
649501117,سبد نظم دهنده آوا بزرگ موکا,,محصول نهایی,کارتن,0,41,0,41,0,24,6495011,https://ashkanplastic.com/product/6495011/,,,,
649501109,سبد نظم دهنده آوا بزرگ وانیلی,,محصول نهایی,کارتن,0,57,0,57,0,24,6495011,https://ashkanplastic.com/product/6495011/,,,,
649301010,سبد نظم دهنده آوا کوچک الوان,,محصول نهایی,کارتن,0,0,122,79,43,24,6493010,https://ashkanplastic.com/product/6493010/,,,,
649301002,سبد نظم دهنده آوا کوچک طوسی,,محصول نهایی,کارتن,0,37,2,39,0,24,6493010,https://ashkanplastic.com/product/6493010/,,,,
649301017,سبد نظم دهنده آوا کوچک موکا,,محصول نهایی,کارتن,0,45,1,46,0,24,6493010,https://ashkanplastic.com/product/6493010/,,,,
649301009,سبد نظم دهنده آوا کوچک وانیلی,,محصول نهایی,کارتن,0,63,2,49,16,24,6493010,https://ashkanplastic.com/product/6493010/,,,,
649501003,سبد نظم دهنده طبقاتی پارمیس3-سفید,,محصول نهایی,کارتن,0,38,0,25,13,24,6495010,https://ashkanplastic.com/product/6495010/,,,,
649501001,سبد نظم دهنده طبقاتی پارمیس3-صورتی,,محصول نهایی,کارتن,0,37,0,3,34,24,6495010,https://ashkanplastic.com/product/6495010/,,,,
649501002,سبد نظم دهنده طبقاتی پارمیس3-طوسی,,محصول نهایی,کارتن,0,85,3.5,48.5,40,24,6495010,https://ashkanplastic.com/product/6495010/,,,,
649501007,سبد نظم دهنده طبقاتی پارمیس3-کرپ,,محصول نهایی,کارتن,0,7,0,7,0,24,6495010,https://ashkanplastic.com/product/6495010/,,,,
649501017,سبد نظم دهنده طبقاتی پارمیس3-موکا,,محصول نهایی,کارتن,0,78,0,2,76,24,6495010,https://ashkanplastic.com/product/6495010/,,,,
649501009,سبد نظم دهنده طبقاتی پارمیس3-وانیلی,,محصول نهایی,کارتن,0,72,0.041667,8.041667,64,24,6495010,https://ashkanplastic.com/product/6495010/,,,,
289901201,ست 2 عددی ظروف کریستال دلسا صورتی-با سبد,,محصول نهایی,کارتن,0,272,0,23,249,8,2899012,https://ashkanplastic.com/product/2899012/,,,,
289901202,ست 2 عددی ظروف کریستال دلسا طوسی-با سبد,,محصول نهایی,کارتن,0,120,148.625,105.625,163,8,2899012,https://ashkanplastic.com/product/2899012/,,,,
289901207,ست 2 عددی ظروف کریستال دلسا کرپ-با سبد,,محصول نهایی,کارتن,0,202,0,44,158,8,2899012,https://ashkanplastic.com/product/2899012/,,,,
289901217,ست 2 عددی ظروف کریستال دلسا موکا-با سبد,,محصول نهایی,کارتن,0,0,152,9,143,8,2899012,https://ashkanplastic.com/product/2899012/,,,,
289901209,ست 2 عددی ظروف کریستال دلسا وانیل-با سبد,,محصول نهایی,کارتن,0,0,150,0,150,8,2899012,https://ashkanplastic.com/product/2899012/,,,,
289901001,ست 3 عددی ظروف کریستال دلسا صورتی,,محصول نهایی,کارتن,0,179,0.25,33.25,146,8,2899010,https://ashkanplastic.com/product/2899010/,,,,
289901002,ست 3 عددی ظروف کریستال دلسا طوسی,,محصول نهایی,کارتن,0,148,113,135,126,8,2899010,https://ashkanplastic.com/product/2899010/,,,,
289901007,ست 3 عددی ظروف کریستال دلسا کرپ,,محصول نهایی,کارتن,0,161,0.875,41.875,120,8,2899010,https://ashkanplastic.com/product/2899010/,,,,
289901017,ست 3 عددی ظروف کریستال دلسا موکا,,محصول نهایی,کارتن,0,110,132,87,155,8,2899010,https://ashkanplastic.com/product/2899010/,,,,
289901009,ست 3 عددی ظروف کریستال دلسا وانیلی,,محصول نهایی,کارتن,0,131,0,63,68,8,2899010,https://ashkanplastic.com/product/2899010/,,,,
249914008,ست جا ادویه چوبی گرد دلسا,نصیری نصیری,محصول نهایی,کارتن,0,51,134.166667,142.166667,43,18,2499140,https://ashkanplastic.com/product/2499140/,,,,
249954008,ست جا ادویه چوبی مربع دلسا,نصیری نصیری,محصول نهایی,کارتن,0,1,0,1,0,,2499540,https://ashkanplastic.com/product/2499540/,,,,
244001003,ست جا ادویه دایانا سفید,,محصول نهایی,کارتن,0,0,0.055556,0.055556,0,18,2440010,https://ashkanplastic.com/product/2440010/,,,,
244001010,ست جاادویه دایانا الوان,نصیری,محصول نهایی,کارتن,0,206,609,541,274,18,2440010,https://ashkanplastic.com/product/2440010/,,,,
244001001,ست جاادویه دایانا صورتی,,محصول نهایی,کارتن,0,0,0.388889,0.388889,0,18,2440010,https://ashkanplastic.com/product/2440010/,,,,
244001002,ست جاادویه دایانا طوسی,اشکان-نصیری,محصول نهایی,کارتن,0,0,0.38889,0.38889,0,18,2440010,https://ashkanplastic.com/product/2440010/,,,,
227901002,سرویس پارچ و لیوان گلرو طوسی,,محصول نهایی,بسته,0,0,0.041667,0.041667,0,24,2279010,https://ashkanplastic.com/product/2279010/,,,,
243911110,سرویس جا ادویه گرد اپل تاپ 3 عددی-الوان,,محصول نهایی,کارتن,0,1,0,0,1,48,2439111,https://ashkanplastic.com/product/2439111/,,,,
243951010,سرویس جا ادویه مربع اپل تاپ 3 عددی الوان,,محصول نهایی,بسته,0,104,571,466,209,48,2439510,https://ashkanplastic.com/product/2439510/,,,,
243951001,سرویس جا ادویه مربع اپل تاپ 3 عددی صورتی,,محصول نهایی,بسته,0,0,0.041666,0.041666,0,48,2439510,https://ashkanplastic.com/product/2439510/,,,,
243951002,سرویس جا ادویه مربع اپل تاپ 3 عددی طوسی,,محصول نهایی,بسته,0,0,0.020833,0.020833,0,48,2439510,https://ashkanplastic.com/product/2439510/,,,,
263911010,سرویس جا حبوباتی گرد اپل تاپ 4 عددی الوان,,محصول نهایی,بسته,0,103,282.222223,159.222223,226,18,2639110,https://ashkanplastic.com/product/2639110/,,,,
263952010,سرویس جاحبوباتی مربع اپل تاپ 4 عددی الوان,,محصول نهایی,بسته,0,243,0.166667,94.166667,149,18,2639520,https://ashkanplastic.com/product/2639520/,,,,
120971003,سرویس چلو 4 عددی تک رنگ سفید,,محصول نهایی,بسته,0,57,80,137,0,6,1209710,https://ashkanplastic.com/product/1209710/,,,,
120971001,سرویس چلو 4 عددی تک رنگ صورتی,,محصول نهایی,بسته,0,445,545.166667,576.166667,414,6,1209710,https://ashkanplastic.com/product/1209710/,,,,
120971002,سرویس چلو 4 عددی تک رنگ طوسی,,محصول نهایی,بسته,0,44,1728,1361,411,6,1209710,https://ashkanplastic.com/product/1209710/,,,,
120971017,سرویس چلو 4 عددی تک رنگ موکا,,محصول نهایی,بسته,0,205,1568,1469,304,6,1209710,https://ashkanplastic.com/product/1209710/,,,,
646901001,سرویس سبد میوه روشا  3 عددی صورتی,,محصول نهایی,بسته,0,0,0.083333,0,0.083333,,6469010,https://ashkanplastic.com/product/6469010/,,,,
646901010,سرویس سبد میوه روشا (3عددی) - (12 عددی) الوان,,محصول نهایی,بسته,0,1,0,0,1,,6469010,https://ashkanplastic.com/product/6469010/,,,,
319951020,سرویس فریزری 4 پارچه سانا مدل 802 درب الوان,,محصول نهایی,کارتن,0,67,455,393,129,24,3199510,https://ashkanplastic.com/product/3199510/,,,,
316981010,سرویس فریزری دورنگ روشا 4 عددی الوان,,محصول نهایی,بسته,0,0,232,40,192,12,3169810,https://ashkanplastic.com/product/3169810/,,,,
316981001,سرویس فریزری دورنگ روشا 4 عددی صورتی,,محصول نهایی,بسته,0,175,0,11,164,12,3169810,https://ashkanplastic.com/product/3169810/,,,,
316981002,سرویس فریزری دورنگ روشا 4 عددی طوسی,,محصول نهایی,بسته,0,25,136.166666,109.166666,52,12,3169810,https://ashkanplastic.com/product/3169810/,,,,
316981007,سرویس فریزری دورنگ روشا 4 عددی کرپ,,محصول نهایی,بسته,0,46,96,44,98,12,3169810,https://ashkanplastic.com/product/3169810/,,,,
316981017,سرویس فریزری دورنگ روشا 4 عددی موکا,,محصول نهایی,بسته,0,139,31,148,22,12,3169810,https://ashkanplastic.com/product/3169810/,,,,
316981201,سرویس فریزری دورنگ روشا 5 عددی صورتی,,محصول نهایی,بسته,0,158,0.083333,4.083333,154,12,3169812,https://ashkanplastic.com/product/3169812/,,,,
316981202,سرویس فریزری دورنگ روشا 5 عددی طوسی,,محصول نهایی,بسته,0,4,64,24,44,12,3169812,https://ashkanplastic.com/product/3169812/,,,,
316081207,سرویس فریزری دورنگ روشا 5 عددی کرپ,,محصول نهایی,بسته,0,73,0,14,59,,3160812,https://ashkanplastic.com/product/3160812/,,,,
316081217,سرویس فریزری دورنگ روشا 5 عددی موکا,,محصول نهایی,بسته,0,44,24,47,21,,3160812,https://ashkanplastic.com/product/3160812/,,,,
316781010,سرویس فریزری روشا دو رنگ 2عددی الوان,,محصول نهایی,بسته,0,144,214,266,92,36,3167810,https://ashkanplastic.com/product/3167810/,,,,
315001010,سرویس فریزری شاندیز 1و2 الوان,,محصول نهایی,بسته,0,218,117,165,170,24,3150010,https://ashkanplastic.com/product/3150010/,,,,
315901010,سرویس فریزری شاندیز چهار عددی درب الوان,,محصول نهایی,کارتن,0,268,0.083333,104,164.083333,12,3159010,https://ashkanplastic.com/product/3159010/,,,,
319941008,سرویس فریزری قفلی 3 پارچه سفری مدل 902,,محصول نهایی,کارتن,0,34,0,23,11,24,3199410,https://ashkanplastic.com/product/3199410/,,,,
317941210,سرویس فریزری مستطیل گلرو 4 عددی الوان,,محصول نهایی,بسته,0,55,211,188,78,12,3179412,https://ashkanplastic.com/product/3179412/,,,,
317941010,سرویس فریزری مستطیل گلرو3 عددی الوان,,محصول نهایی,بسته,0,66,268,332,2,12,3179410,https://ashkanplastic.com/product/3179410/,,,,
317941001,سرویس فریزری مستطیل گلرو3 عددی صورتی,,محصول نهایی,بسته,0,0,0.249999,0.249999,0,12,3179410,https://ashkanplastic.com/product/3179410/,,,,
317941002,سرویس فریزری مستطیل گلرو3 عددی طوسی,,محصول نهایی,بسته,0,0,0.083333,0.083333,0,12,3179410,https://ashkanplastic.com/product/3179410/,,,,
317941007,سرویس فریزری مستطیل گلرو3 عددی کرپ,,محصول نهایی,بسته,0,0,0.416666,0.416666,0,12,3179410,https://ashkanplastic.com/product/3179410/,,,,
346971510,سرویس کاسه روشا 2 و3 الوان,,محصول نهایی,کارتن,0,9,0,4,5,48,3469715,https://ashkanplastic.com/product/3469715/,,,,
803901003,سرویس لگن اپل تاپ 4 عددی سفید,,محصول نهایی,بسته,0,37,222,173,86,6,8039010,https://ashkanplastic.com/product/8039010/,,,,
803901001,سرویس لگن اپل تاپ 4 عددی صورتی,,محصول نهایی,بسته,0,366,753.166667,783.166667,336,6,8039010,https://ashkanplastic.com/product/8039010/,,,,
803901002,سرویس لگن اپل تاپ 4 عددی طوسی,,محصول نهایی,بسته,0,372,1355.333334,1450.333334,277,6,8039010,https://ashkanplastic.com/product/8039010/,,,,
803901017,سرویس لگن اپل تاپ 4 عددی موکا,,محصول نهایی,بسته,0,144,1351,1303,192,6,8039010,https://ashkanplastic.com/product/8039010/,,,,
723801010,سطل پدالی تک جداره اپل تاپ الوان,,محصول نهایی,بسته,0,45,197.166667,182,60.166667,6,7238010,https://ashkanplastic.com/product/7238010/,,,,
723801001,سطل پدالی تک جداره اپل تاپ صورتی,,محصول نهایی,بسته,0,0,0.333333,0.333333,0,6,7238010,https://ashkanplastic.com/product/7238010/,,,,
723801002,سطل پدالی تک جداره اپل تاپ طوسی,,محصول نهایی,بسته,0,0,0.333334,0.333334,0,6,7238010,https://ashkanplastic.com/product/7238010/,,,,
723801007,سطل پدالی تک جداره اپل تاپ کرپ,,محصول نهایی,بسته,0,0,0.5,0.5,0,6,7238010,https://ashkanplastic.com/product/7238010/,,,,
723701010,سطل پدالی دوجداره اپل تاپ الوان,,محصول نهایی,بسته,0,64,108.166667,119,53.166667,6,7237010,https://ashkanplastic.com/product/7237010/,,,,
723701001,سطل پدالی دوجداره اپل تاپ صورتی,,محصول نهایی,بسته,0,0,0.333334,0.166667,0.166667,6,7237010,https://ashkanplastic.com/product/7237010/,,,,
730001001,سطل شیر 12 لیتری دسته فلزی صورتی,,محصول نهایی,بسته,0,53,0.083333,14,39.083333,12,7300010,https://ashkanplastic.com/product/7300010/,,,,
730001002,سطل شیر 12 لیتری دسته فلزی طوسی,,محصول نهایی,بسته,0,41,119.083333,98,62.083333,12,7300010,https://ashkanplastic.com/product/7300010/,,,,
730001006,سطل شیر 12 لیتری دسته فلزی قرمز,,محصول نهایی,بسته,0,1,233.083333,131.083333,103,12,7300010,https://ashkanplastic.com/product/7300010/,,,,
730001017,سطل شیر 12 لیتری دسته فلزی موکا,,محصول نهایی,بسته,0,59,41,56,44,12,7300010,https://ashkanplastic.com/product/7300010/,,,,
730001201,سطل شیر16 لیتری دسته فلزی صورتی,,محصول نهایی,بسته,0,39,0,8,31,12,7300012,https://ashkanplastic.com/product/7300012/,,,,
730001202,سطل شیر16 لیتری دسته فلزی طوسی,,محصول نهایی,بسته,0,81,79.333333,88.333333,72,12,7300012,https://ashkanplastic.com/product/7300012/,,,,
730001206,سطل شیر16 لیتری دسته فلزی قرمز,,محصول نهایی,بسته,0,278,247,395,130,12,7300012,https://ashkanplastic.com/product/7300012/,,,,
730001217,سطل شیر16 لیتری دسته فلزی موکا,,محصول نهایی,بسته,0,14,108,62,60,12,7300012,https://ashkanplastic.com/product/7300012/,,,,
702001210,سطل کابینتی اشکان الوان,,محصول نهایی,کارتن,0,0,160,86,74,16,7020012,https://ashkanplastic.com/product/7020012/,,,,
710091108,سطل مدرج همه کاره 1.5 لیتری شفاف الوان,,محصول نهایی,کارتن,0,182,168.104167,249.104167,101,48,7100911,https://ashkanplastic.com/product/7100911/,,,,
710091810,سطل مدرج همه کاره 12 لیتری شفاف الوان,,محصول نهایی,بسته,0,138,400.416667,346.416667,192,12,7100918,https://ashkanplastic.com/product/7100918/,,,,
710091808,سطل مدرج همه کاره 12 لیتری شفاف شفاف,,محصول نهایی,بسته,0,0,0.083333,0.083333,0,12,7100918,https://ashkanplastic.com/product/7100918/,,,,
710091802,سطل مدرج همه کاره 12 لیتری شفاف طوسی,,محصول نهایی,بسته,0,0,0.416666,0.333333,0.083333,12,7100918,https://ashkanplastic.com/product/7100918/,,,,
710092010,سطل مدرج همه کاره 16 لیتری شفاف الوان,,محصول نهایی,بسته,0,158,201,223,136,6,7100920,https://ashkanplastic.com/product/7100920/,,,,
710092002,سطل مدرج همه کاره 16 لیتری شفاف طوسی,,محصول نهایی,بسته,0,0,0.166667,0.166667,0,6,7100920,https://ashkanplastic.com/product/7100920/,,,,
710001003,سطل مدرج همه کاره 2 لیتری تزریقی سفید,,محصول نهایی,بسته,0,5,0,0,5,,7100010,https://ashkanplastic.com/product/7100010/,,,,
710091010,سطل مدرج همه کاره 2 لیتری شفاف الوان,,محصول نهایی,بسته,0,70,382.25,317.25,135,48,7100910,https://ashkanplastic.com/product/7100910/,,,,
710091008,سطل مدرج همه کاره 2 لیتری شفاف شفاف,,محصول نهایی,بسته,0,0,0.041667,0.041667,0,48,7100910,https://ashkanplastic.com/product/7100910/,,,,
710091001,سطل مدرج همه کاره 2 لیتری شفاف صورتی,,محصول نهایی,بسته,0,0,0.083333,0.083333,0,48,7100910,https://ashkanplastic.com/product/7100910/,,,,
710091002,سطل مدرج همه کاره 2 لیتری شفاف طوسی,,محصول نهایی,بسته,0,0,0.083333,0.083333,0,48,7100910,https://ashkanplastic.com/product/7100910/,,,,
710092210,سطل مدرج همه کاره 20 لیتری شفاف الوان,,محصول نهایی,بسته,0,187,299,319,167,6,7100922,https://ashkanplastic.com/product/7100922/,,,,
710092410,سطل مدرج همه کاره 25 لیتری شفاف الوان,,محصول نهایی,بسته,0,140,200,148,192,6,7100924,https://ashkanplastic.com/product/7100924/,,,,
710092402,سطل مدرج همه کاره 25 لیتری شفاف طوسی,,محصول نهایی,بسته,0,0,0.166667,0.166667,0,6,7100924,https://ashkanplastic.com/product/7100924/,,,,
710091210,سطل مدرج همه کاره 3 لیتری شفاف الوان,,محصول نهایی,بسته,0,0,504.124999,469.124999,35,48,7100912,https://ashkanplastic.com/product/7100912/,,,,
710091208,سطل مدرج همه کاره 3 لیتری شفاف شفاف,,محصول نهایی,بسته,0,0,0.041667,0.041667,0,48,7100912,https://ashkanplastic.com/product/7100912/,,,,
710091201,سطل مدرج همه کاره 3 لیتری شفاف صورتی,,محصول نهایی,بسته,0,0,0.1875,0.1875,0,48,7100912,https://ashkanplastic.com/product/7100912/,,,,
710091207,سطل مدرج همه کاره 3 لیتری شفاف کرپ,,محصول نهایی,بسته,0,0,0.145833,0.145833,0,48,7100912,https://ashkanplastic.com/product/7100912/,,,,
710091410,سطل مدرج همه کاره 5 لیتری شفاف الوان,,محصول نهایی,بسته,0,221,931.916667,1006.916667,146,12,7100914,https://ashkanplastic.com/product/7100914/,,,,
710091610,سطل مدرج همه کاره 7 لیتری شفاف الوان,,محصول نهایی,بسته,0,193,521.416666,610.416666,104,12,7100916,https://ashkanplastic.com/product/7100916/,,,,
710091601,سطل مدرج همه کاره 7 لیتری شفاف صورتی,,محصول نهایی,بسته,0,0,0.25,0.166667,0.083333,12,7100916,https://ashkanplastic.com/product/7100916/,,,,
710091602,سطل مدرج همه کاره 7 لیتری شفاف طوسی,,محصول نهایی,بسته,0,0,0.25,0.25,0,12,7100916,https://ashkanplastic.com/product/7100916/,,,,
710053510,سطل مربع پنج لیتری پلمپ شفاف درب الوان,,محصول نهایی,کارتن,0,0,253,0,253,12,7100535,https://ashkanplastic.com/product/7100535/,,,,
710053010,سطل مربع سه لیتری پلمپ شفاف درب الوان,,محصول نهایی,کارتن,0,1,515.583335,325.583335,191,24,7100530,https://ashkanplastic.com/product/7100530/,,,,
710054010,سطل مربع هشت لیتری پلمپ شفاف درب الوان,,محصول نهایی,کارتن,0,96,327.666666,250.666666,173,12,7100540,https://ashkanplastic.com/product/7100540/,,,,
702501003,سطل نخل بزرگ اشکان سفید,,محصول نهایی,بسته,0,124,0,0,124,12,7025010,https://ashkanplastic.com/product/7025010/,,,,
702501008,سطل نخل بزرگ اشکان شفاف,,محصول نهایی,بسته,0,0,0.083333,0.083333,0,12,7025010,https://ashkanplastic.com/product/7025010/,,,,
702501001,سطل نخل بزرگ اشکان صورتی,,محصول نهایی,بسته,0,69,0.083333,5.083333,64,12,7025010,https://ashkanplastic.com/product/7025010/,,,,
702501002,سطل نخل بزرگ اشکان طوسی,,محصول نهایی,بسته,0,18,0,18,0,12,7025010,https://ashkanplastic.com/product/7025010/,,,,
702501006,سطل نخل بزرگ اشکان قرمز,,محصول نهایی,بسته,0,139,0,2,137,12,7025010,https://ashkanplastic.com/product/7025010/,,,,
702501011,سطل نخل بزرگ اشکان کرم,,محصول نهایی,بسته,0,6,0,4,2,12,7025010,https://ashkanplastic.com/product/7025010/,,,,
702501009,سطل نخل بزرگ اشکان وانیلی,,محصول نهایی,بسته,0,0,1.083333,1.083333,0,12,7025010,https://ashkanplastic.com/product/7025010/,,,,
766001010,سینی روشا 2000 الوان,,محصول نهایی,بسته,0,47,75,77,45,24,7660010,https://ashkanplastic.com/product/7660010/,,,,
766001007,سینی روشا 2000 کرپ,,محصول نهایی,بسته,0,0,0.041667,0,0.041667,24,7660010,https://ashkanplastic.com/product/7660010/,,,,
766001210,سینی روشا 4000 الوان,,محصول نهایی,بسته,0,111,93,150,54,18,7660012,https://ashkanplastic.com/product/7660012/,,,,
766001410,سینی روشا 6000 الوان,,محصول نهایی,بسته,0,0,83,56,27,12,7660014,https://ashkanplastic.com/product/7660014/,,,,
766001610,سینی روشا 8000 الوان,,محصول نهایی,بسته,0,48,127,94,81,12,7660016,https://ashkanplastic.com/product/7660016/,,,,
859001010,شکر پاش سانا مدل 1102,اشکان-نصیری,محصول نهایی,کارتن,0,233,0,35,198,48,8590010,https://ashkanplastic.com/product/8590010/,,,,
852001010,شکرپاش اشکان الوان,,محصول نهایی,بسته,0,252,0,28,224,24,8520010,https://ashkanplastic.com/product/8520010/,,,,
858501010,شکرپاش بزرگ هما الوان,,محصول نهایی,بسته,0,1118,3780.111111,4855.111111,43,36,8585010,https://ashkanplastic.com/product/8585010/,,,,
858501001,شکرپاش بزرگ هما صورتی,,محصول نهایی,بسته,0,0,0.138889,0.138889,0,36,8585010,https://ashkanplastic.com/product/8585010/,,,,
858501002,شکرپاش بزرگ هما طوسی,,محصول نهایی,بسته,0,0,0.222223,0.222223,0,36,8585010,https://ashkanplastic.com/product/8585010/,,,,
858501007,شکرپاش بزرگ هما کرپ,,محصول نهایی,بسته,0,0,0.027778,0.027778,0,36,8585010,https://ashkanplastic.com/product/8585010/,,,,
858301001,شکرپاش کوچک هما صورتی,,محصول نهایی,بسته,0,0,0.104166,0.104166,0,48,8583010,https://ashkanplastic.com/product/8583010/,,,,
858301002,شکرپاش کوچک هما طوسی,,محصول نهایی,بسته,0,0,0.020833,0.020833,0,48,8583010,https://ashkanplastic.com/product/8583010/,,,,
858301007,شکرپاش کوچک هما کرپ,,محصول نهایی,بسته,0,0,0.041667,0.041667,0,48,8583010,https://ashkanplastic.com/product/8583010/,,,,
858301010,شکرپاش لوکس (کوچک) هما الوان,,محصول نهایی,بسته,0,284,491.020833,689.020833,86,48,8583010,https://ashkanplastic.com/product/8583010/,,,,
859111020,شکرپاش نقلی دلسا,,محصول نهایی,کارتن,0,272,0,7,265,48,8591110,https://ashkanplastic.com/product/8591110/,,,,
651005010,صافی سینک سیب 1 الوان,,محصول نهایی,بسته,0,117,99,98,118,72,6510050,https://ashkanplastic.com/product/6510050/,,,,
651005001,صافی سینک سیب 1 صورتی,,محصول نهایی,بسته,0,0,0.013889,0,0.013889,72,6510050,https://ashkanplastic.com/product/6510050/,,,,
651005210,صافی سینک سیب 2 الوان,,محصول نهایی,بسته,0,56,79,74,61,48,6510052,https://ashkanplastic.com/product/6510052/,,,,
651005410,صافی سینک سیب 3 الوان,,محصول نهایی,بسته,0,0,119.020833,28,91.020833,48,6510054,https://ashkanplastic.com/product/6510054/,,,,
481001002,صندلی حمام سیب طوسی,,محصول نهایی,بسته,0,65,370,345,90,18,4810010,https://ashkanplastic.com/product/4810010/,,,,
481001007,صندلی حمام سیب کرپ,,محصول نهایی,بسته,0,0,129.111111,62.111111,67,18,4810010,https://ashkanplastic.com/product/4810010/,,,,
481001017,صندلی حمام سیب موکا,,محصول نهایی,بسته,0,11,329,257,83,18,4810010,https://ashkanplastic.com/product/4810010/,,,,
481001009,صندلی حمام سیب وانیلی,,محصول نهایی,بسته,0,83,123,160,46,18,4810010,https://ashkanplastic.com/product/4810010/,,,,
315831010,ظرف فریزری تخت شاندیز درب الوان,,محصول نهایی,بسته,0,155,0,48,107,24,3158310,https://ashkanplastic.com/product/3158310/,,,,
315831008,ظرف فریزری تخت شاندیز درب شفاف,,محصول نهایی,بسته,0,0,0.083333,0.083333,0,24,3158310,https://ashkanplastic.com/product/3158310/,,,,
315831108,ظرف فریزری تخت شاندیز درب شفاف( 28 عددی ),,محصول نهایی,کارتن,0,0,0.035714,0.035714,0,,3158311,https://ashkanplastic.com/product/3158311/,,,,
319731008,ظرف فریزری تخت ماهان,,محصول نهایی,کارتن,0,215,0.083333,61.083333,154,12,3197310,https://ashkanplastic.com/product/3197310/,,,,
319791008,ظرف فریزری سایز 1 ماهان,,محصول نهایی,کارتن,0,423,0.0625,98.0625,325,48,3197910,https://ashkanplastic.com/product/3197910/,,,,
319792008,ظرف فریزری سایز 2 ماهان,,محصول نهایی,کارتن,0,381,27.111111,124.111111,284,36,3197920,https://ashkanplastic.com/product/3197920/,,,,
319793008,ظرف فریزری سایز 3 ماهان,,محصول نهایی,کارتن,0,350,0.166667,104.166667,246,24,3197930,https://ashkanplastic.com/product/3197930/,,,,
319794008,ظرف فریزری سایز 4 ماهان,,محصول نهایی,کارتن,0,329,0.5,152.5,177,12,3197940,https://ashkanplastic.com/product/3197940/,,,,
315001110,ظرف فریزری شاندیز 3 الوان,,محصول نهایی,بسته,0,14.833333,0.041667,14.041667,0.833333,24,3150011,https://ashkanplastic.com/product/3150011/,,,,
464901002,فایل کوچک دلسا مدل 503 - طوسی,اشکان داودی,محصول نهایی,کارتن,0,145,0.833334,141.833334,4,6,4649010,https://ashkanplastic.com/product/4649010/,,,,
464901007,فایل کوچک دلسا مدل 503 - کرپ,اشکان - داودی,محصول نهایی,کارتن,0,0,0.666667,0.666667,0,6,4649010,https://ashkanplastic.com/product/4649010/,,,,
464901017,فایل کوچک دلسا مدل 503 - موکا,,محصول نهایی,کارتن,0,124,0,123,1,6,4649010,https://ashkanplastic.com/product/4649010/,,,,
464901009,فایل کوچک دلسا مدل 503 - وانیلی,,محصول نهایی,کارتن,0,76,0,72,4,6,4649010,https://ashkanplastic.com/product/4649010/,,,,
310043010,فریزری 1.5 لیتری دلسا با سبد - درب الوان,,محصول نهایی,کارتن,0,761,1182.125001,1717.125001,226,24,3100430,https://ashkanplastic.com/product/3100430/,,,,
310043002,فریزری 1.5 لیتری دلسا با سبد - درب طوسی,,محصول نهایی,کارتن,0,0,0.083334,0.083334,0,24,3100430,https://ashkanplastic.com/product/3100430/,,,,
310042010,فریزری 1.5 لیتری دلسا بدون سبد - درب الوان,,محصول نهایی,کارتن,0,379,968.222223,1026.222223,321,36,3100420,https://ashkanplastic.com/product/3100420/,,,,
310042002,فریزری 1.5 لیتری دلسا بدون سبد - درب طوسی,,محصول نهایی,کارتن,0,0,0.027778,0.027778,0,36,3100420,https://ashkanplastic.com/product/3100420/,,,,
316781001,فریزری دو رنگ روشا 1 دوعددی صورتی,,محصول نهایی,بسته,0,0,0.027778,0.027778,0,36,3167810,https://ashkanplastic.com/product/3167810/,,,,
316781002,فریزری دو رنگ روشا 1 دوعددی طوسی,,محصول نهایی,بسته,0,0,0.083334,0.083334,0,36,3167810,https://ashkanplastic.com/product/3167810/,,,,
317041110,فریزری مستطیل گلرو 1 دوعددی الوان,داودی-دوادی,محصول نهایی,بسته,0,106,61,164,3,36,3170411,https://ashkanplastic.com/product/3170411/,,,,
317041102,فریزری مستطیل گلرو 1 دوعددی طوسی,,محصول نهایی,بسته,0,0,0.027778,0.027778,0,36,3170411,https://ashkanplastic.com/product/3170411/,,,,
317041410,فریزری مستطیل گلرو 3 الوان,,محصول نهایی,بسته,0,0.791667,85.5,85.5,0.791667,24,3170414,https://ashkanplastic.com/product/3170414/,,,,
317041401,فریزری مستطیل گلرو 3 صورتی,,محصول نهایی,بسته,0,0,0.083334,0.083334,0,24,3170414,https://ashkanplastic.com/product/3170414/,,,,
317041402,فریزری مستطیل گلرو 3 طوسی,,محصول نهایی,بسته,0,0,0.125,0.125,0,24,3170414,https://ashkanplastic.com/product/3170414/,,,,
317041407,فریزری مستطیل گلرو 3 کرپ,,محصول نهایی,بسته,0,0,0.25,0.25,0,24,3170414,https://ashkanplastic.com/product/3170414/,,,,
317241010,فریزری مستطیل گلرو مینی -پک 2 عددی الوان,,محصول نهایی,بسته,0,113,471,581,3,60,3172410,https://ashkanplastic.com/product/3172410/,,,,
317241001,فریزری مستطیل گلرو مینی -پک 2 عددی صورتی,,محصول نهایی,بسته,0,0,0.016667,0.016667,0,60,3172410,https://ashkanplastic.com/product/3172410/,,,,
317241002,فریزری مستطیل گلرو مینی -پک 2 عددی طوسی,,محصول نهایی,بسته,0,0,0.016667,0.016667,0,60,3172410,https://ashkanplastic.com/product/3172410/,,,,
317141010,فریزری مستطیل گلرو نقلی -پک 3 عددی الوان,,محصول نهایی,بسته,0,189,500,683,6,72,3171410,https://ashkanplastic.com/product/3171410/,,,,
317141012,فریزری مستطیل گلرو نقلی -پک 3 عددی مشکی,,محصول نهایی,بسته,0,30,0,0,30,72,3171410,https://ashkanplastic.com/product/3171410/,,,,
848001010,قندان هما الوان,,محصول نهایی,بسته,0,364,257,505,116,36,8480010,https://ashkanplastic.com/product/8480010/,,,,
848001002,قندان هما طوسی,,محصول نهایی,بسته,0,0,0.083333,0.083333,0,36,8480010,https://ashkanplastic.com/product/8480010/,,,,
881001110,قیف سیب 10 الوان,,محصول نهایی,بسته,0,42,215,208,49,96,8810011,https://ashkanplastic.com/product/8810011/,,,,
881001007,قیف سیب 10 کرپ,,محصول نهایی,بسته,0,0,0.006944,0.006944,0,,8810010,https://ashkanplastic.com/product/8810010/,,,,
881001310,قیف سیب 12 الوان,,محصول نهایی,بسته,0,20,310,282,48,96,8810013,https://ashkanplastic.com/product/8810013/,,,,
881001510,قیف سیب 18-الوان,,محصول نهایی,بسته,0,131,211,301,41,96,8810015,https://ashkanplastic.com/product/8810015/,,,,
881001401,قیف سیب 18 صورتی,,محصول نهایی,بسته,0,0,0.013889,0.013889,0,,8810014,https://ashkanplastic.com/product/8810014/,,,,
881001402,قیف سیب 18 طوسی,,محصول نهایی,بسته,0,0,0.104167,0.104167,0,,8810014,https://ashkanplastic.com/product/8810014/,,,,
881001610,قیف سیب 20 الوان,,محصول نهایی,بسته,0,151,218,237,132,72,8810016,https://ashkanplastic.com/product/8810016/,,,,
881001601,قیف سیب 20 صورتی,,محصول نهایی,بسته,0,0,0.027778,0.027778,0,72,8810016,https://ashkanplastic.com/product/8810016/,,,,
881001602,قیف سیب 20 طوسی,,محصول نهایی,بسته,0,0,0.069445,0.069445,0,72,8810016,https://ashkanplastic.com/product/8810016/,,,,
881001607,قیف سیب 20 کرپ,,محصول نهایی,بسته,0,0,0.138889,0.138889,0,72,8810016,https://ashkanplastic.com/product/8810016/,,,,
881001810,قیف سیب 24 الوان,,محصول نهایی,بسته,0,63,181,215,29,72,8810018,https://ashkanplastic.com/product/8810018/,,,,
881001801,قیف سیب 24 صورتی,,محصول نهایی,بسته,0,0,0.041667,0.041667,0,72,8810018,https://ashkanplastic.com/product/8810018/,,,,
881001802,قیف سیب 24 طوسی,,محصول نهایی,بسته,0,0,0.069445,0.055556,0.013889,72,8810018,https://ashkanplastic.com/product/8810018/,,,,
346071110,کاسه تک رنگ روشا 1 الوان,,محصول نهایی,کارتن,0,26,0,8,18,72,3460711,https://ashkanplastic.com/product/3460711/,,,,
346091402,کاسه دو رنگ روشا 3 شفاف طوسی,,محصول نهایی,بسته,0,13,0,3,10,48,3460914,https://ashkanplastic.com/product/3460914/,,,,
341001010,کاسه سیب کریستال الوان,,محصول نهایی,بسته,0,45,0,1,44,72,3410010,https://ashkanplastic.com/product/3410010/,,,,
341001006,کاسه سیب کریستال قرمز,,محصول نهایی,بسته,0,0,0.013889,0.013889,0,72,3410010,https://ashkanplastic.com/product/3410010/,,,,
557001003,گلدان گلرو 1 (14*15 ) سفید,,محصول نهایی,بسته,0,277,348.875,418.583333,207.291667,24,5570010,https://ashkanplastic.com/product/5570010/,,,,
557002803,گلدان گلرو 10 سفید,,محصول نهایی,بسته,0,121,100,146,75,6,5570028,https://ashkanplastic.com/product/5570028/,,,,
557001203,گلدان گلرو 2 (16*18 ) سفید,,محصول نهایی,بسته,0,112,672.625,689.625,95,24,5570012,https://ashkanplastic.com/product/5570012/,,,,
557001403,گلدان گلرو 3 (19*21 ) سفید,,محصول نهایی,بسته,0,22,1356.083334,1102.083334,276,24,5570014,https://ashkanplastic.com/product/5570014/,,,,
557001603,گلدان گلرو 4 (23*25 ) سفید,,محصول نهایی,بسته,0,323,1852,1965,210,12,5570016,https://ashkanplastic.com/product/5570016/,,,,
557001803,گلدان گلرو 5 (26*30 ) سفید,,محصول نهایی,بسته,0,0,2033.166666,1681.166666,352,12,5570018,https://ashkanplastic.com/product/5570018/,,,,
557002003,گلدان گلرو 6 (31*35 ) سفید,,محصول نهایی,بسته,0,300,1052,1084,268,12,5570020,https://ashkanplastic.com/product/5570020/,,,,
557002203,گلدان گلرو 7 (36*41 ) سفید,,محصول نهایی,بسته,0,84,728.166667,746,66.166667,6,5570022,https://ashkanplastic.com/product/5570022/,,,,
557002403,گلدان گلرو 8 (41*49 ) سفید,,محصول نهایی,بسته,0,222,275.166667,492.166667,5,6,5570024,https://ashkanplastic.com/product/5570024/,,,,
557002603,گلدان گلرو 9 (47*59 ) سفید,,محصول نهایی,بسته,0,48,181.166667,182.166667,47,6,5570026,https://ashkanplastic.com/product/5570026/,,,,
557001303,گلدان گلرو مینی سفید,,محصول نهایی,بسته,0,51,0,21,30,60,5570013,https://ashkanplastic.com/product/5570013/,,,,
557000610,گلدان گلرو نقلی الوان,,محصول نهایی,بسته,0,6,0,4,2,,5570006,https://ashkanplastic.com/product/5570006/,,,,
557001103,گلدان گلرو نقلی سفید,,محصول نهایی,بسته,0,13,0,2,11,96,5570011,https://ashkanplastic.com/product/5570011/,,,,
899001010,گیره آویز صدف الوان,,محصول نهایی,بسته,0,0,855,609,246,72,8990010,https://ashkanplastic.com/product/8990010/,,,,
802001211,لگن 15*10 اصل اشکان کرم,,محصول نهایی,بسته,0,19,0,0,19,,8020012,https://ashkanplastic.com/product/8020012/,,,,
803001601,لگن اپل تاپ 6000 صورتی,,محصول نهایی,بسته,0,0,0.055556,0.055556,0,36,8030016,https://ashkanplastic.com/product/8030016/,,,,
803001602,لگن اپل تاپ 6000 طوسی,,محصول نهایی,بسته,0,4,0,0,4,36,8030016,https://ashkanplastic.com/product/8030016/,,,,
803001803,لگن اپل تاپ 8000 سفید,,محصول نهایی,بسته,0,0,0.041667,0.041667,0,24,8030018,https://ashkanplastic.com/product/8030018/,,,,
803001801,لگن اپل تاپ 8000 صورتی,,محصول نهایی,بسته,0,16,0.041667,0.041667,16,24,8030018,https://ashkanplastic.com/product/8030018/,,,,
803001802,لگن اپل تاپ 8000 طوسی,,محصول نهایی,بسته,0,6,0.041667,0.041667,6,24,8030018,https://ashkanplastic.com/product/8030018/,,,,
809002402,لگن زیبا 10000 طوسی,,محصول نهایی,بسته,0,57,141.083333,149.083333,49,12,8090024,https://ashkanplastic.com/product/8090024/,,,,
809002407,لگن زیبا 10000 کرپ,,محصول نهایی,بسته,0,0,70,23,47,12,8090024,https://ashkanplastic.com/product/8090024/,,,,
809002417,لگن زیبا 10000 موکا,,محصول نهایی,کارتن,0,48,160,166,42,12,8090024,https://ashkanplastic.com/product/8090024/,,,,
809002409,لگن زیبا 10000 وانیلی,,محصول نهایی,بسته,0,56,39.083333,68.083333,27,12,8090024,https://ashkanplastic.com/product/8090024/,,,,
809002201,لگن زیبا 12000 صورتی,,محصول نهایی,بسته,0,4,0,3,1,12,8090022,https://ashkanplastic.com/product/8090022/,,,,
809002202,لگن زیبا 12000 طوسی,,محصول نهایی,بسته,0,0,169,100,69,12,8090022,https://ashkanplastic.com/product/8090022/,,,,
809002207,لگن زیبا 12000 کرپ,,محصول نهایی,بسته,0,13,87,36,64,12,8090022,https://ashkanplastic.com/product/8090022/,,,,
809002217,لگن زیبا 12000 موکا,,محصول نهایی,کارتن,0,0,186.083333,113.083333,73,12,8090022,https://ashkanplastic.com/product/8090022/,,,,
809002209,لگن زیبا 12000 وانیلی,,محصول نهایی,بسته,0,9,122,48,83,12,8090022,https://ashkanplastic.com/product/8090022/,,,,
809003201,لگن زیبا 2000 صورتی,,محصول نهایی,بسته,0,62,0,1,61,36,8090032,https://ashkanplastic.com/product/8090032/,,,,
809003202,لگن زیبا 2000 طوسی,,محصول نهایی,بسته,0,45,50.027778,51.027778,44,36,8090032,https://ashkanplastic.com/product/8090032/,,,,
809003207,لگن زیبا 2000 کرپ,,محصول نهایی,بسته,0,19,30.027778,16.027778,33,36,8090032,https://ashkanplastic.com/product/8090032/,,,,
809003217,لگن زیبا 2000 موکا,,محصول نهایی,کارتن,0,49,50,55,44,36,8090032,https://ashkanplastic.com/product/8090032/,,,,
809003209,لگن زیبا 2000 وانیلی,,محصول نهایی,بسته,0,86,0,20,66,36,8090032,https://ashkanplastic.com/product/8090032/,,,,
809003001,لگن زیبا 4000 صورتی,,محصول نهایی,بسته,0,20,0.027778,18.027778,2,36,8090030,https://ashkanplastic.com/product/8090030/,,,,
809003002,لگن زیبا 4000 طوسی,,محصول نهایی,بسته,0,11,101,37,75,36,8090030,https://ashkanplastic.com/product/8090030/,,,,
809003007,لگن زیبا 4000 کرپ,,محصول نهایی,بسته,0,22,40,17,45,36,8090030,https://ashkanplastic.com/product/8090030/,,,,
809003017,لگن زیبا 4000 موکا,,محصول نهایی,کارتن,0,3,72.027778,39.027778,36,36,8090030,https://ashkanplastic.com/product/8090030/,,,,
809003009,لگن زیبا 4000 وانیلی,,محصول نهایی,بسته,0,20,49,23,46,36,8090030,https://ashkanplastic.com/product/8090030/,,,,
809002801,لگن زیبا 6000 صورتی,,محصول نهایی,بسته,0,10,2,10,2,24,8090028,https://ashkanplastic.com/product/8090028/,,,,
809002802,لگن زیبا 6000 طوسی,,محصول نهایی,بسته,0,11,117,58,70,24,8090028,https://ashkanplastic.com/product/8090028/,,,,
809002807,لگن زیبا 6000 کرپ,,محصول نهایی,بسته,0,0,57,11,46,24,8090028,https://ashkanplastic.com/product/8090028/,,,,
809002817,لگن زیبا 6000 موکا,,محصول نهایی,کارتن,0,3,85,47,41,24,8090028,https://ashkanplastic.com/product/8090028/,,,,
809002809,لگن زیبا 6000 وانیلی,,محصول نهایی,بسته,0,20,47,26,41,24,8090028,https://ashkanplastic.com/product/8090028/,,,,
809002602,لگن زیبا 8000 طوسی,,محصول نهایی,بسته,0,48,85,82,51,24,8090026,https://ashkanplastic.com/product/8090026/,,,,
809002607,لگن زیبا 8000 کرپ,,محصول نهایی,بسته,0,8,59.041667,29.041667,38,24,8090026,https://ashkanplastic.com/product/8090026/,,,,
809002617,لگن زیبا 8000 موکا,,محصول نهایی,کارتن,0,42,95,84,53,24,8090026,https://ashkanplastic.com/product/8090026/,,,,
809002609,لگن زیبا 8000 وانیلی,,محصول نهایی,بسته,0,50,26,42,34,24,8090026,https://ashkanplastic.com/product/8090026/,,,,
809001010,لگن نیما 1 الوان,,محصول نهایی,بسته,0,51,116,71,96,36,8090010,https://ashkanplastic.com/product/8090010/,,,,
809001002,لگن نیما 1 طوسی,,محصول نهایی,بسته,0,0,0.055556,0,0.055556,36,8090010,https://ashkanplastic.com/product/8090010/,,,,
809001007,لگن نیما 1 کرپ,,محصول نهایی,بسته,0,0,0.027778,0.027778,0,36,8090010,https://ashkanplastic.com/product/8090010/,,,,
809001210,لگن نیما 2 الوان,,محصول نهایی,بسته,0,51,59,70,40,36,8090012,https://ashkanplastic.com/product/8090012/,,,,
809001401,لگن نیما 3 صورتی,,محصول نهایی,بسته,0,3,0,2,1,24,8090014,https://ashkanplastic.com/product/8090014/,,,,
809001402,لگن نیما 3 طوسی,,محصول نهایی,بسته,0,10,75,39,46,24,8090014,https://ashkanplastic.com/product/8090014/,,,,
809001407,لگن نیما 3 کرپ,,محصول نهایی,بسته,0,0,34,1,33,24,8090014,https://ashkanplastic.com/product/8090014/,,,,
809001417,لگن نیما 3 موکا,,محصول نهایی,بسته,0,0,65.041667,35.041667,30,24,8090014,https://ashkanplastic.com/product/8090014/,,,,
809001409,لگن نیما 3 وانیلی,,محصول نهایی,بسته,0,19,35,20,34,24,8090014,https://ashkanplastic.com/product/8090014/,,,,
809001601,لگن نیما 4 صورتی,,محصول نهایی,بسته,0,0,0.083334,0.083334,0,24,8090016,https://ashkanplastic.com/product/8090016/,,,,
809001602,لگن نیما 4 طوسی,,محصول نهایی,بسته,0,18,137,73,82,24,8090016,https://ashkanplastic.com/product/8090016/,,,,
809001607,لگن نیما 4 کرپ,,محصول نهایی,بسته,0,0,73,7,66,24,8090016,https://ashkanplastic.com/product/8090016/,,,,
809001617,لگن نیما 4 موکا,,محصول نهایی,بسته,0,0,141.041667,64.041667,77,24,8090016,https://ashkanplastic.com/product/8090016/,,,,
809001609,لگن نیما 4 وانیلی,,محصول نهایی,بسته,0,38,55,31,62,24,8090016,https://ashkanplastic.com/product/8090016/,,,,
809001802,لگن نیما 5 طوسی,,محصول نهایی,بسته,0,2,172,88,86,12,8090018,https://ashkanplastic.com/product/8090018/,,,,
809001807,لگن نیما 5 کرپ,,محصول نهایی,بسته,0,0,58.083333,13.083333,45,12,8090018,https://ashkanplastic.com/product/8090018/,,,,
809001817,لگن نیما 5 موکا,,محصول نهایی,بسته,0,0,173.083333,103.083333,70,12,8090018,https://ashkanplastic.com/product/8090018/,,,,
809001809,لگن نیما 5 وانیلی,,محصول نهایی,بسته,0,43,55.25,39.083333,59.166667,12,8090018,https://ashkanplastic.com/product/8090018/,,,,
809002001,لگن نیما 6 صورتی,,محصول نهایی,بسته,0,1,0,1,0,12,8090020,https://ashkanplastic.com/product/8090020/,,,,
809002002,لگن نیما 6 طوسی,,محصول نهایی,بسته,0,6,102.25,60.25,48,12,8090020,https://ashkanplastic.com/product/8090020/,,,,
809002007,لگن نیما 6 کرپ,,محصول نهایی,بسته,0,0,41.083333,3,38.083333,12,8090020,https://ashkanplastic.com/product/8090020/,,,,
809002017,لگن نیما 6 موکا,,محصول نهایی,بسته,0,0,118.75,66.75,52,12,8090020,https://ashkanplastic.com/product/8090020/,,,,
809002009,لگن نیما 6 وانیلی,,محصول نهایی,بسته,0,20,51,35,36,12,8090020,https://ashkanplastic.com/product/8090020/,,,,
809201010,لگن نیما مینی الوان,,محصول نهایی,بسته,0,80,120,91,109,48,8092010,https://ashkanplastic.com/product/8092010/,,,,
809201001,لگن نیما مینی صورتی,,محصول نهایی,بسته,0,1,0,0,1,48,8092010,https://ashkanplastic.com/product/8092010/,,,,
809201007,لگن نیما مینی کرپ,,محصول نهایی,بسته,0,4,0,0,4,48,8092010,https://ashkanplastic.com/product/8092010/,,,,
316981092,لیبل سرویس فریزری دورنگ روشا,داودی - سرویس فریزری دو رنگ روشا (4عددی),محصول نهایی,عدد,0,20000,0,0,20000,12,3169810,https://ashkanplastic.com/product/3169810/,,,,
236081010,لیوان 2رنگ روشا الوان,,محصول نهایی,بسته,0,1,200,66,135,120,2360810,https://ashkanplastic.com/product/2360810/,,,,
231081002,لیوان 2رنگ سیب طوسی,,محصول نهایی,بسته,0,0,0.041667,0.041667,0,96,2310810,https://ashkanplastic.com/product/2310810/,,,,
239081210,لیوان 2رنگ گلبرگ اشکان الوان,,محصول نهایی,بسته,0,282,0.854167,163.854167,119,96,2390812,https://ashkanplastic.com/product/2390812/,,,,
239081203,لیوان 2رنگ گلبرگ اشکان سفید,,محصول نهایی,بسته,0,144,0,100,44,96,2390812,https://ashkanplastic.com/product/2390812/,,,,
239081201,لیوان 2رنگ گلبرگ اشکان صورتی,,محصول نهایی,بسته,0,0,0.010417,0.010417,0,96,2390812,https://ashkanplastic.com/product/2390812/,,,,
239001010,لیوان الماس الوان,,محصول نهایی,بسته,0,144,76,143,77,96,2390010,https://ashkanplastic.com/product/2390010/,,,,
239001008,لیوان الماس شفاف,,محصول نهایی,بسته,0,0,0.010417,0.010417,0,96,2390010,https://ashkanplastic.com/product/2390010/,,,,
239501010,لیوان بهنوش عکس دار بزرگ الوان,,محصول نهایی,بسته,0,1,0,0,1,108,2395010,https://ashkanplastic.com/product/2395010/,,,,
239301010,لیوان بهنوش عکس دار کوچک الوان,,محصول نهایی,بسته,0,65,0,3,62,192,2393010,https://ashkanplastic.com/product/2393010/,,,,
239061010,لیوان دسته دار گلبرگ الوان,,محصول نهایی,بسته,0,119,727.09375,564.09375,282,96,2390610,https://ashkanplastic.com/product/2390610/,,,,
239081010,لیوان دو رنگ توپی الوان,,محصول نهایی,بسته,0,143,81.458333,145.458333,79,96,2390810,https://ashkanplastic.com/product/2390810/,,,,
231081010,لیوان دو رنگ سیب الوان,,محصول نهایی,بسته,0,204,76.927083,167.927083,113,96,2310810,https://ashkanplastic.com/product/2310810/,,,,
238761010,لیوان کودک هما الوان - 192عددی,نصیری,محصول نهایی,کارتن,0,53,0,26,27,192,2387610,https://ashkanplastic.com/product/2387610/,,,,
239002010,لیوان موج مدل 103- الوان,اشکان- اشکان,محصول نهایی,کارتن,0,257,119.020833,221.020833,155,48,2390020,https://ashkanplastic.com/product/2390020/,,,,
239002008,لیوان موج مدل 103- شفاف,اشکان- اشکان,محصول نهایی,کارتن,0,227,550,525,252,48,2390020,https://ashkanplastic.com/product/2390020/,,,,
239002025,لیوان موج مدل 103- عسلی,اشکان / اشکان,محصول نهایی,کارتن,0,43,0.020833,43.020833,0,48,2390020,https://ashkanplastic.com/product/2390020/,,,,
239505010,لیوان نی دار بزرگ بهنوش الوان,,محصول نهایی,بسته,0,35,0.625,35.625,0,,2395050,https://ashkanplastic.com/product/2395050/,,,,
239005003,لیوان نی دار بزرگ بهنوش سفید,,محصول نهایی,بسته,0,49,0,0,49,48,2390050,https://ashkanplastic.com/product/2390050/,,,,
239405003,لیوان نی دار متوسط بهنوش -سفید,,محصول نهایی,کارتن,0,48,0,0,48,48,2394050,https://ashkanplastic.com/product/2394050/,,,,
239405010,لیوان نی دار متوسط بهنوش الوان,,محصول نهایی,کارتن,0,130,130,260,0,48,2394050,https://ashkanplastic.com/product/2394050/,,,,
471001010,مگس کش سیب الوان,,محصول نهایی,بسته,0,69,411,315,165,192,4710010,https://ashkanplastic.com/product/4710010/,,,,
454002010,نظم دهنده دایانا الوان,,محصول نهایی,بسته,0,255,0,161,94,24,4540020,https://ashkanplastic.com/product/4540020/,,,,
862001010,نمکپاش چند منظوره اشکان الوان,,محصول نهایی,بسته,0,308,222,457,73,192,8620010,https://ashkanplastic.com/product/8620010/,,,,
869001010,نمکدان الماس الوان,,محصول نهایی,بسته,0,323,50,193,180,384,8690010,https://ashkanplastic.com/product/8690010/,,,,
868001010,نمکدان هما الوان,,محصول نهایی,بسته,0,264,702,824,142,180,8680010,https://ashkanplastic.com/product/8680010/,,,,
868001002,نمکدان هما طوسی,,محصول نهایی,بسته,0,0,0.011111,0.011111,0,180,8680010,https://ashkanplastic.com/product/8680010/,,,,
829001009,وان بچه نیما وانیلی,,محصول نهایی,بسته,0,2,0,0,2,,8290010,https://ashkanplastic.com/product/8290010/,,,,
821021003,وان بیضی 55 سیب سفید,,محصول نهایی,بسته,0,38,71.166667,45.166667,64,12,8210210,https://ashkanplastic.com/product/8210210/,,,,
821021001,وان بیضی 55 سیب صورتی,,محصول نهایی,بسته,0,0,0.083333,0.083333,0,12,8210210,https://ashkanplastic.com/product/8210210/,,,,
821021002,وان بیضی 55 سیب طوسی,,محصول نهایی,بسته,0,0,172.25,132.25,40,12,8210210,https://ashkanplastic.com/product/8210210/,,,,
821021007,وان بیضی 55 سیب کرپ,,محصول نهایی,بسته,0,23,82.416666,61.333333,44.083333,12,8210210,https://ashkanplastic.com/product/8210210/,,,,
821021017,وان بیضی 55 سیب موکا,,محصول نهایی,بسته,0,0,38,37,1,12,8210210,https://ashkanplastic.com/product/8210210/,,,,
821021009,وان بیضی 55 سیب وانیلی,,محصول نهایی,بسته,0,23,74.083333,56.083333,41,12,8210210,https://ashkanplastic.com/product/8210210/,,,,
821021203,وان بیضی 65 سیب سفید,,محصول نهایی,بسته,0,53,75,81,47,6,8210212,https://ashkanplastic.com/product/8210212/,,,,
821021201,وان بیضی 65 سیب صورتی,,محصول نهایی,بسته,0,0,0.166667,0.166667,0,6,8210212,https://ashkanplastic.com/product/8210212/,,,,
821021202,وان بیضی 65 سیب طوسی,,محصول نهایی,بسته,0,53,195.166667,189,59.166667,6,8210212,https://ashkanplastic.com/product/8210212/,,,,
821021207,وان بیضی 65 سیب کرپ,,محصول نهایی,بسته,0,49,101.500001,98.500001,52,6,8210212,https://ashkanplastic.com/product/8210212/,,,,
821021209,وان بیضی 65 سیب وانیلی,,محصول نهایی,بسته,0,49,104,97,56,6,8210212,https://ashkanplastic.com/product/8210212/,,,,
821021403,وان بیضی 85 سیب سفید,,محصول نهایی,بسته,0,51,65.333334,64.166667,52.166667,6,8210214,https://ashkanplastic.com/product/8210214/,,,,
821021401,وان بیضی 85 سیب صورتی,,محصول نهایی,بسته,0,0,0.166667,0.166667,0,6,8210214,https://ashkanplastic.com/product/8210214/,,,,
821021402,وان بیضی 85 سیب طوسی,,محصول نهایی,بسته,0,18,177.833335,89.666668,106.166667,6,8210214,https://ashkanplastic.com/product/8210214/,,,,
821021407,وان بیضی 85 سیب کرپ,,محصول نهایی,بسته,0,29,94.166667,56.166667,67,6,8210214,https://ashkanplastic.com/product/8210214/,,,,
821021411,وان بیضی 85 سیب کرم,,محصول نهایی,بسته,0,11,2.333333,4.333333,9,6,8210214,https://ashkanplastic.com/product/8210214/,,,,
821021409,وان بیضی 85 سیب وانیلی,,محصول نهایی,بسته,0,39,119,75,83,6,8210214,https://ashkanplastic.com/product/8210214/,,,,
821011603,وان بیضی 90 سیب سفید,,محصول نهایی,بسته,0,71,0,22,49,6,8210116,https://ashkanplastic.com/product/8210116/,,,,
821011602,وان بیضی 90 سیب طوسی,,محصول نهایی,بسته,0,39,70,63,46,6,8210116,https://ashkanplastic.com/product/8210116/,,,,
821011607,وان بیضی 90 سیب کرپ,,محصول نهایی,بسته,0,69,16.333334,25.166667,60.166667,6,8210116,https://ashkanplastic.com/product/8210116/,,,,
821011609,وان بیضی 90 سیب وانیلی,,محصول نهایی,بسته,0,54,0,40,14,6,8210116,https://ashkanplastic.com/product/8210116/,,,,
821021803,وان بیضی 95 سیب سفید,,محصول نهایی,بسته,0,53,79.333334,88.333334,44,6,8210218,https://ashkanplastic.com/product/8210218/,,,,
821021801,وان بیضی 95 سیب صورتی,,محصول نهایی,بسته,0,0,0.166667,0.166667,0,6,8210218,https://ashkanplastic.com/product/8210218/,,,,
821021802,وان بیضی 95 سیب طوسی,,محصول نهایی,بسته,0,58,112.166668,121.166668,49,6,8210218,https://ashkanplastic.com/product/8210218/,,,,
821021807,وان بیضی 95 سیب کرپ,,محصول نهایی,بسته,0,51,51.666667,58.5,44.166667,6,8210218,https://ashkanplastic.com/product/8210218/,,,,
821021811,وان بیضی 95 سیب کرم,,محصول نهایی,بسته,0,0,0.166667,0.166667,0,6,8210218,https://ashkanplastic.com/product/8210218/,,,,
821021809,وان بیضی 95 سیب وانیلی,,محصول نهایی,بسته,0,51,50.333333,68,33.333333,6,8210218,https://ashkanplastic.com/product/8210218/,,,,
829021001,وان بیضی کلاسیک 501 صورتی,,محصول نهایی,بسته,0,0,0.041667,0.041667,0,,8290210,https://ashkanplastic.com/product/8290210/,,,,
829021007,وان بیضی کلاسیک 501 کرپ,,محصول نهایی,بسته,0,0,0.041667,0.041667,0,,8290210,https://ashkanplastic.com/product/8290210/,,,,
809021202,وان بیضی کلاسیک 503 طوسی,,محصول نهایی,بسته,0,0,0.083333,0.083333,0,,8090212,https://ashkanplastic.com/product/8090212/,,,,
823011001,وان گرد 2 دسته اپل تاپ 1 صورتی,,محصول نهایی,بسته,0,18,0,1,17,12,8230110,https://ashkanplastic.com/product/8230110/,,,,
823011002,وان گرد 2 دسته اپل تاپ 1 طوسی,,محصول نهایی,بسته,0,52,0,18,34,12,8230110,https://ashkanplastic.com/product/8230110/,,,,
823011007,وان گرد 2 دسته اپل تاپ 1 کرپ,,محصول نهایی,بسته,0,55,0,8,47,12,8230110,https://ashkanplastic.com/product/8230110/,,,,
823011009,وان گرد 2 دسته اپل تاپ 1 وانیلی,,محصول نهایی,بسته,0,61,0.083333,12.083333,49,12,8230110,https://ashkanplastic.com/product/8230110/,,,,
823011203,وان گرد 2 دسته اپل تاپ 2 سفید,,محصول نهایی,بسته,0,65,0,2,63,12,8230112,https://ashkanplastic.com/product/8230112/,,,,
823011201,وان گرد 2 دسته اپل تاپ 2 صورتی,,محصول نهایی,بسته,0,23,0,0,23,12,8230112,https://ashkanplastic.com/product/8230112/,,,,
823011202,وان گرد 2 دسته اپل تاپ 2 طوسی,,محصول نهایی,بسته,0,61,0.083333,26.083333,35,12,8230112,https://ashkanplastic.com/product/8230112/,,,,
823011207,وان گرد 2 دسته اپل تاپ 2 کرپ,,محصول نهایی,بسته,0,57,0,8,49,12,8230112,https://ashkanplastic.com/product/8230112/,,,,
823011211,وان گرد 2 دسته اپل تاپ 2 کرم,,محصول نهایی,بسته,0,7,0,1,6,12,8230112,https://ashkanplastic.com/product/8230112/,,,,
823011209,وان گرد 2 دسته اپل تاپ 2 وانیلی,,محصول نهایی,بسته,0,55,0,18,37,12,8230112,https://ashkanplastic.com/product/8230112/,,,,
823011403,وان گرد 2 دسته اپل تاپ 3 سفید,,محصول نهایی,بسته,0,65,0,10,55,6,8230114,https://ashkanplastic.com/product/8230114/,,,,
823011401,وان گرد 2 دسته اپل تاپ 3 صورتی,,محصول نهایی,بسته,0,8,0.166667,1,7.166667,6,8230114,https://ashkanplastic.com/product/8230114/,,,,
823011402,وان گرد 2 دسته اپل تاپ 3 طوسی,,محصول نهایی,بسته,0,83,0.166667,39,44.166667,6,8230114,https://ashkanplastic.com/product/8230114/,,,,
823011407,وان گرد 2 دسته اپل تاپ 3 کرپ,,محصول نهایی,بسته,0,67,0.166667,12.166667,55,6,8230114,https://ashkanplastic.com/product/8230114/,,,,
823011409,وان گرد 2 دسته اپل تاپ 3 وانیلی,,محصول نهایی,بسته,0,63,0,27,36,6,8230114,https://ashkanplastic.com/product/8230114/,,,,
829511001,وان گرد 2 دسته بزرگ صورتی,,محصول نهایی,بسته,0,25,0,9,16,12,8295110,https://ashkanplastic.com/product/8295110/,,,,
829511009,وان گرد 2 دسته بزرگ وانیلی,,محصول نهایی,بسته,0,1,0,0,1,12,8295110,https://ashkanplastic.com/product/8295110/,,,,
823012004,وان گرد 4 دسته اپل تاپ 4 آبی,,محصول نهایی,بسته,0,0,1,1,0,6,8230120,https://ashkanplastic.com/product/8230120/,,,,
823012003,وان گرد 4 دسته اپل تاپ 4 سفید,,محصول نهایی,بسته,0,59,15,23,51,6,8230120,https://ashkanplastic.com/product/8230120/,,,,
823012002,وان گرد 4 دسته اپل تاپ 4 طوسی,,محصول نهایی,بسته,0,50,71,75,46,6,8230120,https://ashkanplastic.com/product/8230120/,,,,
823012007,وان گرد 4 دسته اپل تاپ 4 کرپ,,محصول نهایی,بسته,0,52,25,14,63,6,8230120,https://ashkanplastic.com/product/8230120/,,,,
823012009,وان گرد 4 دسته اپل تاپ 4 وانیلی,,محصول نهایی,بسته,0,51,0,48,3,6,8230120,https://ashkanplastic.com/product/8230120/,,,,
823012203,وان گرد 4 دسته اپل تاپ 5 سفید,,محصول نهایی,بسته,0,39,89,108,20,4,8230122,https://ashkanplastic.com/product/8230122/,,,,
823012202,وان گرد 4 دسته اپل تاپ 5 طوسی,,محصول نهایی,بسته,0,67,155.25,216.25,6,4,8230122,https://ashkanplastic.com/product/8230122/,,,,
823012207,وان گرد 4 دسته اپل تاپ 5 کرپ,,محصول نهایی,بسته,0,56,51,54,53,4,8230122,https://ashkanplastic.com/product/8230122/,,,,
823012209,وان گرد 4 دسته اپل تاپ 5 وانیلی,,محصول نهایی,بسته,0,39,65,90,14,4,8230122,https://ashkanplastic.com/product/8230122/,,,,
829011003,وان گرد 4 دسته سفید,,محصول نهایی,بسته,0,46,0,41,5,6,8290110,https://ashkanplastic.com/product/8290110/,,,,
829611003,وان گرد 4 دسته سوپر سفید,,محصول نهایی,بسته,0,46,133,115,64,6,8296110,https://ashkanplastic.com/product/8296110/,,,,
829611002,وان گرد 4 دسته سوپر طوسی,,محصول نهایی,بسته,0,56,205.833335,154.666668,107.166667,6,8296110,https://ashkanplastic.com/product/8296110/,,,,
829611007,وان گرد 4 دسته سوپر کرپ,,محصول نهایی,بسته,0,56,76,66,66,6,8296110,https://ashkanplastic.com/product/8296110/,,,,
829611009,وان گرد 4 دسته سوپر وانیلی,,محصول نهایی,بسته,0,57,70.333334,61.166667,66.166667,6,8296110,https://ashkanplastic.com/product/8296110/,,,,
829011001,وان گرد 4 دسته صورتی,,محصول نهایی,بسته,0,25,0.333333,9.333333,16,6,8290110,https://ashkanplastic.com/product/8290110/,,,,
829011002,وان گرد 4 دسته طوسی,,محصول نهایی,بسته,0,78,1.333333,76.333333,3,6,8290110,https://ashkanplastic.com/product/8290110/,,,,
829011007,وان گرد 4 دسته کرپ,,محصول نهایی,بسته,0,59,0,17,42,6,8290110,https://ashkanplastic.com/product/8290110/,,,,
829011011,وان گرد 4 دسته کرم,,محصول نهایی,بسته,0,3,0,3,0,6,8290110,https://ashkanplastic.com/product/8290110/,,,,
829311003,وان گرد 4 دسته مینی سوپر سفید,,محصول نهایی,بسته,0,38,40.333334,78.333334,0,6,8293110,https://ashkanplastic.com/product/8293110/,,,,
829311001,وان گرد 4 دسته مینی سوپر صورتی,,محصول نهایی,بسته,0,26,0.166667,5.166667,21,6,8293110,https://ashkanplastic.com/product/8293110/,,,,
829311002,وان گرد 4 دسته مینی سوپر طوسی,,محصول نهایی,بسته,0,42,146.333335,98.833335,89.5,6,8293110,https://ashkanplastic.com/product/8293110/,,,,
829311007,وان گرد 4 دسته مینی سوپر کرپ,,محصول نهایی,بسته,0,42,68,48,62,6,8293110,https://ashkanplastic.com/product/8293110/,,,,
829311009,وان گرد 4 دسته مینی سوپر وانیلی,,محصول نهایی,بسته,0,38,10,37,11,6,8293110,https://ashkanplastic.com/product/8293110/,,,,
829011009,وان گرد 4 دسته وانیلی,,محصول نهایی,بسته,0,57,0,22,35,6,8290110,https://ashkanplastic.com/product/8290110/,,,,
823041001,وان مستطیل اپل تاپ 1 صورتی,,محصول نهایی,بسته,0,22,0,22,0,12,8230410,https://ashkanplastic.com/product/8230410/,,,,
823041007,وان مستطیل اپل تاپ 1 کرپ,,محصول نهایی,بسته,0,2,0.5,2.5,0,12,8230410,https://ashkanplastic.com/product/8230410/,,,,
