sku_variant,product_name,technical_spec,product_type,unit,opening_balance_previous,period_opening,inbound,outbound_or_value,balance,pack_quantity,product_code,product_url
249301020,ادویه پاش پارمیس1,12,محصول نهایی,کارتن,0,0,275,45000,135,144,2493010,https://ashkanplastic.com/product/2493010/
249501020,ادویه پاش پارمیس3,12,محصول نهایی,کارتن,0,0,325,68000,165,60,2495010,https://ashkanplastic.com/product/2495010/
249951010,ادویه پاش سرآشپز,12,محصول نهایی,کارتن,0,209,165,204000,130,24,2499510,https://ashkanplastic.com/product/2499510/
129003110,آبکش پارمیس 1 الوان,اشکان اشکان,محصول نهایی,بسته,0,76,0,,76,,1290031,https://ashkanplastic.com/product/1290031/
110031202,آبکش تخت 1000 طوسی,12,محصول نهایی,بسته,0,35,96,54000,23,36,1100312,https://ashkanplastic.com/product/1100312/
110031207,آبکش تخت 1000 کرپ,12,محصول نهایی,بسته,0,24,49,54000,36,36,1100312,https://ashkanplastic.com/product/1100312/
110031217,آبکش تخت 1000 موکا,12,محصول نهایی,بسته,0,29,155,54000,80,36,1100312,https://ashkanplastic.com/product/1100312/
110031209,آبکش تخت 1000 وانیلی,12,محصول نهایی,بسته,0,45,89,54000,70,36,1100312,https://ashkanplastic.com/product/1100312/
110031403,آبکش تخت 2000 سفید,12,محصول نهایی,بسته,0,7,0.055556,71500,0,36,1100314,https://ashkanplastic.com/product/1100314/
110031401,آبکش تخت 2000 صورتی,12,محصول نهایی,بسته,0,13,0,71500,2,36,1100314,https://ashkanplastic.com/product/1100314/
110031402,آبکش تخت 2000 طوسی,12,محصول نهایی,بسته,0,29,105,71500,21,36,1100314,https://ashkanplastic.com/product/1100314/
110031407,آبکش تخت 2000 کرپ,12,محصول نهایی,بسته,0,29,74,71500,63,36,1100314,https://ashkanplastic.com/product/1100314/
110031411,آبکش تخت 2000 کرم,12,محصول نهایی,بسته,0,37,0,71500,37,36,1100314,https://ashkanplastic.com/product/1100314/
110031417,آبکش تخت 2000 موکا,12,محصول نهایی,بسته,0,24,149,71500,69,36,1100314,https://ashkanplastic.com/product/1100314/
110031409,آبکش تخت 2000 وانیلی,12,محصول نهایی,بسته,0,35,90,71500,63,36,1100314,https://ashkanplastic.com/product/1100314/
110031605,آبکش تخت 3000 سبز,12,محصول نهایی,بسته,0,0,0.055556,96500,0,36,1100316,https://ashkanplastic.com/product/1100316/
110031603,آبکش تخت 3000 سفید,12,محصول نهایی,بسته,0,1,0,96500,0,36,1100316,https://ashkanplastic.com/product/1100316/
110031602,آبکش تخت 3000 طوسی,12,محصول نهایی,بسته,0,6,141,96500,42,36,1100316,https://ashkanplastic.com/product/1100316/
110031607,آبکش تخت 3000 کرپ,12,محصول نهایی,بسته,0,18,71,96500,50,36,1100316,https://ashkanplastic.com/product/1100316/
110031611,آبکش تخت 3000 کرم,12,محصول نهایی,بسته,0,52,0,96500,52,36,1100316,https://ashkanplastic.com/product/1100316/
110031617,آبکش تخت 3000 موکا,12,محصول نهایی,بسته,0,12,140,96500,40,36,1100316,https://ashkanplastic.com/product/1100316/
110031609,آبکش تخت 3000 وانیلی,12,محصول نهایی,بسته,0,32,65,96500,39,36,1100316,https://ashkanplastic.com/product/1100316/
110031803,آبکش تخت 4000 سفید,12,محصول نهایی,بسته,0,0,0.041667,118500,0,24,1100318,https://ashkanplastic.com/product/1100318/
110031801,آبکش تخت 4000 صورتی,12,محصول نهایی,بسته,0,0,0.25,118500,0,24,1100318,https://ashkanplastic.com/product/1100318/
110031802,آبکش تخت 4000 طوسی,12,محصول نهایی,بسته,0,14,147,118500,26,24,1100318,https://ashkanplastic.com/product/1100318/
110031807,آبکش تخت 4000 کرپ,12,محصول نهایی,بسته,0,0,90,118500,77,24,1100318,https://ashkanplastic.com/product/1100318/
110031811,آبکش تخت 4000 کرم,12,محصول نهایی,بسته,0,17,0,118500,17,24,1100318,https://ashkanplastic.com/product/1100318/
110031817,آبکش تخت 4000 موکا,12,محصول نهایی,بسته,0,18,126,118500,26,24,1100318,https://ashkanplastic.com/product/1100318/
110031809,آبکش تخت 4000 وانیلی,12,محصول نهایی,بسته,0,49,70,118500,35,24,1100318,https://ashkanplastic.com/product/1100318/
110031003,آبکش تخت 500 سفید,12,محصول نهایی,بسته,0,8,0,33500,0,48,1100310,https://ashkanplastic.com/product/1100310/
110031001,آبکش تخت 500 صورتی,12,محصول نهایی,بسته,0,10,0.020833,33500,1,48,1100310,https://ashkanplastic.com/product/1100310/
110031002,آبکش تخت 500 طوسی,12,محصول نهایی,بسته,0,85,15,33500,47,48,1100310,https://ashkanplastic.com/product/1100310/
110031007,آبکش تخت 500 کرپ,12,محصول نهایی,بسته,0,0,40,33500,35,48,1100310,https://ashkanplastic.com/product/1100310/
110031017,آبکش تخت 500 موکا,12,محصول نهایی,بسته,0,69,30,33500,35,48,1100310,https://ashkanplastic.com/product/1100310/
110031009,آبکش تخت 500 وانیلی,12,محصول نهایی,بسته,0,40,27,33500,28,48,1100310,https://ashkanplastic.com/product/1100310/
110032001,آبکش تخت 5000 صورتی,12,محصول نهایی,بسته,0,23,0.125,159000,0,24,1100320,https://ashkanplastic.com/product/1100320/
110032002,آبکش تخت 5000 طوسی,12,محصول نهایی,بسته,0,0,163,159000,69,24,1100320,https://ashkanplastic.com/product/1100320/
110032007,آبکش تخت 5000 کرپ,12,محصول نهایی,بسته,0,2,75,159000,51,24,1100320,https://ashkanplastic.com/product/1100320/
110032017,آبکش تخت 5000 موکا,12,محصول نهایی,بسته,0,0,125,159000,67,24,1100320,https://ashkanplastic.com/product/1100320/
110032009,آبکش تخت 5000 وانیلی,12,محصول نهایی,بسته,0,30,109.416667,159000,41,24,1100320,https://ashkanplastic.com/product/1100320/
110032201,آبکش تخت 6000 صورتی,12,محصول نهایی,بسته,0,33,0,208500,26,24,1100322,https://ashkanplastic.com/product/1100322/
110032202,آبکش تخت 6000 طوسی,12,محصول نهایی,بسته,0,5,90,208500,44,24,1100322,https://ashkanplastic.com/product/1100322/
110032207,آبکش تخت 6000 کرپ,12,محصول نهایی,بسته,0,21,45,208500,51,24,1100322,https://ashkanplastic.com/product/1100322/
110032211,آبکش تخت 6000 کرم,12,محصول نهایی,بسته,0,38,0,208500,38,24,1100322,https://ashkanplastic.com/product/1100322/
110032217,آبکش تخت 6000 موکا,12,محصول نهایی,بسته,0,0,69,208500,37,24,1100322,https://ashkanplastic.com/product/1100322/
110032209,آبکش تخت 6000 وانیلی,12,محصول نهایی,بسته,0,20,66.458333,208500,51,24,1100322,https://ashkanplastic.com/product/1100322/
120001001,آبکش چلو 20 صورتی,12,محصول نهایی,بسته,0,12,0.145833,52000,5,48,1200010,https://ashkanplastic.com/product/1200010/
120001002,آبکش چلو 20 طوسی,12,محصول نهایی,بسته,0,19,80.041667,52000,55,48,1200010,https://ashkanplastic.com/product/1200010/
120001007,آبکش چلو 20 کرپ,12,محصول نهایی,بسته,0,0,54,52000,44,48,1200010,https://ashkanplastic.com/product/1200010/
120001017,آبکش چلو 20 موکا,12,محصول نهایی,بسته,0,24,75,52000,50,48,1200010,https://ashkanplastic.com/product/1200010/
120001009,آبکش چلو 20 وانیلی,12,محصول نهایی,بسته,0,27,39,52000,48,48,1200010,https://ashkanplastic.com/product/1200010/
120001201,آبکش چلو 25 صورتی,12,محصول نهایی,بسته,0,27,0.027778,73500,15,36,1200012,https://ashkanplastic.com/product/1200012/
120001202,آبکش چلو 25 طوسی,12,محصول نهایی,بسته,0,51,25,73500,27,36,1200012,https://ashkanplastic.com/product/1200012/
120001207,آبکش چلو 25 کرپ,12,محصول نهایی,بسته,0,2,28,73500,21,36,1200012,https://ashkanplastic.com/product/1200012/
120001217,آبکش چلو 25 موکا,12,محصول نهایی,بسته,0,55,15,73500,20,36,1200012,https://ashkanplastic.com/product/1200012/
120001209,آبکش چلو 25 وانیلی,12,محصول نهایی,بسته,0,46,0,73500,25,36,1200012,https://ashkanplastic.com/product/1200012/
120001401,آبکش چلو 30 صورتی,12,محصول نهایی,بسته,0,9,0.111111,98000,2,36,1200014,https://ashkanplastic.com/product/1200014/
120001402,آبکش چلو 30 طوسی,12,محصول نهایی,بسته,0,7,120,98000,74,36,1200014,https://ashkanplastic.com/product/1200014/
120001407,آبکش چلو 30 کرپ,12,محصول نهایی,بسته,0,0,75,98000,63,36,1200014,https://ashkanplastic.com/product/1200014/
120001417,آبکش چلو 30 موکا,12,محصول نهایی,بسته,0,11,121,98000,79,36,1200014,https://ashkanplastic.com/product/1200014/
120001409,آبکش چلو 30 وانیلی,12,محصول نهایی,بسته,0,25,60,98000,62,36,1200014,https://ashkanplastic.com/product/1200014/
120001601,آبکش چلو 35 صورتی,12,محصول نهایی,بسته,0,0.75,0,143000,0.75,24,1200016,https://ashkanplastic.com/product/1200016/
120001602,آبکش چلو 35 طوسی,12,محصول نهایی,بسته,0,0,159.041667,143000,92,24,1200016,https://ashkanplastic.com/product/1200016/
120001607,آبکش چلو 35 کرپ,12,محصول نهایی,بسته,0,0,35,143000,0,24,1200016,https://ashkanplastic.com/product/1200016/
120001615,آبکش چلو 35 موکا,12,محصول نهایی,بسته,0,21,145,143000,80,24,1200016,https://ashkanplastic.com/product/1200016/
120001609,آبکش چلو 35 وانیلی,12,محصول نهایی,بسته,0,38,51,143000,50,24,1200016,https://ashkanplastic.com/product/1200016/
120001801,آبکش چلو 45 صورتی,12,محصول نهایی,بسته,0,1,0.375,196500,1,24,1200018,https://ashkanplastic.com/product/1200018/
120001802,آبکش چلو 45 طوسی,12,محصول نهایی,بسته,0,19,50.125,196500,44,24,1200018,https://ashkanplastic.com/product/1200018/
120001807,آبکش چلو 45 کرپ,12,محصول نهایی,بسته,0,16,20,196500,32,24,1200018,https://ashkanplastic.com/product/1200018/
120001817,آبکش چلو 45 موکا,12,محصول نهایی,بسته,0,20,45,196500,39,24,1200018,https://ashkanplastic.com/product/1200018/
120001809,آبکش چلو 45 وانیلی,12,محصول نهایی,بسته,0,39,15,196500,38,24,1200018,https://ashkanplastic.com/product/1200018/
120002001,آبکش چلو 55 صورتی,12,محصول نهایی,بسته,0,12,1,268000,8,18,1200020,https://ashkanplastic.com/product/1200020/
120002002,آبکش چلو 55 طوسی,12,محصول نهایی,بسته,0,22,0,268000,5,18,1200020,https://ashkanplastic.com/product/1200020/
120002007,آبکش چلو 55 کرپ,12,محصول نهایی,بسته,0,31,1,268000,28,18,1200020,https://ashkanplastic.com/product/1200020/
120002017,آبکش چلو 55 موکا,12,محصول نهایی,بسته,0,24,0,268000,10,18,1200020,https://ashkanplastic.com/product/1200020/
120002009,آبکش چلو 55 وانیلی,12,محصول نهایی,بسته,0,24,0,268000,16,18,1200020,https://ashkanplastic.com/product/1200020/
120002201,آبکش چلو 65 صورتی,12,محصول نهایی,بسته,0,16,0.083333,318000,9,12,1200022,https://ashkanplastic.com/product/1200022/
120002202,آبکش چلو 65 طوسی,12,محصول نهایی,بسته,0,42,0,318000,20,12,1200022,https://ashkanplastic.com/product/1200022/
120002207,آبکش چلو 65 کرپ,12,محصول نهایی,بسته,0,40,0.5,318000,39,12,1200022,https://ashkanplastic.com/product/1200022/
120002217,آبکش چلو 65 موکا,12,محصول نهایی,بسته,0,35,0,318000,23,12,1200022,https://ashkanplastic.com/product/1200022/
120002209,آبکش چلو 65 وانیلی,12,محصول نهایی,بسته,0,49,0.083333,318000,40.083333,12,1200022,https://ashkanplastic.com/product/1200022/
130001401,آبکش یاس 3 صورتی,12,محصول نهایی,بسته,0,0,0.041667,,0,,1300014,https://ashkanplastic.com/product/1300014/
130001611,آبکش یاس 4 کرم,12,محصول نهایی,بسته,0,0,0.020833,,0,,1300016,https://ashkanplastic.com/product/1300016/
130201001,آبکش یاس مینی صورتی,12,محصول نهایی,بسته,0,0,0.010417,,0,,1302010,https://ashkanplastic.com/product/1302010/
130101010,آبکش یاس نقلی الوان,12,محصول نهایی,بسته,0,15,0,,15,,1301010,https://ashkanplastic.com/product/1301010/
160501008,آبمیوه گیری بزرگ آسان,اشکان-نصیری,محصول نهایی,کارتن,0,84,270,103000,223,36,1605010,https://ashkanplastic.com/product/1605010/
169001010,آبمیوه گیری بهنوش الوان,12,محصول نهایی,بسته,0,70,0,69000,54,24,1690010,https://ashkanplastic.com/product/1690010/
160301008,آبمیوه گیری کوچک آسان,12,محصول نهایی,کارتن,0,50,98.020833,53500,100,48,1603010,https://ashkanplastic.com/product/1603010/
162501010,آبمیوه گیری لوکس بزرگ اشکان الوان,12,محصول نهایی,بسته,0,265,157,121000,19,24,1625010,https://ashkanplastic.com/product/1625010/
162601010,آبمیوه گیری لوکس سوپر اشکان الوان,12,محصول نهایی,بسته,0,125,155.055556,140500,55,18,1626010,https://ashkanplastic.com/product/1626010/
162601009,آبمیوه گیری لوکس سوپر اشکان وانیلی,12,محصول نهایی,بسته,0,0,0.111111,140500,0,18,1626010,https://ashkanplastic.com/product/1626010/
162301010,آبمیوه گیری لوکس کوچک اشکان الوان,12,محصول نهایی,بسته,0,136,262,86500,163,48,1623010,https://ashkanplastic.com/product/1623010/
162301008,آبمیوه گیری لوکس کوچک اشکان شفاف,12,محصول نهایی,بسته,0,0,0.020833,86500,0,48,1623010,https://ashkanplastic.com/product/1623010/
162301002,آبمیوه گیری لوکس کوچک اشکان طوسی,12,محصول نهایی,بسته,0,0,0.0625,86500,0,48,1623010,https://ashkanplastic.com/product/1623010/
185001010,بادبزن اشکان الوان,12,محصول نهایی,بسته,0,150,75,54000,109,72,1850010,https://ashkanplastic.com/product/1850010/
189001010,بادبزن سلطانی - الوان,اشکان اشکان,محصول نهایی,کارتن,0,102,552,69000,178,48,1890010,https://ashkanplastic.com/product/1890010/
189001110,بادبزن کولاک - الوان,12,محصول نهایی,کارتن,0,30,310,51000,157,72,1890011,https://ashkanplastic.com/product/1890011/
449831110,باکس تخت همه کاره آوا سایز 1 (3لیتری)-الوان,12,محصول نهایی,کارتن,0,130,250.375001,178000,167,24,4498311,https://ashkanplastic.com/product/4498311/
449861010,باکس چند منظوره دسته دار  گوزل(10لیتری)-الوان,12,محصول نهایی,کارتن,0,42,576.722223,233000,275,18,4498610,https://ashkanplastic.com/product/4498610/
449801210,باکس همه کاره آوا سایز 2 (4لیتری)-الوان,12,محصول نهایی,کارتن,0,523,0.25,136000,300,36,4498012,https://ashkanplastic.com/product/4498012/
449801310,باکس همه کاره آوا سایز 3 (6لیتری)-الوان,12,محصول نهایی,کارتن,0,184,246,210000,192,18,4498013,https://ashkanplastic.com/product/4498013/
202001002,پادری اشکان طوسی,12,محصول نهایی,بسته,0,0,81,629000,42,12,2020010,https://ashkanplastic.com/product/2020010/
202001007,پادری اشکان کرپ,12,محصول نهایی,بسته,0,29,51,629000,45,12,2020010,https://ashkanplastic.com/product/2020010/
202001017,پادری اشکان موکا,12,محصول نهایی,بسته,0,46,81,629000,31,12,2020010,https://ashkanplastic.com/product/2020010/
221081010,پارچ 2 رنگ سیب الوان,12,محصول نهایی,بسته,0,200,441,156000,132,24,2210810,https://ashkanplastic.com/product/2210810/
221081001,پارچ 2 رنگ سیب صورتی,12,محصول نهایی,بسته,0,0,0.041667,156000,0,24,2210810,https://ashkanplastic.com/product/2210810/
222081010,پارچ 2 رنگ گلبرگ اشکان الوان,12,محصول نهایی,بسته,0,11,383,198000,0,12,2220810,https://ashkanplastic.com/product/2220810/
222081001,پارچ 2 رنگ گلبرگ اشکان صورتی,12,محصول نهایی,بسته,0,0,0.083333,198000,0,12,2220810,https://ashkanplastic.com/product/2220810/
222081002,پارچ 2 رنگ گلبرگ اشکان طوسی,12,محصول نهایی,بسته,0,0,0.083333,198000,0.083333,12,2220810,https://ashkanplastic.com/product/2220810/
229001010,پارچ الماس الوان,12,محصول نهایی,بسته,0,142,988.166667,196500,268,12,2290010,https://ashkanplastic.com/product/2290010/
229001008,پارچ الماس شفاف,12,محصول نهایی,بسته,0,0,0.583333,196500,0,12,2290010,https://ashkanplastic.com/product/2290010/
229001001,پارچ الماس صورتی,12,محصول نهایی,بسته,0,0,0.083333,196500,0,12,2290010,https://ashkanplastic.com/product/2290010/
229001002,پارچ الماس طوسی,12,محصول نهایی,بسته,0,0,0.25,196500,0,12,2290010,https://ashkanplastic.com/product/2290010/
229501110,پارچ بزرگ دلسا,12,محصول نهایی,کارتن,0,0,1273,190000,284,12,2295011,https://ashkanplastic.com/product/2295011/
229301110,پارچ کوچک دلسا,12,محصول نهایی,کارتن,0,0,1087,150000,230,24,2293011,https://ashkanplastic.com/product/2293011/
227001010,پارچ گلرو الوان,12,محصول نهایی,بسته,0,43,295.041667,99500,108,24,2270010,https://ashkanplastic.com/product/2270010/
227091210,پارچ گلرو شفاف درب الوان,12,محصول نهایی,بسته,0,0,0.041667,135500,0,24,2270912,https://ashkanplastic.com/product/2270912/
229501001,پارچ لامیا بزرگ صورتی,12,محصول نهایی,بسته,0,0.666667,0,116000,0.666667,18,2295010,https://ashkanplastic.com/product/2295010/
229501002,پارچ لامیا بزرگ طوسی,12,محصول نهایی,بسته,0,115,19.222222,116000,77,18,2295010,https://ashkanplastic.com/product/2295010/
229501007,پارچ لامیا بزرگ کرپ,12,محصول نهایی,بسته,0,23,45,116000,57,18,2295010,https://ashkanplastic.com/product/2295010/
229501017,پارچ لامیا بزرگ موکا,12,محصول نهایی,بسته,0,78,41,116000,68,18,2295010,https://ashkanplastic.com/product/2295010/
229501009,پارچ لامیا بزرگ وانیلی,12,محصول نهایی,بسته,0,87,0,116000,64,18,2295010,https://ashkanplastic.com/product/2295010/
229301001,پارچ لامیا کوچک صورتی,12,محصول نهایی,بسته,0,21,0,83500,21,24,2293010,https://ashkanplastic.com/product/2293010/
229301002,پارچ لامیا کوچک طوسی,12,محصول نهایی,بسته,0,99,51,83500,81,24,2293010,https://ashkanplastic.com/product/2293010/
229301007,پارچ لامیا کوچک کرپ,12,محصول نهایی,بسته,0,13,59,83500,58,24,2293010,https://ashkanplastic.com/product/2293010/
229301017,پارچ لامیا کوچک موکا,12,محصول نهایی,بسته,0,99,30,83500,72,24,2293010,https://ashkanplastic.com/product/2293010/
229301009,پارچ لامیا کوچک وانیلی,12,محصول نهایی,بسته,0,97,0,83500,50,24,2293010,https://ashkanplastic.com/product/2293010/
229002010,پارچ موج مدل 103- الوان,اشکان- اشکان,محصول نهایی,کارتن,0,3,978.25,221500,384,12,2290020,https://ashkanplastic.com/product/2290020/
229002024,پارچ موج مدل 103- آبی,12,محصول نهایی,کارتن,0,0,0.083333,221500,0,12,2290020,https://ashkanplastic.com/product/2290020/
229002008,پارچ موج مدل 103- شفاف,اشکان- اشکان,محصول نهایی,کارتن,0,279,2382.583333,221500,203.083334,12,2290020,https://ashkanplastic.com/product/2290020/
229002025,پارچ موج مدل 103- عسلی,12,محصول نهایی,کارتن,0,67,0.166667,221500,0.166667,12,2290020,https://ashkanplastic.com/product/2290020/
712002010,پیمانه لوکس مدرج اشکان الوان,12,محصول نهایی,بسته,0,111,119.083333,61000,114,36,7120020,https://ashkanplastic.com/product/7120020/
712002008,پیمانه لوکس مدرج اشکان شفاف,12,محصول نهایی,بسته,0,0,0.055556,61000,0,36,7120020,https://ashkanplastic.com/product/7120020/
899302010,تخته گوشت کوچک دلسا - الوان,12,محصول نهایی,کارتن,0,66,0,,51,,8993020,https://ashkanplastic.com/product/8993020/
899402010,تخته گوشت متوسط دلسا - الوان,12,محصول نهایی,کارتن,0,1,0,,1,,8994020,https://ashkanplastic.com/product/8994020/
656001001,تفاله گیر روشا صورتی,12,محصول نهایی,بسته,0,31,0,34000,22,48,6560010,https://ashkanplastic.com/product/6560010/
656001002,تفاله گیر روشا طوسی,12,محصول نهایی,بسته,0,73,85.041666,34000,75,48,6560010,https://ashkanplastic.com/product/6560010/
656001007,تفاله گیر روشا کرپ,12,محصول نهایی,بسته,0,6,60.020833,34000,54,48,6560010,https://ashkanplastic.com/product/6560010/
656001017,تفاله گیر روشا موکا,12,محصول نهایی,بسته,0,73,105,34000,73,48,6560010,https://ashkanplastic.com/product/6560010/
656001009,تفاله گیر روشا وانیلی,12,محصول نهایی,بسته,0,73,0.041667,34000,42,48,6560010,https://ashkanplastic.com/product/6560010/
651001010,تفاله گیر لوکس سیب الوان,12,محصول نهایی,بسته,0,1,0,26500,0,60,6510010,https://ashkanplastic.com/product/6510010/
651001001,تفاله گیر لوکس سیب صورتی,12,محصول نهایی,بسته,0,0,0.016667,26500,0,60,6510010,https://ashkanplastic.com/product/6510010/
651001002,تفاله گیر لوکس سیب طوسی,12,محصول نهایی,بسته,0,0,0.033333,26500,0,60,6510010,https://ashkanplastic.com/product/6510010/
780001010,توالت شوی دلسا مدل 303 گرد- الوان,12,محصول نهایی,بسته,0,0,526,203000,17,24,7800010,https://ashkanplastic.com/product/7800010/
780052010,توالت شوی دلسا مدل 403 مربع - الوان,12,محصول نهایی,بسته,0,155,486,198000,1,24,7800520,https://ashkanplastic.com/product/7800520/
248801010,جا ادویه تکی هما الوان,12,محصول نهایی,بسته,0,426,85,45000,303,48,2488010,https://ashkanplastic.com/product/2488010/
248001010,جا ادویه گلدار هما الوان,12,محصول نهایی,بسته,0,259,905,266500,211,18,2480010,https://ashkanplastic.com/product/2480010/
248001001,جا ادویه گلدار هما صورتی,12,محصول نهایی,بسته,0,0,0.055556,266500,0.055556,18,2480010,https://ashkanplastic.com/product/2480010/
248001002,جا ادویه گلدار هما طوسی,12,محصول نهایی,بسته,0,0,0.111112,266500,0,18,2480010,https://ashkanplastic.com/product/2480010/
248001007,جا ادویه گلدار هما کرپ,12,محصول نهایی,بسته,0,0,0.444445,266500,0,18,2480010,https://ashkanplastic.com/product/2480010/
360801010,جا اسکاجی آویز تکی الوان,12,محصول نهایی,بسته,0,172,536,46000,98,48,3608010,https://ashkanplastic.com/product/3608010/
360801002,جا اسکاجی آویز تکی طوسی,12,محصول نهایی,بسته,0,0,9.75,46000,0,48,3608010,https://ashkanplastic.com/product/3608010/
369701010,جا اسکاجی دو قلو حصیری الوان,12,محصول نهایی,بسته,0,0,0.125,,0,,3697010,https://ashkanplastic.com/product/3697010/
361701010,جا اسکاجی دو قلوی سیب الوان,12,محصول نهایی,بسته,0,54,348,78500,1,48,3617010,https://ashkanplastic.com/product/3617010/
361701001,جا اسکاجی دو قلوی سیب صورتی,12,محصول نهایی,بسته,0,0,0.729166,78500,0,48,3617010,https://ashkanplastic.com/product/3617010/
361701002,جا اسکاجی دو قلوی سیب طوسی,12,محصول نهایی,بسته,0,0,0.1875,78500,0,48,3617010,https://ashkanplastic.com/product/3617010/
361701009,جا اسکاجی دو قلوی سیب وانیلی,12,محصول نهایی,بسته,0,0,0.020833,78500,0,48,3617010,https://ashkanplastic.com/product/3617010/
419001010,جا تخم مرغی 15 خانه مزرعه الوان,12,محصول نهایی,کارتن,0,0,362,133500,292,18,4190010,https://ashkanplastic.com/product/4190010/
419001003,جا تخم مرغی 15 خانه مزرعه سفید,12,محصول نهایی,کارتن,0,132,0,133500,0,18,4190010,https://ashkanplastic.com/product/4190010/
419001008,جا تخم مرغی 15 خانه مزرعه شفاف,12,محصول نهایی,کارتن,0,125,0,133500,93,18,4190010,https://ashkanplastic.com/product/4190010/
419001002,جا تخم مرغی 15 خانه مزرعه طوسی,12,محصول نهایی,کارتن,0,190,0.055556,133500,0,18,4190010,https://ashkanplastic.com/product/4190010/
419001007,جا تخم مرغی 15 خانه مزرعه کرپ,12,محصول نهایی,کارتن,0,0,0.444444,133500,0,18,4190010,https://ashkanplastic.com/product/4190010/
419001017,جا تخم مرغی 15 خانه مزرعه موکا,12,محصول نهایی,کارتن,0,52,0,133500,0,18,4190010,https://ashkanplastic.com/product/4190010/
379001010,جا صابونی آنالیا الوان,12,محصول نهایی,بسته,0,114,116,45000,70,96,3790010,https://ashkanplastic.com/product/3790010/
379001004,جا صابونی آنالیا آبی,12,محصول نهایی,بسته,0,0,0.010417,45000,0,96,3790010,https://ashkanplastic.com/product/3790010/
371091010,جا صابونی سیب شفاف الوان,12,محصول نهایی,بسته,0,205,437,60500,182,72,3710910,https://ashkanplastic.com/product/3710910/
371091007,جا صابونی سیب شفاف کرپ,12,محصول نهایی,بسته,0,0,0.013889,60500,0,72,3710910,https://ashkanplastic.com/product/3710910/
379001410,جا صابونی نگین دار الوان,12,محصول نهایی,بسته,0,82,182,37500,73,96,3790014,https://ashkanplastic.com/product/3790014/
409001010,جا قاشقی آویز گشنیز الوان,12,محصول نهایی,بسته,0,0,0.027778,73500,0,30,4090010,https://ashkanplastic.com/product/4090010/
409001001,جا قاشقی آویز گشنیز صورتی,12,محصول نهایی,بسته,0,59,0.055556,73500,24,30,4090010,https://ashkanplastic.com/product/4090010/
409001002,جا قاشقی آویز گشنیز طوسی,12,محصول نهایی,بسته,0,0,0.472223,73500,0,30,4090010,https://ashkanplastic.com/product/4090010/
409001007,جا قاشقی آویز گشنیز کرپ,12,محصول نهایی,بسته,0,15,0.083334,73500,0,30,4090010,https://ashkanplastic.com/product/4090010/
409001009,جا قاشقی آویز گشنیز وانیلی,12,محصول نهایی,بسته,0,0,0.027778,73500,0,30,4090010,https://ashkanplastic.com/product/4090010/
401001010,جا قاشقی آویز لوکس سیب الوان,12,محصول نهایی,بسته,0,0,0.233333,70000,0,30,4010010,https://ashkanplastic.com/product/4010010/
401001001,جا قاشقی آویز لوکس سیب صورتی,12,محصول نهایی,بسته,0,25,0.166666,70000,2,30,4010010,https://ashkanplastic.com/product/4010010/
401001002,جا قاشقی آویز نیکا طوسی,12,محصول نهایی,بسته,0,0,390,70000,91,30,4010010,https://ashkanplastic.com/product/4010010/
401001007,جا قاشقی آویز نیکا کرپ,12,محصول نهایی,بسته,0,1,195.066667,70000,70,30,4010010,https://ashkanplastic.com/product/4010010/
401001017,جا قاشقی آویز نیکا موکا,12,محصول نهایی,بسته,0,0,471,70000,92,30,4010010,https://ashkanplastic.com/product/4010010/
401001009,جا قاشقی آویز نیکا وانیلی,12,محصول نهایی,بسته,0,0,105,70000,72,30,4010010,https://ashkanplastic.com/product/4010010/
408701010,جا قاشقی دو پارچه هما الوان,12,محصول نهایی,بسته,0,28,1.083333,99000,1,24,4087010,https://ashkanplastic.com/product/4087010/
401701002,جا قاشقی دو جداره سیب طوسی,12,محصول نهایی,بسته,0,0,0.041667,,0,,4017010,https://ashkanplastic.com/product/4017010/
401001201,جا قاشقی سه خانه سیب صورتی,12,محصول نهایی,بسته,0,1,0.111111,59000,1,36,4010012,https://ashkanplastic.com/product/4010012/
401001202,جا قاشقی سه خانه سیب طوسی,12,محصول نهایی,بسته,0,35,51,59000,26,36,4010012,https://ashkanplastic.com/product/4010012/
401001207,جا قاشقی سه خانه سیب کرپ,12,محصول نهایی,بسته,0,1,85,59000,66,36,4010012,https://ashkanplastic.com/product/4010012/
401001217,جا قاشقی سه خانه سیب موکا,12,محصول نهایی,بسته,0,32,82,59000,64,36,4010012,https://ashkanplastic.com/product/4010012/
401001209,جا قاشقی سه خانه سیب وانیلی,12,محصول نهایی,بسته,0,33,58,59000,65,36,4010012,https://ashkanplastic.com/product/4010012/
674001010,جا کاغذی دایانا الوان,12,محصول نهایی,بسته,0,122,0,93000,70,24,6740010,https://ashkanplastic.com/product/6740010/
674001001,جا کاغذی دایانا صورتی,12,محصول نهایی,بسته,0,0,0.291667,93000,0,24,6740010,https://ashkanplastic.com/product/6740010/
429004010,جا کره ای چوبی دلسا,12,محصول نهایی,کارتن,0,200,0,238000,195,36,4290040,https://ashkanplastic.com/product/4290040/
429001010,جا کره ای هما الوان,12,محصول نهایی,بسته,0,320,204.458334,56500,90,48,4290010,https://ashkanplastic.com/product/4290010/
429001001,جا کره ای هما صورتی,12,محصول نهایی,بسته,0,0,0.291667,56500,0.166667,48,4290010,https://ashkanplastic.com/product/4290010/
429001002,جا کره ای هما طوسی,12,محصول نهایی,بسته,0,0,0.041667,56500,0,48,4290010,https://ashkanplastic.com/product/4290010/
429001007,جا کره ای هما کرپ,12,محصول نهایی,بسته,0,0,0.020833,56500,0,48,4290010,https://ashkanplastic.com/product/4290010/
391001010,جا لوازم التحریر سیب الوان,12,محصول نهایی,بسته,0,285,0,73000,219,48,3910010,https://ashkanplastic.com/product/3910010/
391001001,جا لوازم التحریر سیب صورتی,12,محصول نهایی,بسته,0,0,0.020833,73000,0,48,3910010,https://ashkanplastic.com/product/3910010/
391001007,جا لوازم التحریر سیب کرپ,12,محصول نهایی,بسته,0,0,0.083333,73000,0,48,3910010,https://ashkanplastic.com/product/3910010/
359001020,جا مایع دلسا,12,محصول نهایی,کارتن,0,0,580,115000,193,24,3590010,https://ashkanplastic.com/product/3590010/
362001010,جااسکاجی دو قلوی اشکان الوان,12,محصول نهایی,بسته,0,193,179,71000,6,48,3620010,https://ashkanplastic.com/product/3620010/
362001001,جااسکاجی دو قلوی اشکان صورتی,12,محصول نهایی,بسته,0,0,0.125,71000,0.083333,48,3620010,https://ashkanplastic.com/product/3620010/
362001007,جااسکاجی دو قلوی اشکان کرپ,12,محصول نهایی,بسته,0,0,0.0625,71000,0.0625,48,3620010,https://ashkanplastic.com/product/3620010/
362001009,جااسکاجی دو قلوی اشکان وانیلی,12,محصول نهایی,بسته,0,0,0.0625,71000,0.0625,48,3620010,https://ashkanplastic.com/product/3620010/
329001108,جابرنجی 10 کیلوگرمی نیکا,12,محصول نهایی,کارتن,0,369,734.166667,542500,109,6,3290011,https://ashkanplastic.com/product/3290011/
329001008,جابرنجی 5 کیلوگرمی نیکا,12,محصول نهایی,کارتن,0,106,768.916667,369000,183,12,3290010,https://ashkanplastic.com/product/3290010/
383091010,جاپودری اپل تاپ شفاف درب الوان,12,محصول نهایی,بسته,0,128,372.027778,91000,218,36,3830910,https://ashkanplastic.com/product/3830910/
382091010,جاپودری اشکان شفاف الوان,12,محصول نهایی,بسته,0,158,0.041667,127000,48,24,3820910,https://ashkanplastic.com/product/3820910/
269301120,جاحبوبات پارمیس1,12,محصول نهایی,کارتن,0,0,291,73000,44,48,2693011,https://ashkanplastic.com/product/2693011/
269401120,جاحبوبات پارمیس2,12,محصول نهایی,کارتن,0,0,352,93000,128,36,2694011,https://ashkanplastic.com/product/2694011/
269501120,جاحبوبات پارمیس3,12,محصول نهایی,کارتن,0,0,382,110000,8,24,2695011,https://ashkanplastic.com/product/2695011/
269501010,جاحبوباتی بزرگ نیکا درب الوان,12,محصول نهایی,کارتن,0,545,70.111111,107500,395,18,2695010,https://ashkanplastic.com/product/2695010/
269301010,جاحبوباتی کوچک نیکا درب الوان,12,محصول نهایی,کارتن,0,235,173.138889,71500,167,36,2693010,https://ashkanplastic.com/product/2693010/
263011010,جاحبوباتی گرد اپل تاپ 2 دوعددی الوان,12,محصول نهایی,بسته,0,0,0.083333,116500,0,24,2630110,https://ashkanplastic.com/product/2630110/
269401010,جاحبوباتی متوسط نیکا درب الوان,12,محصول نهایی,کارتن,0,259,80.055556,91000,171,18,2694010,https://ashkanplastic.com/product/2694010/
269554008,جاحبوباتی مربع درب چوبی دلسا بزرگ,12,محصول نهایی,کارتن,0,1,0.111111,,1,,2695540,https://ashkanplastic.com/product/2695540/
499801010,جارو دستی تکی الوان نپتون,-,محصول نهایی,بسته,0,73,416.020833,94500,0.625,48,4998010,https://ashkanplastic.com/product/4998010/
499801902,جارو دستی تکی نپتون طوسی,12,محصول نهایی,بسته,0,0,0.016667,,0,,4998019,https://ashkanplastic.com/product/4998019/
499701001,جارو دستی دو قلو نپتون صورتی,12,محصول نهایی,بسته,0,0,0.016667,,0,,4997010,https://ashkanplastic.com/product/4997010/
499701002,جارو دستی دو قلو نپتون طوسی,12,محصول نهایی,بسته,0,0,0.016667,,0,,4997010,https://ashkanplastic.com/product/4997010/
499701110,جارو دستی دوقلو  الوان نپتون,12,محصول نهایی,بسته,0,37,985.027778,116500,0,36,4997011,https://ashkanplastic.com/product/4997011/
403001010,جاقاشقی اپل تاپ الوان,12,محصول نهایی,بسته,0,39,299,109000,169,24,4030010,https://ashkanplastic.com/product/4030010/
409003010,جاقاشقی چند منظوره نیکا الوان,12,محصول نهایی,کارتن,0,0,568,89500,206,36,4090030,https://ashkanplastic.com/product/4090030/
409003002,جاقاشقی چند منظوره نیکا طوسی,12,محصول نهایی,کارتن,0,158,0,89500,0,36,4090030,https://ashkanplastic.com/product/4090030/
409003007,جاقاشقی چند منظوره نیکا کرپ,12,محصول نهایی,کارتن,0,4,0,89500,0,36,4090030,https://ashkanplastic.com/product/4090030/
409003009,جاقاشقی چند منظوره نیکا وانیلی,12,محصول نهایی,کارتن,0,47,0,89500,0,36,4090030,https://ashkanplastic.com/product/4090030/
409081010,جاقاشقی دو رنگ حصیر بافت الوان,12,محصول نهایی,کارتن,0,0,960,125000,147,18,4090810,https://ashkanplastic.com/product/4090810/
409081003,جاقاشقی دو رنگ حصیر بافت سفید,12,محصول نهایی,کارتن,0,156,0,125000,53,18,4090810,https://ashkanplastic.com/product/4090810/
409081002,جاقاشقی دو رنگ حصیر بافت طوسی,12,محصول نهایی,کارتن,0,0,102.444444,125000,0,18,4090810,https://ashkanplastic.com/product/4090810/
409081017,جاقاشقی دو رنگ حصیر بافت موکا,12,محصول نهایی,کارتن,0,0,66,125000,0,18,4090810,https://ashkanplastic.com/product/4090810/
409081009,جاقاشقی دو رنگ حصیر بافت وانیلی,12,محصول نهایی,کارتن,0,55,55,125000,0,18,4090810,https://ashkanplastic.com/product/4090810/
409002010,جاقاشقی کابینتی پارمیس الوان,12,محصول نهایی,کارتن,0,0,419,205000,161,8,4090020,https://ashkanplastic.com/product/4090020/
409002002,جاقاشقی کابینتی پارمیس طوسی,12,محصول نهایی,کارتن,0,31,61.125,205000,0,8,4090020,https://ashkanplastic.com/product/4090020/
409002007,جاقاشقی کابینتی پارمیس کرپ,12,محصول نهایی,کارتن,0,1,0,205000,1,8,4090020,https://ashkanplastic.com/product/4090020/
409002017,جاقاشقی کابینتی پارمیس موکا,12,محصول نهایی,کارتن,0,64,45.25,205000,0,8,4090020,https://ashkanplastic.com/product/4090020/
409002009,جاقاشقی کابینتی پارمیس وانیلی,12,محصول نهایی,کارتن,0,92,1.125,205000,2,8,4090020,https://ashkanplastic.com/product/4090020/
402001010,جاقاشقی مدرن اشکان الوان,12,محصول نهایی,بسته,0,0,0.041667,,0,,4020010,https://ashkanplastic.com/product/4020010/
439891008,جانانی آس 1,12,محصول نهایی,کارتن,0,322,854.25,210000,354,12,4398910,https://ashkanplastic.com/product/4398910/
439891108,جانانی آس 2,12,محصول نهایی,کارتن,0,273,862.833334,339500,256,12,4398911,https://ashkanplastic.com/product/4398911/
439891208,جانانی آس 3,12,محصول نهایی,کارتن,0,143,970.166667,511000,360.5,6,4398912,https://ashkanplastic.com/product/4398912/
212001010,جایخی الوان درب شفاف اشکان,12,محصول نهایی,کارتن,0,172,703,56500,168,48,2120010,https://ashkanplastic.com/product/2120010/
219001010,جایخی برفک پک 2 عددی الوان,12,محصول نهایی,کارتن,0,85,719,120000,196,24,2190010,https://ashkanplastic.com/product/2190010/
442001010,جعبه ابزار همه کاره اشکان الوان,12,محصول نهایی,بسته,0,108,680.833333,309000,304,12,4420010,https://ashkanplastic.com/product/4420010/
442001008,جعبه ابزار همه کاره اشکان شفاف,12,محصول نهایی,بسته,0,0,0.333333,309000,0,12,4420010,https://ashkanplastic.com/product/4420010/
442001002,جعبه ابزار همه کاره اشکان طوسی,12,محصول نهایی,بسته,0,0,0.499999,309000,0,12,4420010,https://ashkanplastic.com/product/4420010/
454003010,جعبه نظم دهنده سه پارچه دایانا الوان,اشکان,محصول نهایی,کارتن,0,101,0,122000,63,24,4540030,https://ashkanplastic.com/product/4540030/
454001001,جعبه همه کاره دایانا بدون درب 1 صورتی,12,محصول نهایی,بسته,0,64,0.305556,107500,36,36,4540010,https://ashkanplastic.com/product/4540010/
454001002,جعبه همه کاره دایانا بدون درب 1 طوسی,12,محصول نهایی,بسته,0,23,166.055556,107500,72,36,4540010,https://ashkanplastic.com/product/4540010/
454001007,جعبه همه کاره دایانا بدون درب 1 کرپ,12,محصول نهایی,بسته,0,0,65.166667,107500,51,36,4540010,https://ashkanplastic.com/product/4540010/
454001017,جعبه همه کاره دایانا بدون درب 1 موکا,12,محصول نهایی,بسته,0,4,133.027778,107500,44,36,4540010,https://ashkanplastic.com/product/4540010/
454001009,جعبه همه کاره دایانا بدون درب 1 وانیلی,12,محصول نهایی,بسته,0,102,0,107500,46,36,4540010,https://ashkanplastic.com/product/4540010/
454001201,جعبه همه کاره دایانا بدون درب 2 صورتی,12,محصول نهایی,بسته,0,23,0.041667,133500,5,24,4540012,https://ashkanplastic.com/product/4540012/
454001202,جعبه همه کاره دایانا بدون درب 2 طوسی,12,محصول نهایی,بسته,0,14,208.458333,133500,67,24,4540012,https://ashkanplastic.com/product/4540012/
454001207,جعبه همه کاره دایانا بدون درب 2 کرپ,12,محصول نهایی,بسته,0,5,81.541667,133500,62,24,4540012,https://ashkanplastic.com/product/4540012/
454001217,جعبه همه کاره دایانا بدون درب 2 موکا,12,محصول نهایی,بسته,0,95,135.083334,133500,78,24,4540012,https://ashkanplastic.com/product/4540012/
454001209,جعبه همه کاره دایانا بدون درب 2 وانیلی,12,محصول نهایی,بسته,0,30,56.250001,133500,45,24,4540012,https://ashkanplastic.com/product/4540012/
454001401,جعبه همه کاره دایانا بدون درب 3 صورتی,12,محصول نهایی,بسته,0,32,0.125,195000,14,24,4540014,https://ashkanplastic.com/product/4540014/
454001402,جعبه همه کاره دایانا بدون درب 3 طوسی,12,محصول نهایی,بسته,0,0,189.541667,195000,88,24,4540014,https://ashkanplastic.com/product/4540014/
454001407,جعبه همه کاره دایانا بدون درب 3 کرپ,12,محصول نهایی,بسته,0,0,81.833334,195000,74,24,4540014,https://ashkanplastic.com/product/4540014/
454001417,جعبه همه کاره دایانا بدون درب 3 موکا,12,محصول نهایی,بسته,0,50,177.041667,195000,78,24,4540014,https://ashkanplastic.com/product/4540014/
454001409,جعبه همه کاره دایانا بدون درب 3 وانیلی,12,محصول نهایی,بسته,0,27,79.458333,195000,58,24,4540014,https://ashkanplastic.com/product/4540014/
454001610,جعبه همه کاره دایانا بدون درب 4 الوان,12,محصول نهایی,بسته,0,0,151,268000,30,12,4540016,https://ashkanplastic.com/product/4540016/
454001601,جعبه همه کاره دایانا بدون درب 4 صورتی,12,محصول نهایی,بسته,0,18,0,268000,14,12,4540016,https://ashkanplastic.com/product/4540016/
454001602,جعبه همه کاره دایانا بدون درب 4 طوسی,12,محصول نهایی,بسته,0,0,0.5,268000,0,12,4540016,https://ashkanplastic.com/product/4540016/
454001607,جعبه همه کاره دایانا بدون درب 4 کرپ,12,محصول نهایی,بسته,0,20,0,268000,0,12,4540016,https://ashkanplastic.com/product/4540016/
454001617,جعبه همه کاره دایانا بدون درب 4 موکا,12,محصول نهایی,کارتن,0,30,0.166666,268000,0,12,4540016,https://ashkanplastic.com/product/4540016/
454001609,جعبه همه کاره دایانا بدون درب 4 وانیلی,12,محصول نهایی,بسته,0,51,0,268000,28,12,4540016,https://ashkanplastic.com/product/4540016/
444001001,جعبه همه کاره دایانا درب دار 1 صورتی,12,محصول نهایی,بسته,0,32,0,140500,31,48,4440010,https://ashkanplastic.com/product/4440010/
444001002,جعبه همه کاره دایانا درب دار 1 طوسی,12,محصول نهایی,بسته,0,63,0,140500,23,48,4440010,https://ashkanplastic.com/product/4440010/
444001007,جعبه همه کاره دایانا درب دار 1 کرپ,12,محصول نهایی,بسته,0,34,0,140500,26,48,4440010,https://ashkanplastic.com/product/4440010/
444001017,جعبه همه کاره دایانا درب دار 1 موکا,12,محصول نهایی,بسته,0,57,0.020833,140500,29,48,4440010,https://ashkanplastic.com/product/4440010/
444001009,جعبه همه کاره دایانا درب دار 1 وانیلی,12,محصول نهایی,بسته,0,38,0,140500,18,48,4440010,https://ashkanplastic.com/product/4440010/
444001201,جعبه همه کاره دایانا درب دار 2 صورتی,12,محصول نهایی,کارتن,0,16,0.666667,199000,9,18,4440012,https://ashkanplastic.com/product/4440012/
444001202,جعبه همه کاره دایانا درب دار 2 طوسی,12,محصول نهایی,کارتن,0,14,60,199000,34,18,4440012,https://ashkanplastic.com/product/4440012/
444001207,جعبه همه کاره دایانا درب دار 2 کرپ,12,محصول نهایی,کارتن,0,36,0.055556,199000,25,18,4440012,https://ashkanplastic.com/product/4440012/
444001217,جعبه همه کاره دایانا درب دار 2 موکا,12,محصول نهایی,کارتن,0,79,0,199000,50,18,4440012,https://ashkanplastic.com/product/4440012/
444001209,جعبه همه کاره دایانا درب دار 2 وانیلی,12,محصول نهایی,کارتن,0,44,20.055556,199000,48,18,4440012,https://ashkanplastic.com/product/4440012/
444001401,جعبه همه کاره دایانا درب دار 3 صورتی,12,محصول نهایی,کارتن,0,21,0,292500,12,18,4440014,https://ashkanplastic.com/product/4440014/
444001402,جعبه همه کاره دایانا درب دار 3 طوسی,12,محصول نهایی,کارتن,0,61,0,292500,41,18,4440014,https://ashkanplastic.com/product/4440014/
444001407,جعبه همه کاره دایانا درب دار 3 کرپ,12,محصول نهایی,کارتن,0,36,0,292500,28,18,4440014,https://ashkanplastic.com/product/4440014/
444001417,جعبه همه کاره دایانا درب دار 3 موکا,12,محصول نهایی,کارتن,0,63,0,292500,37,18,4440014,https://ashkanplastic.com/product/4440014/
444001409,جعبه همه کاره دایانا درب دار 3 وانیلی,12,محصول نهایی,کارتن,0,46,0,292500,37,18,4440014,https://ashkanplastic.com/product/4440014/
444001802,جعبه همه کاره دایانا درب دار 4 طوسی,12,محصول نهایی,کارتن,0,21,60,383500,57,12,4440018,https://ashkanplastic.com/product/4440018/
444001807,جعبه همه کاره دایانا درب دار 4 کرپ,12,محصول نهایی,کارتن,0,49,60,383500,103,12,4440018,https://ashkanplastic.com/product/4440018/
444001817,جعبه همه کاره دایانا درب دار 4 موکا,12,محصول نهایی,کارتن,0,23,0,383500,0,12,4440018,https://ashkanplastic.com/product/4440018/
444001809,جعبه همه کاره دایانا درب دار 4 وانیلی,12,محصول نهایی,کارتن,0,38,0,383500,29,12,4440018,https://ashkanplastic.com/product/4440018/
454201610,جعبه همه کاره دایانا مینی بدون درب الوان,12,محصول نهایی,بسته,0,42,200,65500,99,24,4542016,https://ashkanplastic.com/product/4542016/
454201602,جعبه همه کاره دایانا مینی بدون درب طوسی,12,محصول نهایی,بسته,0,0,0.083334,65500,0,24,4542016,https://ashkanplastic.com/product/4542016/
444201010,جعبه همه کاره دایانا مینی درب دار الوان,12,محصول نهایی,بسته,0,25,90,99500,43,18,4442010,https://ashkanplastic.com/product/4442010/
454101010,جعبه همه کاره دایانا نقلی بدون درب الوان,12,محصول نهایی,بسته,0,61,70,47000,55,60,4541010,https://ashkanplastic.com/product/4541010/
454101001,جعبه همه کاره دایانا نقلی بدون درب صورتی,12,محصول نهایی,بسته,0,0,0.166667,47000,0,60,4541010,https://ashkanplastic.com/product/4541010/
454101007,جعبه همه کاره دایانا نقلی بدون درب کرپ,12,محصول نهایی,بسته,0,0,0.016667,47000,0,60,4541010,https://ashkanplastic.com/product/4541010/
444101010,جعبه همه کاره دایانا نقلی درب دار الوان,12,محصول نهایی,بسته,0,95,40,60500,83,48,4441010,https://ashkanplastic.com/product/4441010/
391001110,چند منظوره دیواری سیب الوان,12,محصول نهایی,بسته,0,0,350.972222,71500,158,72,3910011,https://ashkanplastic.com/product/3910011/
480001001,چهار پایه 25 سانتی صورتی,12,محصول نهایی,بسته,0,10,0.083333,204000,0.083333,12,4800010,https://ashkanplastic.com/product/4800010/
480001002,چهار پایه 25 سانتی طوسی,12,محصول نهایی,بسته,0,2,0.25,204000,0,12,4800010,https://ashkanplastic.com/product/4800010/
480001009,چهار پایه 25 سانتی وانیلی,12,محصول نهایی,بسته,0,17,0,204000,0,12,4800010,https://ashkanplastic.com/product/4800010/
480001202,چهار پایه 36 سانتی طوسی,12,محصول نهایی,بسته,0,2,0,343000,2,6,4800012,https://ashkanplastic.com/product/4800012/
480001402,چهار پایه 50 سانتی طوسی,12,محصول نهایی,بسته,0,26,0,608000,0,6,4800014,https://ashkanplastic.com/product/4800014/
480001407,چهار پایه 50 سانتی کرپ,12,محصول نهایی,بسته,0,5,0,608000,0,6,4800014,https://ashkanplastic.com/product/4800014/
480001417,چهار پایه 50 سانتی موکا,12,محصول نهایی,بسته,0,15,0,608000,0,6,4800014,https://ashkanplastic.com/product/4800014/
480001409,چهار پایه 50 سانتی وانیلی,12,محصول نهایی,بسته,0,42,0,608000,0,6,4800014,https://ashkanplastic.com/product/4800014/
480001601,چهار پایه 70 سانتی صورتی,12,محصول نهایی,بسته,0,57,0.333333,1005000,21,6,4800016,https://ashkanplastic.com/product/4800016/
480001602,چهار پایه 70 سانتی طوسی,12,محصول نهایی,بسته,0,0,0.166667,1005000,0,6,4800016,https://ashkanplastic.com/product/4800016/
480001607,چهار پایه 70 سانتی کرپ,12,محصول نهایی,بسته,0,50,0,1005000,16,6,4800016,https://ashkanplastic.com/product/4800016/
480001617,چهار پایه 70 سانتی موکا,12,محصول نهایی,بسته,0,20,0,1005000,0,6,4800016,https://ashkanplastic.com/product/4800016/
480001609,چهار پایه 70 سانتی وانیلی,12,محصول نهایی,بسته,0,19,0.166667,1005000,0,6,4800016,https://ashkanplastic.com/product/4800016/
502501001,خاک انداز بزرگ اشکان صورتی,12,محصول نهایی,بسته,0,0,0.125,71000,0,48,5025010,https://ashkanplastic.com/product/5025010/
502501002,خاک انداز بزرگ اشکان طوسی,12,محصول نهایی,بسته,0,42,342,71000,57,48,5025010,https://ashkanplastic.com/product/5025010/
502501007,خاک انداز بزرگ اشکان کرپ,12,محصول نهایی,بسته,0,0,115,71000,38,48,5025010,https://ashkanplastic.com/product/5025010/
502501011,خاک انداز بزرگ اشکان کرم,12,محصول نهایی,بسته,0,11,0,71000,6,48,5025010,https://ashkanplastic.com/product/5025010/
502501017,خاک انداز بزرگ اشکان موکا,12,محصول نهایی,بسته,0,38,319,71000,61,48,5025010,https://ashkanplastic.com/product/5025010/
502501009,خاک انداز بزرگ اشکان وانیلی,12,محصول نهایی,بسته,0,81,84,71000,60,48,5025010,https://ashkanplastic.com/product/5025010/
509501000,خاک انداز بزرگ راگا,12,محصول نهایی,بسته,0,85,163,42500,107,48,5095010,https://ashkanplastic.com/product/5095010/
502601002,خاک انداز سوپر اشکان طوسی,12,محصول نهایی,بسته,0,0,73,79000,0,24,5026010,https://ashkanplastic.com/product/5026010/
502601007,خاک انداز سوپر اشکان کرپ,12,محصول نهایی,بسته,0,0,85,79000,85,24,5026010,https://ashkanplastic.com/product/5026010/
502601017,خاک انداز سوپر اشکان موکا,12,محصول نهایی,بسته,0,0,70,79000,29,24,5026010,https://ashkanplastic.com/product/5026010/
502601009,خاک انداز سوپر اشکان وانیلی,12,محصول نهایی,بسته,0,0,79,79000,0,24,5026010,https://ashkanplastic.com/product/5026010/
501001101,خاک انداز سیب صورتی,12,محصول نهایی,بسته,0,52,0,70000,39,48,5010011,https://ashkanplastic.com/product/5010011/
501001102,خاک انداز سیب طوسی,12,محصول نهایی,بسته,0,30,125,70000,51,48,5010011,https://ashkanplastic.com/product/5010011/
501001107,خاک انداز سیب کرپ,12,محصول نهایی,بسته,0,19,60,70000,42,48,5010011,https://ashkanplastic.com/product/5010011/
501001117,خاک انداز سیب موکا,12,محصول نهایی,بسته,0,18,134,70000,58,48,5010011,https://ashkanplastic.com/product/5010011/
501001109,خاک انداز سیب وانیلی,12,محصول نهایی,بسته,0,58,21,70000,47,48,5010011,https://ashkanplastic.com/product/5010011/
502301001,خاک انداز کوچک اشکان صورتی,12,محصول نهایی,بسته,0,3,0.033334,59500,1,60,5023010,https://ashkanplastic.com/product/5023010/
502301002,خاک انداز کوچک اشکان طوسی,12,محصول نهایی,بسته,0,24,229,59500,55,60,5023010,https://ashkanplastic.com/product/5023010/
502301007,خاک انداز کوچک اشکان کرپ,12,محصول نهایی,بسته,0,0,106,59500,52,60,5023010,https://ashkanplastic.com/product/5023010/
502301011,خاک انداز کوچک اشکان کرم,12,محصول نهایی,بسته,0,32,0,59500,32,60,5023010,https://ashkanplastic.com/product/5023010/
502301017,خاک انداز کوچک اشکان موکا,12,محصول نهایی,بسته,0,3,224,59500,51,60,5023010,https://ashkanplastic.com/product/5023010/
502301009,خاک انداز کوچک اشکان وانیلی,12,محصول نهایی,بسته,0,57,74,59500,56,60,5023010,https://ashkanplastic.com/product/5023010/
743001101,درب سطل زباله 25 لیتری صورتی,12,محصول نهایی,بسته,0,1,0,,1,,7430011,https://ashkanplastic.com/product/7430011/
743001301,درب سطل زباله 45 لیتری صورتی,12,محصول نهایی,بسته,0,4,0,,4,,7430013,https://ashkanplastic.com/product/7430013/
743001307,درب سطل زباله 45 لیتری کرپ,12,محصول نهایی,بسته,0,3,0,,3,,7430013,https://ashkanplastic.com/product/7430013/
702501103,درب سطل نخل سفید,12,محصول نهایی,بسته,0,126,0,90500,126,12,7025011,https://ashkanplastic.com/product/7025011/
709501108,درب سطل نخل شفاف شفاف,12,محصول نهایی,بسته,0,22,0,92000,22,12,7095011,https://ashkanplastic.com/product/7095011/
702501101,درب سطل نخل صورتی,12,محصول نهایی,بسته,0,247,0,90500,242,12,7025011,https://ashkanplastic.com/product/7025011/
702501102,درب سطل نخل طوسی,12,محصول نهایی,بسته,0,23,0,90500,10,12,7025011,https://ashkanplastic.com/product/7025011/
702501106,درب سطل نخل قرمز,12,محصول نهایی,بسته,0,162,0,90500,160,12,7025011,https://ashkanplastic.com/product/7025011/
702501111,درب سطل نخل کرم,12,محصول نهایی,بسته,0,127,0,90500,125,12,7025011,https://ashkanplastic.com/product/7025011/
519401002,زنبیل بزرگ G63 طوسی,12,محصول نهایی,بسته,0,0,527.666667,355000,122,6,5194010,https://ashkanplastic.com/product/5194010/
519401007,زنبیل بزرگ G63 کرپ,12,محصول نهایی,بسته,0,0,151,355000,56,6,5194010,https://ashkanplastic.com/product/5194010/
519401017,زنبیل بزرگ G63 موکا,12,محصول نهایی,بسته,0,0,450,355000,22,6,5194010,https://ashkanplastic.com/product/5194010/
519401009,زنبیل بزرگ G63 وانیلی,12,محصول نهایی,بسته,0,0,244,355000,67,6,5194010,https://ashkanplastic.com/product/5194010/
521001001,زنبیل سیب S300 صورتی,12,محصول نهایی,بسته,0,32,0.416666,105000,31,12,5210010,https://ashkanplastic.com/product/5210010/
521001002,زنبیل سیب S300 طوسی,12,محصول نهایی,بسته,0,104,0.166666,105000,47,12,5210010,https://ashkanplastic.com/product/5210010/
521001007,زنبیل سیب S300 کرپ,12,محصول نهایی,بسته,0,3,50.333333,105000,49,12,5210010,https://ashkanplastic.com/product/5210010/
521001017,زنبیل سیب S300 موکا,12,محصول نهایی,بسته,0,84,16,105000,46,12,5210010,https://ashkanplastic.com/product/5210010/
521001009,زنبیل سیب S300 وانیلی,12,محصول نهایی,بسته,0,99,0.333333,105000,76,12,5210010,https://ashkanplastic.com/product/5210010/
521001201,زنبیل سیب S400 صورتی,12,محصول نهایی,بسته,0,18,2.416666,168500,16,12,5210012,https://ashkanplastic.com/product/5210012/
521001202,زنبیل سیب S400 طوسی,12,محصول نهایی,بسته,0,36,78.833332,168500,61,12,5210012,https://ashkanplastic.com/product/5210012/
521001207,زنبیل سیب S400 کرپ,12,محصول نهایی,بسته,0,42,16,168500,46,12,5210012,https://ashkanplastic.com/product/5210012/
521001217,زنبیل سیب S400 موکا,12,محصول نهایی,بسته,0,0,103,168500,65,12,5210012,https://ashkanplastic.com/product/5210012/
521001209,زنبیل سیب S400 وانیلی,12,محصول نهایی,بسته,0,64,15.333333,168500,44,12,5210012,https://ashkanplastic.com/product/5210012/
521001401,زنبیل سیب S500 صورتی,12,محصول نهایی,بسته,0,0,1.583333,243500,0,12,5210014,https://ashkanplastic.com/product/5210014/
521001402,زنبیل سیب S500 طوسی,12,محصول نهایی,بسته,0,49,239.333333,243500,105.333333,12,5210014,https://ashkanplastic.com/product/5210014/
521001407,زنبیل سیب S500 کرپ,12,محصول نهایی,بسته,0,0,121.666667,243500,93,12,5210014,https://ashkanplastic.com/product/5210014/
521001417,زنبیل سیب S500 موکا,12,محصول نهایی,بسته,0,3,265,243500,110,12,5210014,https://ashkanplastic.com/product/5210014/
521001409,زنبیل سیب S500 وانیلی,12,محصول نهایی,بسته,0,80,117,243500,96,12,5210014,https://ashkanplastic.com/product/5210014/
521001601,زنبیل سیب S600 صورتی,12,محصول نهایی,بسته,0,43,0.583332,374000,35,12,5210016,https://ashkanplastic.com/product/5210016/
521001602,زنبیل سیب S600 طوسی,12,محصول نهایی,بسته,0,81,98.333333,374000,56.083333,12,5210016,https://ashkanplastic.com/product/5210016/
521001607,زنبیل سیب S600 کرپ,12,محصول نهایی,بسته,0,25,68.583333,374000,67,12,5210016,https://ashkanplastic.com/product/5210016/
521001617,زنبیل سیب S600 موکا,12,محصول نهایی,بسته,0,60,109,374000,45,12,5210016,https://ashkanplastic.com/product/5210016/
521001609,زنبیل سیب S600 وانیلی,12,محصول نهایی,بسته,0,97,0,374000,52,12,5210016,https://ashkanplastic.com/product/5210016/
521001801,زنبیل سیب S700 صورتی,12,محصول نهایی,بسته,0,0,1.333333,393000,0,6,5210018,https://ashkanplastic.com/product/5210018/
521001802,زنبیل سیب S700 طوسی,12,محصول نهایی,بسته,0,62,182.833334,393000,53,6,5210018,https://ashkanplastic.com/product/5210018/
521001807,زنبیل سیب S700 کرپ,12,محصول نهایی,بسته,0,54,71,393000,63,6,5210018,https://ashkanplastic.com/product/5210018/
521001817,زنبیل سیب S700 موکا,12,محصول نهایی,بسته,0,33,189,393000,55,6,5210018,https://ashkanplastic.com/product/5210018/
521001809,زنبیل سیب S700 وانیلی,12,محصول نهایی,بسته,0,52,61,393000,45,6,5210018,https://ashkanplastic.com/product/5210018/
521002001,زنبیل سیب و ستاره صورتی,12,محصول نهایی,بسته,0,64,0,112500,60,12,5210020,https://ashkanplastic.com/product/5210020/
521002002,زنبیل سیب و ستاره طوسی,12,محصول نهایی,بسته,0,12,49.083333,112500,45.083333,12,5210020,https://ashkanplastic.com/product/5210020/
521002007,زنبیل سیب و ستاره کرپ,12,محصول نهایی,بسته,0,94,0,112500,82,12,5210020,https://ashkanplastic.com/product/5210020/
521002201,زنبیل سیب و ستاره کودک صورتی,12,محصول نهایی,بسته,0,16,0,79500,12,24,5210022,https://ashkanplastic.com/product/5210022/
521002202,زنبیل سیب و ستاره کودک طوسی,12,محصول نهایی,بسته,0,61,55,79500,72,24,5210022,https://ashkanplastic.com/product/5210022/
521002207,زنبیل سیب و ستاره کودک کرپ,12,محصول نهایی,بسته,0,42,0,79500,26,24,5210022,https://ashkanplastic.com/product/5210022/
521002217,زنبیل سیب و ستاره کودک موکا,12,محصول نهایی,بسته,0,39,57,79500,71,24,5210022,https://ashkanplastic.com/product/5210022/
521002209,زنبیل سیب و ستاره کودک وانیلی,12,محصول نهایی,بسته,0,52,0,79500,40,24,5210022,https://ashkanplastic.com/product/5210022/
521002017,زنبیل سیب و ستاره موکا,12,محصول نهایی,بسته,0,0,50,112500,45,12,5210020,https://ashkanplastic.com/product/5210020/
521002009,زنبیل سیب و ستاره وانیلی,12,محصول نهایی,بسته,0,36,0,112500,29,12,5210020,https://ashkanplastic.com/product/5210020/
519301002,زنبیل کوچک G62 طوسی,12,محصول نهایی,بسته,0,0,424,224000,96,12,5193010,https://ashkanplastic.com/product/5193010/
519301007,زنبیل کوچک G62 کرپ,12,محصول نهایی,بسته,0,0,152,224000,80,12,5193010,https://ashkanplastic.com/product/5193010/
519301012,زنبیل کوچک G62 مشکی,12,محصول نهایی,بسته,0,0,11,224000,0,12,5193010,https://ashkanplastic.com/product/5193010/
519301017,زنبیل کوچک G62 موکا,12,محصول نهایی,بسته,0,0,450,224000,81,12,5193010,https://ashkanplastic.com/product/5193010/
519301009,زنبیل کوچک G62 وانیلی,12,محصول نهایی,بسته,0,0,231,224000,85,12,5193010,https://ashkanplastic.com/product/5193010/
531011001,زنبیل گرد سیب E 200 صورتی,12,محصول نهایی,بسته,0,55,0,115000,53,24,5310110,https://ashkanplastic.com/product/5310110/
531011002,زنبیل گرد سیب E 200 طوسی,12,محصول نهایی,بسته,0,77,2.166667,115000,44.041667,24,5310110,https://ashkanplastic.com/product/5310110/
531011007,زنبیل گرد سیب E 200 کرپ,12,محصول نهایی,بسته,0,27,1,115000,24,24,5310110,https://ashkanplastic.com/product/5310110/
531011017,زنبیل گرد سیب E 200 موکا,12,محصول نهایی,بسته,0,70,2,115000,37,24,5310110,https://ashkanplastic.com/product/5310110/
531011009,زنبیل گرد سیب E 200 وانیلی,12,محصول نهایی,بسته,0,87,0,115000,70,24,5310110,https://ashkanplastic.com/product/5310110/
531011201,زنبیل گرد سیب E 250 صورتی,12,محصول نهایی,بسته,0,0,1,167000,0,12,5310112,https://ashkanplastic.com/product/5310112/
531011202,زنبیل گرد سیب E 250 طوسی,12,محصول نهایی,بسته,0,98,174.500001,167000,74,12,5310112,https://ashkanplastic.com/product/5310112/
531011207,زنبیل گرد سیب E 250 کرپ,12,محصول نهایی,بسته,0,0,99.249999,167000,73.083333,12,5310112,https://ashkanplastic.com/product/5310112/
531011217,زنبیل گرد سیب E 250 موکا,12,محصول نهایی,بسته,0,79,183,167000,74,12,5310112,https://ashkanplastic.com/product/5310112/
531011209,زنبیل گرد سیب E 250 وانیلی,12,محصول نهایی,بسته,0,39,81.083333,167000,45,12,5310112,https://ashkanplastic.com/product/5310112/
531011401,زنبیل گرد سیب E 300 صورتی,12,محصول نهایی,بسته,0,0,0.916667,324000,0,12,5310114,https://ashkanplastic.com/product/5310114/
531011402,زنبیل گرد سیب E 300 طوسی,12,محصول نهایی,بسته,0,32,342.083332,324000,80,12,5310114,https://ashkanplastic.com/product/5310114/
531011407,زنبیل گرد سیب E 300 کرپ,12,محصول نهایی,بسته,0,0,93.333333,324000,40,12,5310114,https://ashkanplastic.com/product/5310114/
531011417,زنبیل گرد سیب E 300 موکا,12,محصول نهایی,بسته,0,59,321,324000,75,12,5310114,https://ashkanplastic.com/product/5310114/
531011409,زنبیل گرد سیب E 300 وانیلی,12,محصول نهایی,بسته,0,98,81.5,324000,38,12,5310114,https://ashkanplastic.com/product/5310114/
531011601,زنبیل گرد سیب E 350 صورتی,12,محصول نهایی,بسته,0,17,1.5,455000,0,6,5310116,https://ashkanplastic.com/product/5310116/
531011602,زنبیل گرد سیب E 350 طوسی,12,محصول نهایی,بسته,0,150,200.333333,455000,48,6,5310116,https://ashkanplastic.com/product/5310116/
531011607,زنبیل گرد سیب E 350 کرپ,12,محصول نهایی,بسته,0,13,123.5,455000,68,6,5310116,https://ashkanplastic.com/product/5310116/
531011617,زنبیل گرد سیب E 350 موکا,12,محصول نهایی,بسته,0,95,223,455000,35,6,5310116,https://ashkanplastic.com/product/5310116/
531011609,زنبیل گرد سیب E 350 وانیلی,12,محصول نهایی,بسته,0,107,100,455000,52,6,5310116,https://ashkanplastic.com/product/5310116/
549001003,زیر گلدان 1 سفید,12,محصول نهایی,بسته,0,35,433.008333,32500,128,120,5490010,https://ashkanplastic.com/product/5490010/
549001403,زیر گلدان 2 سفید,12,محصول نهایی,بسته,0,22,430,50500,140,120,5490014,https://ashkanplastic.com/product/5490014/
549001803,زیر گلدان 3 سفید,12,محصول نهایی,بسته,0,27,312.0625,54000,53,96,5490018,https://ashkanplastic.com/product/5490018/
549002003,زیر گلدان 4 سفید,12,محصول نهایی,بسته,0,74,250.013889,81000,122,72,5490020,https://ashkanplastic.com/product/5490020/
549002203,زیر گلدان 5 سفید,12,محصول نهایی,بسته,0,35,189.020833,118500,94,48,5490022,https://ashkanplastic.com/product/5490022/
547002803,زیر گلدان گلرو 10 سفید,12,محصول نهایی,بسته,0,31,285,224500,123,6,5470028,https://ashkanplastic.com/product/5470028/
547002203,زیر گلدان گلرو 7 سفید,12,محصول نهایی,بسته,0,77,914,88500,191,6,5470022,https://ashkanplastic.com/product/5470022/
547002403,زیر گلدان گلرو 8 سفید,12,محصول نهایی,بسته,0,197,446,103000,90,6,5470024,https://ashkanplastic.com/product/5470024/
547002603,زیر گلدان گلرو 9 سفید,12,محصول نهایی,بسته,0,32,300,176000,102,6,5470026,https://ashkanplastic.com/product/5470026/
547002003,زیرگلدان گلرو 6 سفید,12,محصول نهایی,بسته,0,249,1034,59000,113,12,5470020,https://ashkanplastic.com/product/5470020/
674002010,سبد استوانه همه کاره دایانا 1- الوان,12,محصول نهایی,بسته,0,107,215,37000,131,72,6740020,https://ashkanplastic.com/product/6740020/
674002110,سبد استوانه همه کاره دایانا 2- الوان,12,محصول نهایی,کارتن,0,120,225,42000,151,72,6740021,https://ashkanplastic.com/product/6740021/
674002210,سبد استوانه همه کاره دایانا 3- الوان,12,محصول نهایی,کارتن,0,104,195,58000,109,36,6740022,https://ashkanplastic.com/product/6740022/
640521010,سبد بیضی 2رنگ بزرگ الوان,12,محصول نهایی,بسته,0,19,150,90500,50,30,6405210,https://ashkanplastic.com/product/6405210/
640521001,سبد بیضی 2رنگ بزرگ صورتی,12,محصول نهایی,بسته,0,0,0.066667,90500,0,30,6405210,https://ashkanplastic.com/product/6405210/
640321010,سبد بیضی 2رنگ کوچک الوان,12,محصول نهایی,بسته,0,122,100,75000,134,36,6403210,https://ashkanplastic.com/product/6403210/
640521210,سبد بیضی تک رنگ بزرگ الوان,12,محصول نهایی,بسته,0,1,0,70000,0,36,6405212,https://ashkanplastic.com/product/6405212/
640521202,سبد بیضی تک رنگ بزرگ طوسی,12,محصول نهایی,بسته,0,0,0.027778,70000,0,36,6405212,https://ashkanplastic.com/product/6405212/
661501005,سبد پیک نیک بزرگ سیب سبز,12,محصول نهایی,بسته,0,0,0.333333,790000,0,6,6615010,https://ashkanplastic.com/product/6615010/
661501001,سبد پیک نیک بزرگ سیب صورتی,12,محصول نهایی,بسته,0,111,0.166667,790000,30,6,6615010,https://ashkanplastic.com/product/6615010/
661501002,سبد پیک نیک بزرگ سیب طوسی,12,محصول نهایی,بسته,0,28,327.666665,790000,32,6,6615010,https://ashkanplastic.com/product/6615010/
661501007,سبد پیک نیک بزرگ سیب کرپ,12,محصول نهایی,بسته,0,5,93.833335,790000,20,6,6615010,https://ashkanplastic.com/product/6615010/
661501017,سبد پیک نیک بزرگ سیب موکا,12,محصول نهایی,بسته,0,0,299,790000,8,6,6615010,https://ashkanplastic.com/product/6615010/
661501009,سبد پیک نیک بزرگ سیب وانیلی,12,محصول نهایی,بسته,0,12,128,790000,66,6,6615010,https://ashkanplastic.com/product/6615010/
661601001,سبد پیک نیک سوپر سیب صورتی,12,محصول نهایی,بسته,0,127,0.333334,880000,47,6,6616010,https://ashkanplastic.com/product/6616010/
661601002,سبد پیک نیک سوپر سیب طوسی,12,محصول نهایی,بسته,0,42,227.5,880000,30.333333,6,6616010,https://ashkanplastic.com/product/6616010/
661601007,سبد پیک نیک سوپر سیب کرپ,12,محصول نهایی,بسته,0,3,122.833334,880000,88,6,6616010,https://ashkanplastic.com/product/6616010/
661601017,سبد پیک نیک سوپر سیب موکا,12,محصول نهایی,بسته,0,4,213,880000,29,6,6616010,https://ashkanplastic.com/product/6616010/
661601009,سبد پیک نیک سوپر سیب وانیلی,12,محصول نهایی,بسته,0,10,98.166667,880000,40,6,6616010,https://ashkanplastic.com/product/6616010/
661301001,سبد پیک نیک کوچک سیب صورتی,12,محصول نهایی,بسته,0,47,57.833333,478000,48.083333,12,6613010,https://ashkanplastic.com/product/6613010/
661301002,سبد پیک نیک کوچک سیب طوسی,12,محصول نهایی,بسته,0,1,306.916666,478000,61,12,6613010,https://ashkanplastic.com/product/6613010/
661301007,سبد پیک نیک کوچک سیب کرپ,12,محصول نهایی,بسته,0,30,93.333333,478000,60.083333,12,6613010,https://ashkanplastic.com/product/6613010/
661301017,سبد پیک نیک کوچک سیب موکا,12,محصول نهایی,بسته,0,10,276,478000,61,12,6613010,https://ashkanplastic.com/product/6613010/
661301009,سبد پیک نیک کوچک سیب وانیلی,12,محصول نهایی,بسته,0,14,141.25,478000,62.083333,12,6613010,https://ashkanplastic.com/product/6613010/
601501001,سبد خرید بزرگ سیب صورتی,12,محصول نهایی,بسته,0,0,0.999999,294500,0,12,6015010,https://ashkanplastic.com/product/6015010/
601501002,سبد خرید بزرگ سیب طوسی,12,محصول نهایی,بسته,0,73,296.916664,294500,125.083333,12,6015010,https://ashkanplastic.com/product/6015010/
601501007,سبد خرید بزرگ سیب کرپ,12,محصول نهایی,بسته,0,23,124.416666,294500,75,12,6015010,https://ashkanplastic.com/product/6015010/
601501017,سبد خرید بزرگ سیب موکا,12,محصول نهایی,بسته,0,45,261.333333,294500,111,12,6015010,https://ashkanplastic.com/product/6015010/
601501009,سبد خرید بزرگ سیب وانیلی,12,محصول نهایی,بسته,0,77,73.333333,294500,70.083333,12,6015010,https://ashkanplastic.com/product/6015010/
609101001,سبد خرید زیبا نقلی صورتی,12,محصول نهایی,بسته,0,77,0,51000,73,36,6091010,https://ashkanplastic.com/product/6091010/
609101002,سبد خرید زیبا نقلی طوسی,12,محصول نهایی,بسته,0,127,0,51000,76,36,6091010,https://ashkanplastic.com/product/6091010/
609101007,سبد خرید زیبا نقلی کرپ,12,محصول نهایی,بسته,0,33,60,51000,62,36,6091010,https://ashkanplastic.com/product/6091010/
609101017,سبد خرید زیبا نقلی موکا,12,محصول نهایی,بسته,0,77,50,51000,89,36,6091010,https://ashkanplastic.com/product/6091010/
609101009,سبد خرید زیبا نقلی وانیلی,12,محصول نهایی,بسته,0,80,0,51000,70,36,6091010,https://ashkanplastic.com/product/6091010/
601601001,سبد خرید سوپر سیب صورتی,12,محصول نهایی,بسته,0,58,0,391000,51,12,6016010,https://ashkanplastic.com/product/6016010/
601601002,سبد خرید سوپر سیب طوسی,12,محصول نهایی,بسته,0,102,100.249999,391000,112.083333,12,6016010,https://ashkanplastic.com/product/6016010/
601601007,سبد خرید سوپر سیب کرپ,12,محصول نهایی,بسته,0,2,48.416667,391000,46.166667,12,6016010,https://ashkanplastic.com/product/6016010/
601601017,سبد خرید سوپر سیب موکا,12,محصول نهایی,بسته,0,83,110,391000,113,12,6016010,https://ashkanplastic.com/product/6016010/
601601009,سبد خرید سوپر سیب وانیلی,12,محصول نهایی,بسته,0,86,0,391000,54,12,6016010,https://ashkanplastic.com/product/6016010/
601301001,سبد خرید کوچک سیب صورتی,12,محصول نهایی,بسته,0,19,0.041667,156000,10,24,6013010,https://ashkanplastic.com/product/6013010/
601301002,سبد خرید کوچک سیب طوسی,12,محصول نهایی,بسته,0,18,191,156000,106,24,6013010,https://ashkanplastic.com/product/6013010/
601301007,سبد خرید کوچک سیب کرپ,12,محصول نهایی,بسته,0,29,70.125,156000,78,24,6013010,https://ashkanplastic.com/product/6013010/
601301017,سبد خرید کوچک سیب موکا,12,محصول نهایی,بسته,0,2,140,156000,69,24,6013010,https://ashkanplastic.com/product/6013010/
601301009,سبد خرید کوچک سیب وانیلی,12,محصول نهایی,بسته,0,23,80.041667,156000,74,24,6013010,https://ashkanplastic.com/product/6013010/
600001001,سبد خرید لوکس 2000 صورتی,12,محصول نهایی,بسته,0,44,0,,44,24,6000010,https://ashkanplastic.com/product/6000010/
600001002,سبد خرید لوکس 2000 طوسی,12,محصول نهایی,بسته,0,4,0,,2,24,6000010,https://ashkanplastic.com/product/6000010/
600001007,سبد خرید لوکس 2000 کرپ,12,محصول نهایی,بسته,0,6,0,,6,24,6000010,https://ashkanplastic.com/product/6000010/
600001201,سبد خرید لوکس 6000 صورتی,12,محصول نهایی,بسته,0,47,0,,47,12,6000012,https://ashkanplastic.com/product/6000012/
600001207,سبد خرید لوکس 6000 کرپ,12,محصول نهایی,بسته,0,13,0,,13,12,6000012,https://ashkanplastic.com/product/6000012/
600001209,سبد خرید لوکس 6000 وانیلی,12,محصول نهایی,بسته,0,22,0.25,,20,12,6000012,https://ashkanplastic.com/product/6000012/
601401001,سبد خرید متوسط سیب صورتی,12,محصول نهایی,بسته,0,32,0.083334,213500,11,24,6014010,https://ashkanplastic.com/product/6014010/
601401002,سبد خرید متوسط سیب طوسی,12,محصول نهایی,بسته,0,78,181,213500,79,24,6014010,https://ashkanplastic.com/product/6014010/
601401007,سبد خرید متوسط سیب کرپ,12,محصول نهایی,بسته,0,0,100.041667,213500,89.041667,24,6014010,https://ashkanplastic.com/product/6014010/
601401017,سبد خرید متوسط سیب موکا,12,محصول نهایی,بسته,0,78,170.041667,213500,70,24,6014010,https://ashkanplastic.com/product/6014010/
601401009,سبد خرید متوسط سیب وانیلی,12,محصول نهایی,بسته,0,83,30,213500,61,24,6014010,https://ashkanplastic.com/product/6014010/
601201001,سبد خرید مینی سیب صورتی,12,محصول نهایی,بسته,0,19,0,112500,15,24,6012010,https://ashkanplastic.com/product/6012010/
601201002,سبد خرید مینی سیب طوسی,12,محصول نهایی,بسته,0,51,65.041667,112500,73,24,6012010,https://ashkanplastic.com/product/6012010/
601201007,سبد خرید مینی سیب کرپ,12,محصول نهایی,بسته,0,18,59.083333,112500,64.083333,24,6012010,https://ashkanplastic.com/product/6012010/
601201017,سبد خرید مینی سیب موکا,12,محصول نهایی,بسته,0,58,40,112500,59,24,6012010,https://ashkanplastic.com/product/6012010/
601201009,سبد خرید مینی سیب وانیلی,12,محصول نهایی,بسته,0,77,0,112500,59,24,6012010,https://ashkanplastic.com/product/6012010/
601003001,سبد خرید نی نی سیب صورتی,12,محصول نهایی,بسته,0,28,0,61500,23,36,6010030,https://ashkanplastic.com/product/6010030/
601003002,سبد خرید نی نی سیب طوسی,12,محصول نهایی,بسته,0,95,55,61500,99,36,6010030,https://ashkanplastic.com/product/6010030/
601003007,سبد خرید نی نی سیب کرپ,12,محصول نهایی,بسته,0,26,45.055556,61500,59,36,6010030,https://ashkanplastic.com/product/6010030/
601003017,سبد خرید نی نی سیب موکا,12,محصول نهایی,بسته,0,77,81,61500,104,36,6010030,https://ashkanplastic.com/product/6010030/
601003009,سبد خرید نی نی سیب وانیلی,12,محصول نهایی,بسته,0,101,0,61500,89,36,6010030,https://ashkanplastic.com/product/6010030/
619001601,سبد رخت 10000 بامبو-صورتی,12,محصول نهایی,بسته,0,61,2,601000,58,6,6190016,https://ashkanplastic.com/product/6190016/
619001602,سبد رخت 10000 بامبو-طوسی,12,محصول نهایی,بسته,0,106,115,601000,114,6,6190016,https://ashkanplastic.com/product/6190016/
619001607,سبد رخت 10000 بامبو-کرپ,12,محصول نهایی,بسته,0,86,0,601000,68,6,6190016,https://ashkanplastic.com/product/6190016/
619001617,سبد رخت 10000 بامبو-موکا,12,محصول نهایی,بسته,0,65,92,601000,87,6,6190016,https://ashkanplastic.com/product/6190016/
619001609,سبد رخت 10000 بامبو-وانیلی,12,محصول نهایی,بسته,0,55,77,601000,86,6,6190016,https://ashkanplastic.com/product/6190016/
611501002,سبد رخت 4گوش سیب طوسی,12,محصول نهایی,بسته,0,41,104.5,410000,64,12,6115010,https://ashkanplastic.com/product/6115010/
611501007,سبد رخت 4گوش سیب کرپ,12,محصول نهایی,بسته,0,37,38,410000,48,12,6115010,https://ashkanplastic.com/product/6115010/
611501017,سبد رخت 4گوش سیب موکا,12,محصول نهایی,بسته,0,19,104.416667,410000,58,12,6115010,https://ashkanplastic.com/product/6115010/
611501009,سبد رخت 4گوش سیب وانیلی,12,محصول نهایی,بسته,0,32,52.166667,410000,55,12,6115010,https://ashkanplastic.com/product/6115010/
619001001,سبد رخت اوکیا صورتی,12,محصول نهایی,بسته,0,26,0,330000,19,12,6190010,https://ashkanplastic.com/product/6190010/
619001002,سبد رخت اوکیا طوسی,12,محصول نهایی,بسته,0,75,0,330000,40,12,6190010,https://ashkanplastic.com/product/6190010/
619001007,سبد رخت اوکیا کرپ,12,محصول نهایی,بسته,0,70,0.083333,330000,54,12,6190010,https://ashkanplastic.com/product/6190010/
619001017,سبد رخت اوکیا موکا,12,محصول نهایی,بسته,0,60,0,330000,29,12,6190010,https://ashkanplastic.com/product/6190010/
619001009,سبد رخت اوکیا وانیلی,12,محصول نهایی,بسته,0,53,0.083333,330000,26,12,6190010,https://ashkanplastic.com/product/6190010/
619501001,سبد رخت آنالیا بزرگ صورتی,12,محصول نهایی,بسته,0,42,0,801000,36,6,6195010,https://ashkanplastic.com/product/6195010/
619501002,سبد رخت آنالیا بزرگ طوسی,12,محصول نهایی,بسته,0,53,118,801000,59,6,6195010,https://ashkanplastic.com/product/6195010/
619501007,سبد رخت آنالیا بزرگ کرپ,12,محصول نهایی,بسته,0,37,30,801000,41,6,6195010,https://ashkanplastic.com/product/6195010/
619501017,سبد رخت آنالیا بزرگ موکا,12,محصول نهایی,بسته,0,37,142,801000,54,6,6195010,https://ashkanplastic.com/product/6195010/
619501009,سبد رخت آنالیا بزرگ وانیلی,12,محصول نهایی,بسته,0,34,40,801000,30,6,6195010,https://ashkanplastic.com/product/6195010/
619601001,سبد رخت آنالیا سوپر صورتی,12,محصول نهایی,بسته,0,33,0,982000,27,6,6196010,https://ashkanplastic.com/product/6196010/
619601002,سبد رخت آنالیا سوپر طوسی,12,محصول نهایی,بسته,0,19,131.166667,982000,39,6,6196010,https://ashkanplastic.com/product/6196010/
619601007,سبد رخت آنالیا سوپر کرپ,12,محصول نهایی,بسته,0,36,68,982000,61,6,6196010,https://ashkanplastic.com/product/6196010/
619601017,سبد رخت آنالیا سوپر موکا,12,محصول نهایی,بسته,0,22,108,982000,37,6,6196010,https://ashkanplastic.com/product/6196010/
619601009,سبد رخت آنالیا سوپر وانیلی,12,محصول نهایی,بسته,0,30,61,982000,33,6,6196010,https://ashkanplastic.com/product/6196010/
619301001,سبد رخت آنالیا کوچک صورتی,12,محصول نهایی,بسته,0,44,0.166666,316500,36.083333,12,6193010,https://ashkanplastic.com/product/6193010/
619301002,سبد رخت آنالیا کوچک طوسی,12,محصول نهایی,بسته,0,0,99,316500,63,12,6193010,https://ashkanplastic.com/product/6193010/
619301007,سبد رخت آنالیا کوچک کرپ,12,محصول نهایی,بسته,0,7,91,316500,82,12,6193010,https://ashkanplastic.com/product/6193010/
619301017,سبد رخت آنالیا کوچک موکا,12,محصول نهایی,بسته,0,0,100,316500,57,12,6193010,https://ashkanplastic.com/product/6193010/
619301009,سبد رخت آنالیا کوچک وانیلی,12,محصول نهایی,بسته,0,31,60,316500,49,12,6193010,https://ashkanplastic.com/product/6193010/
619401001,سبد رخت آنالیا متوسط صورتی,12,محصول نهایی,بسته,0,46,0,410000,34,12,6194010,https://ashkanplastic.com/product/6194010/
619401002,سبد رخت آنالیا متوسط طوسی,12,محصول نهایی,بسته,0,66,82.083333,410000,56,12,6194010,https://ashkanplastic.com/product/6194010/
619401007,سبد رخت آنالیا متوسط کرپ,12,محصول نهایی,بسته,0,38,47,410000,47,12,6194010,https://ashkanplastic.com/product/6194010/
619401017,سبد رخت آنالیا متوسط موکا,12,محصول نهایی,بسته,0,46,100,410000,59,12,6194010,https://ashkanplastic.com/product/6194010/
619401009,سبد رخت آنالیا متوسط وانیلی,12,محصول نهایی,بسته,0,52,35,410000,40,12,6194010,https://ashkanplastic.com/product/6194010/
611001001,سبد رخت سیب 2000 صورتی,12,محصول نهایی,بسته,0,9,0,196500,0,12,6110010,https://ashkanplastic.com/product/6110010/
611001002,سبد رخت سیب 2000 طوسی,12,محصول نهایی,بسته,0,92,230.249999,196500,90.083333,12,6110010,https://ashkanplastic.com/product/6110010/
611001007,سبد رخت سیب 2000 کرپ,12,محصول نهایی,بسته,0,4,110,196500,73,12,6110010,https://ashkanplastic.com/product/6110010/
611001017,سبد رخت سیب 2000 موکا,12,محصول نهایی,بسته,0,57,250,196500,67,12,6110010,https://ashkanplastic.com/product/6110010/
611001009,سبد رخت سیب 2000 وانیلی,12,محصول نهایی,بسته,0,83,100,196500,80,12,6110010,https://ashkanplastic.com/product/6110010/
611001201,سبد رخت سیب 4000 صورتی,12,محصول نهایی,بسته,0,0,0.666666,333500,0,12,6110012,https://ashkanplastic.com/product/6110012/
611001202,سبد رخت سیب 4000 طوسی,12,محصول نهایی,بسته,0,90,361.666665,333500,138,12,6110012,https://ashkanplastic.com/product/6110012/
611001207,سبد رخت سیب 4000 کرپ,12,محصول نهایی,بسته,0,3,133.499999,333500,87.166667,12,6110012,https://ashkanplastic.com/product/6110012/
611001217,سبد رخت سیب 4000 موکا,12,محصول نهایی,بسته,0,57,357.75,333500,121,12,6110012,https://ashkanplastic.com/product/6110012/
611001209,سبد رخت سیب 4000 وانیلی,12,محصول نهایی,بسته,0,29,210.5,333500,107,12,6110012,https://ashkanplastic.com/product/6110012/
611001401,سبد رخت سیب 6000 صورتی,12,محصول نهایی,بسته,0,41,0.083333,406500,25,12,6110014,https://ashkanplastic.com/product/6110014/
611001402,سبد رخت سیب 6000 طوسی,12,محصول نهایی,بسته,0,85,182.166666,406500,57,12,6110014,https://ashkanplastic.com/product/6110014/
611001407,سبد رخت سیب 6000 کرپ,12,محصول نهایی,بسته,0,37,109.166667,406500,89.166667,12,6110014,https://ashkanplastic.com/product/6110014/
611001417,سبد رخت سیب 6000 موکا,12,محصول نهایی,بسته,0,40,230,406500,33,12,6110014,https://ashkanplastic.com/product/6110014/
611001409,سبد رخت سیب 6000 وانیلی,12,محصول نهایی,بسته,0,55,104,406500,54,12,6110014,https://ashkanplastic.com/product/6110014/
611001601,سبد رخت سیب 8000 صورتی,12,محصول نهایی,بسته,0,0,0.500001,550000,0,6,6110016,https://ashkanplastic.com/product/6110016/
611001602,سبد رخت سیب 8000 طوسی,12,محصول نهایی,بسته,0,58,251.166667,550000,45,6,6110016,https://ashkanplastic.com/product/6110016/
611001607,سبد رخت سیب 8000 کرپ,12,محصول نهایی,بسته,0,5,91,550000,50,6,6110016,https://ashkanplastic.com/product/6110016/
611001617,سبد رخت سیب 8000 موکا,12,محصول نهایی,بسته,0,18,306.166667,550000,34,6,6110016,https://ashkanplastic.com/product/6110016/
611001609,سبد رخت سیب 8000 وانیلی,12,محصول نهایی,بسته,0,66,105,550000,49,6,6110016,https://ashkanplastic.com/product/6110016/
631081002,سبد سبزی 2رنگ سیب طوسی,12,محصول نهایی,بسته,0,21,92.010417,25000,52,96,6310810,https://ashkanplastic.com/product/6310810/
631081007,سبد سبزی 2رنگ سیب کرپ,12,محصول نهایی,بسته,0,0,50,25000,38,96,6310810,https://ashkanplastic.com/product/6310810/
631081017,سبد سبزی 2رنگ سیب موکا,12,محصول نهایی,بسته,0,2,59,25000,33,96,6310810,https://ashkanplastic.com/product/6310810/
631081009,سبد سبزی 2رنگ سیب وانیلی,12,محصول نهایی,بسته,0,54,20,25000,51,96,6310810,https://ashkanplastic.com/product/6310810/
631051001,سبد سبزی 4گوش سیب صورتی,12,محصول نهایی,بسته,0,16,0,23000,6,120,6310510,https://ashkanplastic.com/product/6310510/
631051002,سبد سبزی 4گوش سیب طوسی,12,محصول نهایی,بسته,0,23,85,23000,45,120,6310510,https://ashkanplastic.com/product/6310510/
631051007,سبد سبزی 4گوش سیب کرپ,12,محصول نهایی,بسته,0,0,50,23000,40,120,6310510,https://ashkanplastic.com/product/6310510/
631051017,سبد سبزی 4گوش سیب موکا,12,محصول نهایی,بسته,0,0,85,23000,39,120,6310510,https://ashkanplastic.com/product/6310510/
631051009,سبد سبزی 4گوش سیب وانیلی,12,محصول نهایی,بسته,0,53,0,23000,39,120,6310510,https://ashkanplastic.com/product/6310510/
639001110,سبد سبزی آوا الوان,12,محصول نهایی,کارتن,0,107,106,31500,116,72,6390011,https://ashkanplastic.com/product/6390011/
633051010,سبد سبزی چهارگوش اپل تاپ الوان,12,محصول نهایی,بسته,0,1,0.041667,23000,0,120,6330510,https://ashkanplastic.com/product/6330510/
631001001,سبد سبزی سیب صورتی,12,محصول نهایی,بسته,0,1,0,23000,1,120,6310010,https://ashkanplastic.com/product/6310010/
631001002,سبد سبزی سیب طوسی,12,محصول نهایی,بسته,0,50,136,23000,67,120,6310010,https://ashkanplastic.com/product/6310010/
631001007,سبد سبزی سیب کرپ,12,محصول نهایی,بسته,0,25,55,23000,66,120,6310010,https://ashkanplastic.com/product/6310010/
631001017,سبد سبزی سیب موکا,12,محصول نهایی,بسته,0,32,165,23000,71,120,6310010,https://ashkanplastic.com/product/6310010/
631001009,سبد سبزی سیب وانیلی,12,محصول نهایی,بسته,0,63,40,23000,46,120,6310010,https://ashkanplastic.com/product/6310010/
680061001,سبد سینک دو دسته صورتی,12,محصول نهایی,بسته,0,0,0.083334,176000,0,24,6800610,https://ashkanplastic.com/product/6800610/
680061002,سبد سینک دو دسته طوسی,12,محصول نهایی,بسته,0,98,283.083334,176000,108.041667,24,6800610,https://ashkanplastic.com/product/6800610/
680061007,سبد سینک دو دسته کرپ,12,محصول نهایی,بسته,0,3,110,176000,74,24,6800610,https://ashkanplastic.com/product/6800610/
680061011,سبد سینک دو دسته کرم,12,محصول نهایی,بسته,0,4,0,176000,4,24,6800610,https://ashkanplastic.com/product/6800610/
680061017,سبد سینک دو دسته موکا,12,محصول نهایی,بسته,0,62,291.041667,176000,110,24,6800610,https://ashkanplastic.com/product/6800610/
680061009,سبد سینک دو دسته وانیلی,12,محصول نهایی,بسته,0,79,111.083333,176000,89,24,6800610,https://ashkanplastic.com/product/6800610/
680011001,سبد سینک گرد صورتی,12,محصول نهایی,بسته,0,0,0.083334,148000,0,24,6800110,https://ashkanplastic.com/product/6800110/
680011002,سبد سینک گرد طوسی,12,محصول نهایی,بسته,0,110,563,148000,53,24,6800110,https://ashkanplastic.com/product/6800110/
680011007,سبد سینک گرد کرپ,12,محصول نهایی,بسته,0,1,208.125,148000,63,24,6800110,https://ashkanplastic.com/product/6800110/
680011017,سبد سینک گرد موکا,12,محصول نهایی,بسته,0,27,521,148000,63,24,6800110,https://ashkanplastic.com/product/6800110/
680011009,سبد سینک گرد وانیلی,12,محصول نهایی,بسته,0,86,120,148000,74,24,6800110,https://ashkanplastic.com/product/6800110/
623551001,سبد میوه چهارگوش اپل تاپ بزرگ صورتی,12,محصول نهایی,بسته,0,0,0.333333,68000,0,60,6235510,https://ashkanplastic.com/product/6235510/
623351010,سبد میوه چهارگوش اپل تاپ کوچک الوان,12,محصول نهایی,بسته,0,48,0,31000,48,72,6233510,https://ashkanplastic.com/product/6233510/
620061001,سبد میوه دو دسته 1 صورتی,12,محصول نهایی,بسته,0,4,0,56500,3,48,6200610,https://ashkanplastic.com/product/6200610/
620061002,سبد میوه دو دسته 1 طوسی,12,محصول نهایی,بسته,0,1,0,56500,1,48,6200610,https://ashkanplastic.com/product/6200610/
620061009,سبد میوه دو دسته 1 وانیلی,12,محصول نهایی,بسته,0,12,0,56500,12,48,6200610,https://ashkanplastic.com/product/6200610/
620061201,سبد میوه دو دسته 2 صورتی,12,محصول نهایی,بسته,0,17,0,88500,16,36,6200612,https://ashkanplastic.com/product/6200612/
620061207,سبد میوه دو دسته 2 کرپ,12,محصول نهایی,بسته,0,7,0.027778,88500,7.027778,36,6200612,https://ashkanplastic.com/product/6200612/
620061209,سبد میوه دو دسته 2 وانیلی,12,محصول نهایی,بسته,0,17,0,88500,17,36,6200612,https://ashkanplastic.com/product/6200612/
620061401,سبد میوه دو دسته 3 صورتی,12,محصول نهایی,بسته,0,9,0,110500,9,30,6200614,https://ashkanplastic.com/product/6200614/
620061407,سبد میوه دو دسته 3 کرپ,12,محصول نهایی,بسته,0,4,0,110500,4,30,6200614,https://ashkanplastic.com/product/6200614/
620061409,سبد میوه دو دسته 3 وانیلی,12,محصول نهایی,بسته,0,6,0,110500,6,30,6200614,https://ashkanplastic.com/product/6200614/
621011210,سبد میوه گرد 2رنگ سیب 2 الوان,12,محصول نهایی,بسته,0,1,0,,1,,6210112,https://ashkanplastic.com/product/6210112/
621411001,سبد میوه گرد متوسط سیب صورتی,12,محصول نهایی,بسته,0,4,0.041667,,0,,6214110,https://ashkanplastic.com/product/6214110/
629002001,سبد میوه یخچالی صورتی,12,محصول نهایی,بسته,0,28,0,81000,5,24,6290020,https://ashkanplastic.com/product/6290020/
629002002,سبد میوه یخچالی طوسی,12,محصول نهایی,بسته,0,0,0.083334,81000,0,24,6290020,https://ashkanplastic.com/product/6290020/
629002007,سبد میوه یخچالی کرپ,12,محصول نهایی,بسته,0,22,0,81000,4,24,6290020,https://ashkanplastic.com/product/6290020/
629002009,سبد میوه یخچالی وانیلی,12,محصول نهایی,بسته,0,11,0,81000,2,24,6290020,https://ashkanplastic.com/product/6290020/
649001110,سبد نان آوا الوان,12,محصول نهایی,کارتن,0,70,120,50500,77,60,6490011,https://ashkanplastic.com/product/6490011/
641005010,سبد نان باگت الوان,12,محصول نهایی,بسته,0,9,0,,7,,6410050,https://ashkanplastic.com/product/6410050/
649501110,سبد نظم دهنده آوا بزرگ الوان,12,محصول نهایی,کارتن,0,0,170,159000,92,24,6495011,https://ashkanplastic.com/product/6495011/
649501102,سبد نظم دهنده آوا بزرگ طوسی,12,محصول نهایی,کارتن,0,20,0,159000,0,24,6495011,https://ashkanplastic.com/product/6495011/
649501117,سبد نظم دهنده آوا بزرگ موکا,12,محصول نهایی,کارتن,0,41,0,159000,0,24,6495011,https://ashkanplastic.com/product/6495011/
649501109,سبد نظم دهنده آوا بزرگ وانیلی,12,محصول نهایی,کارتن,0,57,0,159000,0,24,6495011,https://ashkanplastic.com/product/6495011/
649301010,سبد نظم دهنده آوا کوچک الوان,12,محصول نهایی,کارتن,0,0,122,109000,43,24,6493010,https://ashkanplastic.com/product/6493010/
649301002,سبد نظم دهنده آوا کوچک طوسی,12,محصول نهایی,کارتن,0,37,2,109000,0,24,6493010,https://ashkanplastic.com/product/6493010/
649301017,سبد نظم دهنده آوا کوچک موکا,12,محصول نهایی,کارتن,0,45,1,109000,0,24,6493010,https://ashkanplastic.com/product/6493010/
649301009,سبد نظم دهنده آوا کوچک وانیلی,12,محصول نهایی,کارتن,0,63,2,109000,16,24,6493010,https://ashkanplastic.com/product/6493010/
649501003,سبد نظم دهنده طبقاتی پارمیس3-سفید,12,محصول نهایی,کارتن,0,38,0,131000,13,24,6495010,https://ashkanplastic.com/product/6495010/
649501001,سبد نظم دهنده طبقاتی پارمیس3-صورتی,12,محصول نهایی,کارتن,0,37,0,131000,34,24,6495010,https://ashkanplastic.com/product/6495010/
649501002,سبد نظم دهنده طبقاتی پارمیس3-طوسی,12,محصول نهایی,کارتن,0,85,3.5,131000,40,24,6495010,https://ashkanplastic.com/product/6495010/
649501007,سبد نظم دهنده طبقاتی پارمیس3-کرپ,12,محصول نهایی,کارتن,0,7,0,131000,0,24,6495010,https://ashkanplastic.com/product/6495010/
649501017,سبد نظم دهنده طبقاتی پارمیس3-موکا,12,محصول نهایی,کارتن,0,78,0,131000,76,24,6495010,https://ashkanplastic.com/product/6495010/
649501009,سبد نظم دهنده طبقاتی پارمیس3-وانیلی,12,محصول نهایی,کارتن,0,72,0.041667,131000,64,24,6495010,https://ashkanplastic.com/product/6495010/
289901201,ست 2 عددی ظروف کریستال دلسا صورتی-با سبد,12,محصول نهایی,کارتن,0,272,0,578000,249,8,2899012,https://ashkanplastic.com/product/2899012/
289901202,ست 2 عددی ظروف کریستال دلسا طوسی-با سبد,12,محصول نهایی,کارتن,0,120,148.625,578000,163,8,2899012,https://ashkanplastic.com/product/2899012/
289901207,ست 2 عددی ظروف کریستال دلسا کرپ-با سبد,12,محصول نهایی,کارتن,0,202,0,578000,158,8,2899012,https://ashkanplastic.com/product/2899012/
289901217,ست 2 عددی ظروف کریستال دلسا موکا-با سبد,12,محصول نهایی,کارتن,0,0,152,578000,143,8,2899012,https://ashkanplastic.com/product/2899012/
289901209,ست 2 عددی ظروف کریستال دلسا وانیل-با سبد,12,محصول نهایی,کارتن,0,0,150,578000,150,8,2899012,https://ashkanplastic.com/product/2899012/
289901001,ست 3 عددی ظروف کریستال دلسا صورتی,12,محصول نهایی,کارتن,0,179,0.25,778000,146,8,2899010,https://ashkanplastic.com/product/2899010/
289901002,ست 3 عددی ظروف کریستال دلسا طوسی,12,محصول نهایی,کارتن,0,148,113,778000,126,8,2899010,https://ashkanplastic.com/product/2899010/
289901007,ست 3 عددی ظروف کریستال دلسا کرپ,12,محصول نهایی,کارتن,0,161,0.875,778000,120,8,2899010,https://ashkanplastic.com/product/2899010/
289901017,ست 3 عددی ظروف کریستال دلسا موکا,12,محصول نهایی,کارتن,0,110,132,778000,155,8,2899010,https://ashkanplastic.com/product/2899010/
289901009,ست 3 عددی ظروف کریستال دلسا وانیلی,12,محصول نهایی,کارتن,0,131,0,778000,68,8,2899010,https://ashkanplastic.com/product/2899010/
249914008,ست جا ادویه چوبی گرد دلسا,نصیری نصیری,محصول نهایی,کارتن,0,51,134.166667,550000,43,18,2499140,https://ashkanplastic.com/product/2499140/
249954008,ست جا ادویه چوبی مربع دلسا,نصیری نصیری,محصول نهایی,کارتن,0,1,0,,0,,2499540,https://ashkanplastic.com/product/2499540/
244001003,ست جا ادویه دایانا سفید,12,محصول نهایی,کارتن,0,0,0.055556,221500,0,18,2440010,https://ashkanplastic.com/product/2440010/
244001010,ست جاادویه دایانا الوان,نصیری,محصول نهایی,کارتن,0,206,609,221500,274,18,2440010,https://ashkanplastic.com/product/2440010/
244001001,ست جاادویه دایانا صورتی,12,محصول نهایی,کارتن,0,0,0.388889,221500,0,18,2440010,https://ashkanplastic.com/product/2440010/
244001002,ست جاادویه دایانا طوسی,اشکان-نصیری,محصول نهایی,کارتن,0,0,0.38889,221500,0,18,2440010,https://ashkanplastic.com/product/2440010/
227901002,سرویس پارچ و لیوان گلرو طوسی,12,محصول نهایی,بسته,0,0,0.041667,247500,0,24,2279010,https://ashkanplastic.com/product/2279010/
243911110,سرویس جا ادویه گرد اپل تاپ 3 عددی-الوان,12,محصول نهایی,کارتن,0,1,0,105000,1,48,2439111,https://ashkanplastic.com/product/2439111/
243951010,سرویس جا ادویه مربع اپل تاپ 3 عددی الوان,12,محصول نهایی,بسته,0,104,571,105000,209,48,2439510,https://ashkanplastic.com/product/2439510/
243951001,سرویس جا ادویه مربع اپل تاپ 3 عددی صورتی,12,محصول نهایی,بسته,0,0,0.041666,105000,0,48,2439510,https://ashkanplastic.com/product/2439510/
243951002,سرویس جا ادویه مربع اپل تاپ 3 عددی طوسی,12,محصول نهایی,بسته,0,0,0.020833,105000,0,48,2439510,https://ashkanplastic.com/product/2439510/
263911010,سرویس جا حبوباتی گرد اپل تاپ 4 عددی الوان,12,محصول نهایی,بسته,0,103,282.222223,346000,226,18,2639110,https://ashkanplastic.com/product/2639110/
263952010,سرویس جاحبوباتی مربع اپل تاپ 4 عددی الوان,12,محصول نهایی,بسته,0,243,0.166667,346000,149,18,2639520,https://ashkanplastic.com/product/2639520/
120971003,سرویس چلو 4 عددی تک رنگ سفید,12,محصول نهایی,بسته,0,57,80,252500,0,6,1209710,https://ashkanplastic.com/product/1209710/
120971001,سرویس چلو 4 عددی تک رنگ صورتی,12,محصول نهایی,بسته,0,445,545.166667,252500,414,6,1209710,https://ashkanplastic.com/product/1209710/
120971002,سرویس چلو 4 عددی تک رنگ طوسی,12,محصول نهایی,بسته,0,44,1728,252500,411,6,1209710,https://ashkanplastic.com/product/1209710/
120971017,سرویس چلو 4 عددی تک رنگ موکا,12,محصول نهایی,بسته,0,205,1568,252500,304,6,1209710,https://ashkanplastic.com/product/1209710/
646901001,سرویس سبد میوه روشا  3 عددی صورتی,12,محصول نهایی,بسته,0,0,0.083333,,0.083333,,6469010,https://ashkanplastic.com/product/6469010/
646901010,سرویس سبد میوه روشا (3عددی) - (12 عددی) الوان,12,محصول نهایی,بسته,0,1,0,,1,,6469010,https://ashkanplastic.com/product/6469010/
319951020,سرویس فریزری 4 پارچه سانا مدل 802 درب الوان,12,محصول نهایی,کارتن,0,67,455,200000,129,24,3199510,https://ashkanplastic.com/product/3199510/
316981010,سرویس فریزری دورنگ روشا 4 عددی الوان,12,محصول نهایی,بسته,0,0,232,614000,192,12,3169810,https://ashkanplastic.com/product/3169810/
316981001,سرویس فریزری دورنگ روشا 4 عددی صورتی,12,محصول نهایی,بسته,0,175,0,614000,164,12,3169810,https://ashkanplastic.com/product/3169810/
316981002,سرویس فریزری دورنگ روشا 4 عددی طوسی,12,محصول نهایی,بسته,0,25,136.166666,614000,52,12,3169810,https://ashkanplastic.com/product/3169810/
316981007,سرویس فریزری دورنگ روشا 4 عددی کرپ,12,محصول نهایی,بسته,0,46,96,614000,98,12,3169810,https://ashkanplastic.com/product/3169810/
316981017,سرویس فریزری دورنگ روشا 4 عددی موکا,12,محصول نهایی,بسته,0,139,31,614000,22,12,3169810,https://ashkanplastic.com/product/3169810/
316981201,سرویس فریزری دورنگ روشا 5 عددی صورتی,12,محصول نهایی,بسته,0,158,0.083333,701500,154,12,3169812,https://ashkanplastic.com/product/3169812/
316981202,سرویس فریزری دورنگ روشا 5 عددی طوسی,12,محصول نهایی,بسته,0,4,64,701500,44,12,3169812,https://ashkanplastic.com/product/3169812/
316081207,سرویس فریزری دورنگ روشا 5 عددی کرپ,12,محصول نهایی,بسته,0,73,0,,59,,3160812,https://ashkanplastic.com/product/3160812/
316081217,سرویس فریزری دورنگ روشا 5 عددی موکا,12,محصول نهایی,بسته,0,44,24,,21,,3160812,https://ashkanplastic.com/product/3160812/
316781010,سرویس فریزری روشا دو رنگ 2عددی الوان,12,محصول نهایی,بسته,0,144,214,127500,92,36,3167810,https://ashkanplastic.com/product/3167810/
315001010,سرویس فریزری شاندیز 1و2 الوان,12,محصول نهایی,بسته,0,218,117,93500,170,24,3150010,https://ashkanplastic.com/product/3150010/
315901010,سرویس فریزری شاندیز چهار عددی درب الوان,12,محصول نهایی,کارتن,0,268,0.083333,397000,164.083333,12,3159010,https://ashkanplastic.com/product/3159010/
319941008,سرویس فریزری قفلی 3 پارچه سفری مدل 902,12,محصول نهایی,کارتن,0,34,0,218000,11,24,3199410,https://ashkanplastic.com/product/3199410/
317941210,سرویس فریزری مستطیل گلرو 4 عددی الوان,12,محصول نهایی,بسته,0,55,211,683000,78,12,3179412,https://ashkanplastic.com/product/3179412/
317941010,سرویس فریزری مستطیل گلرو3 عددی الوان,12,محصول نهایی,بسته,0,66,268,341000,2,12,3179410,https://ashkanplastic.com/product/3179410/
317941001,سرویس فریزری مستطیل گلرو3 عددی صورتی,12,محصول نهایی,بسته,0,0,0.249999,341000,0,12,3179410,https://ashkanplastic.com/product/3179410/
317941002,سرویس فریزری مستطیل گلرو3 عددی طوسی,12,محصول نهایی,بسته,0,0,0.083333,341000,0,12,3179410,https://ashkanplastic.com/product/3179410/
317941007,سرویس فریزری مستطیل گلرو3 عددی کرپ,12,محصول نهایی,بسته,0,0,0.416666,341000,0,12,3179410,https://ashkanplastic.com/product/3179410/
346971510,سرویس کاسه روشا 2 و3 الوان,12,محصول نهایی,کارتن,0,9,0,87000,5,48,3469715,https://ashkanplastic.com/product/3469715/
803901003,سرویس لگن اپل تاپ 4 عددی سفید,12,محصول نهایی,بسته,0,37,222,346000,86,6,8039010,https://ashkanplastic.com/product/8039010/
803901001,سرویس لگن اپل تاپ 4 عددی صورتی,12,محصول نهایی,بسته,0,366,753.166667,346000,336,6,8039010,https://ashkanplastic.com/product/8039010/
803901002,سرویس لگن اپل تاپ 4 عددی طوسی,12,محصول نهایی,بسته,0,372,1355.333334,346000,277,6,8039010,https://ashkanplastic.com/product/8039010/
803901017,سرویس لگن اپل تاپ 4 عددی موکا,12,محصول نهایی,بسته,0,144,1351,346000,192,6,8039010,https://ashkanplastic.com/product/8039010/
723801010,سطل پدالی تک جداره اپل تاپ الوان,12,محصول نهایی,بسته,0,45,197.166667,252500,60.166667,6,7238010,https://ashkanplastic.com/product/7238010/
723801001,سطل پدالی تک جداره اپل تاپ صورتی,12,محصول نهایی,بسته,0,0,0.333333,252500,0,6,7238010,https://ashkanplastic.com/product/7238010/
723801002,سطل پدالی تک جداره اپل تاپ طوسی,12,محصول نهایی,بسته,0,0,0.333334,252500,0,6,7238010,https://ashkanplastic.com/product/7238010/
723801007,سطل پدالی تک جداره اپل تاپ کرپ,12,محصول نهایی,بسته,0,0,0.5,252500,0,6,7238010,https://ashkanplastic.com/product/7238010/
723701010,سطل پدالی دوجداره اپل تاپ الوان,12,محصول نهایی,بسته,0,64,108.166667,354000,53.166667,6,7237010,https://ashkanplastic.com/product/7237010/
723701001,سطل پدالی دوجداره اپل تاپ صورتی,12,محصول نهایی,بسته,0,0,0.333334,354000,0.166667,6,7237010,https://ashkanplastic.com/product/7237010/
730001001,سطل شیر 12 لیتری دسته فلزی صورتی,12,محصول نهایی,بسته,0,53,0.083333,312000,39.083333,12,7300010,https://ashkanplastic.com/product/7300010/
730001002,سطل شیر 12 لیتری دسته فلزی طوسی,12,محصول نهایی,بسته,0,41,119.083333,312000,62.083333,12,7300010,https://ashkanplastic.com/product/7300010/
730001006,سطل شیر 12 لیتری دسته فلزی قرمز,12,محصول نهایی,بسته,0,1,233.083333,312000,103,12,7300010,https://ashkanplastic.com/product/7300010/
730001017,سطل شیر 12 لیتری دسته فلزی موکا,12,محصول نهایی,بسته,0,59,41,312000,44,12,7300010,https://ashkanplastic.com/product/7300010/
730001201,سطل شیر16 لیتری دسته فلزی صورتی,12,محصول نهایی,بسته,0,39,0,405000,31,12,7300012,https://ashkanplastic.com/product/7300012/
730001202,سطل شیر16 لیتری دسته فلزی طوسی,12,محصول نهایی,بسته,0,81,79.333333,405000,72,12,7300012,https://ashkanplastic.com/product/7300012/
730001206,سطل شیر16 لیتری دسته فلزی قرمز,12,محصول نهایی,بسته,0,278,247,405000,130,12,7300012,https://ashkanplastic.com/product/7300012/
730001217,سطل شیر16 لیتری دسته فلزی موکا,12,محصول نهایی,بسته,0,14,108,405000,60,12,7300012,https://ashkanplastic.com/product/7300012/
702001210,سطل کابینتی اشکان الوان,12,محصول نهایی,کارتن,0,0,160,178000,74,16,7020012,https://ashkanplastic.com/product/7020012/
710091108,سطل مدرج همه کاره 1.5 لیتری شفاف الوان,12,محصول نهایی,کارتن,0,182,168.104167,71000,101,48,7100911,https://ashkanplastic.com/product/7100911/
710091810,سطل مدرج همه کاره 12 لیتری شفاف الوان,12,محصول نهایی,بسته,0,138,400.416667,395500,192,12,7100918,https://ashkanplastic.com/product/7100918/
710091808,سطل مدرج همه کاره 12 لیتری شفاف شفاف,12,محصول نهایی,بسته,0,0,0.083333,395500,0,12,7100918,https://ashkanplastic.com/product/7100918/
710091802,سطل مدرج همه کاره 12 لیتری شفاف طوسی,12,محصول نهایی,بسته,0,0,0.416666,395500,0.083333,12,7100918,https://ashkanplastic.com/product/7100918/
710092010,سطل مدرج همه کاره 16 لیتری شفاف الوان,12,محصول نهایی,بسته,0,158,201,535500,136,6,7100920,https://ashkanplastic.com/product/7100920/
710092002,سطل مدرج همه کاره 16 لیتری شفاف طوسی,12,محصول نهایی,بسته,0,0,0.166667,535500,0,6,7100920,https://ashkanplastic.com/product/7100920/
710001003,سطل مدرج همه کاره 2 لیتری تزریقی سفید,12,محصول نهایی,بسته,0,5,0,,5,,7100010,https://ashkanplastic.com/product/7100010/
710091010,سطل مدرج همه کاره 2 لیتری شفاف الوان,12,محصول نهایی,بسته,0,70,382.25,95500,135,48,7100910,https://ashkanplastic.com/product/7100910/
710091008,سطل مدرج همه کاره 2 لیتری شفاف شفاف,12,محصول نهایی,بسته,0,0,0.041667,95500,0,48,7100910,https://ashkanplastic.com/product/7100910/
710091001,سطل مدرج همه کاره 2 لیتری شفاف صورتی,12,محصول نهایی,بسته,0,0,0.083333,95500,0,48,7100910,https://ashkanplastic.com/product/7100910/
710091002,سطل مدرج همه کاره 2 لیتری شفاف طوسی,12,محصول نهایی,بسته,0,0,0.083333,95500,0,48,7100910,https://ashkanplastic.com/product/7100910/
710092210,سطل مدرج همه کاره 20 لیتری شفاف الوان,12,محصول نهایی,بسته,0,187,299,592000,167,6,7100922,https://ashkanplastic.com/product/7100922/
710092410,سطل مدرج همه کاره 25 لیتری شفاف الوان,12,محصول نهایی,بسته,0,140,200,694500,192,6,7100924,https://ashkanplastic.com/product/7100924/
710092402,سطل مدرج همه کاره 25 لیتری شفاف طوسی,12,محصول نهایی,بسته,0,0,0.166667,694500,0,6,7100924,https://ashkanplastic.com/product/7100924/
710091210,سطل مدرج همه کاره 3 لیتری شفاف الوان,12,محصول نهایی,بسته,0,0,504.124999,123500,35,48,7100912,https://ashkanplastic.com/product/7100912/
710091208,سطل مدرج همه کاره 3 لیتری شفاف شفاف,12,محصول نهایی,بسته,0,0,0.041667,123500,0,48,7100912,https://ashkanplastic.com/product/7100912/
710091201,سطل مدرج همه کاره 3 لیتری شفاف صورتی,12,محصول نهایی,بسته,0,0,0.1875,123500,0,48,7100912,https://ashkanplastic.com/product/7100912/
710091207,سطل مدرج همه کاره 3 لیتری شفاف کرپ,12,محصول نهایی,بسته,0,0,0.145833,123500,0,48,7100912,https://ashkanplastic.com/product/7100912/
710091410,سطل مدرج همه کاره 5 لیتری شفاف الوان,12,محصول نهایی,بسته,0,221,931.916667,196500,146,12,7100914,https://ashkanplastic.com/product/7100914/
710091610,سطل مدرج همه کاره 7 لیتری شفاف الوان,12,محصول نهایی,بسته,0,193,521.416666,266500,104,12,7100916,https://ashkanplastic.com/product/7100916/
710091601,سطل مدرج همه کاره 7 لیتری شفاف صورتی,12,محصول نهایی,بسته,0,0,0.25,266500,0.083333,12,7100916,https://ashkanplastic.com/product/7100916/
710091602,سطل مدرج همه کاره 7 لیتری شفاف طوسی,12,محصول نهایی,بسته,0,0,0.25,266500,0,12,7100916,https://ashkanplastic.com/product/7100916/
710053510,سطل مربع پنج لیتری پلمپ شفاف درب الوان,12,محصول نهایی,کارتن,0,0,253,-,253,12,7100535,https://ashkanplastic.com/product/7100535/
710053010,سطل مربع سه لیتری پلمپ شفاف درب الوان,12,محصول نهایی,کارتن,0,1,515.583335,130500,191,24,7100530,https://ashkanplastic.com/product/7100530/
710054010,سطل مربع هشت لیتری پلمپ شفاف درب الوان,12,محصول نهایی,کارتن,0,96,327.666666,293500,173,12,7100540,https://ashkanplastic.com/product/7100540/
702501003,سطل نخل بزرگ اشکان سفید,12,محصول نهایی,بسته,0,124,0,270500,124,12,7025010,https://ashkanplastic.com/product/7025010/
702501008,سطل نخل بزرگ اشکان شفاف,12,محصول نهایی,بسته,0,0,0.083333,270500,0,12,7025010,https://ashkanplastic.com/product/7025010/
702501001,سطل نخل بزرگ اشکان صورتی,12,محصول نهایی,بسته,0,69,0.083333,270500,64,12,7025010,https://ashkanplastic.com/product/7025010/
702501002,سطل نخل بزرگ اشکان طوسی,12,محصول نهایی,بسته,0,18,0,270500,0,12,7025010,https://ashkanplastic.com/product/7025010/
702501006,سطل نخل بزرگ اشکان قرمز,12,محصول نهایی,بسته,0,139,0,270500,137,12,7025010,https://ashkanplastic.com/product/7025010/
702501011,سطل نخل بزرگ اشکان کرم,12,محصول نهایی,بسته,0,6,0,270500,2,12,7025010,https://ashkanplastic.com/product/7025010/
702501009,سطل نخل بزرگ اشکان وانیلی,12,محصول نهایی,بسته,0,0,1.083333,270500,0,12,7025010,https://ashkanplastic.com/product/7025010/
766001010,سینی روشا 2000 الوان,12,محصول نهایی,بسته,0,47,75,98000,45,24,7660010,https://ashkanplastic.com/product/7660010/
766001007,سینی روشا 2000 کرپ,12,محصول نهایی,بسته,0,0,0.041667,98000,0.041667,24,7660010,https://ashkanplastic.com/product/7660010/
766001210,سینی روشا 4000 الوان,12,محصول نهایی,بسته,0,111,93,134500,54,18,7660012,https://ashkanplastic.com/product/7660012/
766001410,سینی روشا 6000 الوان,12,محصول نهایی,بسته,0,0,83,215500,27,12,7660014,https://ashkanplastic.com/product/7660014/
766001610,سینی روشا 8000 الوان,12,محصول نهایی,بسته,0,48,127,337000,81,12,7660016,https://ashkanplastic.com/product/7660016/
859001010,شکر پاش سانا مدل 1102,اشکان-نصیری,محصول نهایی,کارتن,0,233,0,55500,198,48,8590010,https://ashkanplastic.com/product/8590010/
852001010,شکرپاش اشکان الوان,12,محصول نهایی,بسته,0,252,0,55500,224,24,8520010,https://ashkanplastic.com/product/8520010/
858501010,شکرپاش بزرگ هما الوان,12,محصول نهایی,بسته,0,1118,3780.111111,81000,43,36,8585010,https://ashkanplastic.com/product/8585010/
858501001,شکرپاش بزرگ هما صورتی,12,محصول نهایی,بسته,0,0,0.138889,81000,0,36,8585010,https://ashkanplastic.com/product/8585010/
858501002,شکرپاش بزرگ هما طوسی,12,محصول نهایی,بسته,0,0,0.222223,81000,0,36,8585010,https://ashkanplastic.com/product/8585010/
858501007,شکرپاش بزرگ هما کرپ,12,محصول نهایی,بسته,0,0,0.027778,81000,0,36,8585010,https://ashkanplastic.com/product/8585010/
858301001,شکرپاش کوچک هما صورتی,12,محصول نهایی,بسته,0,0,0.104166,73000,0,48,8583010,https://ashkanplastic.com/product/8583010/
858301002,شکرپاش کوچک هما طوسی,12,محصول نهایی,بسته,0,0,0.020833,73000,0,48,8583010,https://ashkanplastic.com/product/8583010/
858301007,شکرپاش کوچک هما کرپ,12,محصول نهایی,بسته,0,0,0.041667,73000,0,48,8583010,https://ashkanplastic.com/product/8583010/
858301010,شکرپاش لوکس (کوچک) هما الوان,12,محصول نهایی,بسته,0,284,491.020833,73000,86,48,8583010,https://ashkanplastic.com/product/8583010/
859111020,شکرپاش نقلی دلسا,12,محصول نهایی,کارتن,0,272,0,40000,265,48,8591110,https://ashkanplastic.com/product/8591110/
651005010,صافی سینک سیب 1 الوان,12,محصول نهایی,بسته,0,117,99,43500,118,72,6510050,https://ashkanplastic.com/product/6510050/
651005001,صافی سینک سیب 1 صورتی,12,محصول نهایی,بسته,0,0,0.013889,43500,0.013889,72,6510050,https://ashkanplastic.com/product/6510050/
651005210,صافی سینک سیب 2 الوان,12,محصول نهایی,بسته,0,56,79,56500,61,48,6510052,https://ashkanplastic.com/product/6510052/
651005410,صافی سینک سیب 3 الوان,12,محصول نهایی,بسته,0,0,119.020833,75000,91.020833,48,6510054,https://ashkanplastic.com/product/6510054/
481001002,صندلی حمام سیب طوسی,12,محصول نهایی,بسته,0,65,370,233000,90,18,4810010,https://ashkanplastic.com/product/4810010/
481001007,صندلی حمام سیب کرپ,12,محصول نهایی,بسته,0,0,129.111111,233000,67,18,4810010,https://ashkanplastic.com/product/4810010/
481001017,صندلی حمام سیب موکا,12,محصول نهایی,بسته,0,11,329,233000,83,18,4810010,https://ashkanplastic.com/product/4810010/
481001009,صندلی حمام سیب وانیلی,12,محصول نهایی,بسته,0,83,123,233000,46,18,4810010,https://ashkanplastic.com/product/4810010/
315831010,ظرف فریزری تخت شاندیز درب الوان,12,محصول نهایی,بسته,0,155,0,105000,107,24,3158310,https://ashkanplastic.com/product/3158310/
315831008,ظرف فریزری تخت شاندیز درب شفاف,12,محصول نهایی,بسته,0,0,0.083333,105000,0,24,3158310,https://ashkanplastic.com/product/3158310/
315831108,ظرف فریزری تخت شاندیز درب شفاف( 28 عددی ),12,محصول نهایی,کارتن,0,0,0.035714,,0,,3158311,https://ashkanplastic.com/product/3158311/
319731008,ظرف فریزری تخت ماهان,12,محصول نهایی,کارتن,0,215,0.083333,321500,154,12,3197310,https://ashkanplastic.com/product/3197310/
319791008,ظرف فریزری سایز 1 ماهان,12,محصول نهایی,کارتن,0,423,0.0625,91000,325,48,3197910,https://ashkanplastic.com/product/3197910/
319792008,ظرف فریزری سایز 2 ماهان,12,محصول نهایی,کارتن,0,381,27.111111,156500,284,36,3197920,https://ashkanplastic.com/product/3197920/
319793008,ظرف فریزری سایز 3 ماهان,12,محصول نهایی,کارتن,0,350,0.166667,235500,246,24,3197930,https://ashkanplastic.com/product/3197930/
319794008,ظرف فریزری سایز 4 ماهان,12,محصول نهایی,کارتن,0,329,0.5,359000,177,12,3197940,https://ashkanplastic.com/product/3197940/
315001110,ظرف فریزری شاندیز 3 الوان,12,محصول نهایی,بسته,0,14.833333,0.041667,105500,0.833333,24,3150011,https://ashkanplastic.com/product/3150011/
464901002,فایل کوچک دلسا مدل 503 - طوسی,اشکان داودی,محصول نهایی,کارتن,0,145,0.833334,668500,4,6,4649010,https://ashkanplastic.com/product/4649010/
464901007,فایل کوچک دلسا مدل 503 - کرپ,اشکان - داودی,محصول نهایی,کارتن,0,0,0.666667,668500,0,6,4649010,https://ashkanplastic.com/product/4649010/
464901017,فایل کوچک دلسا مدل 503 - موکا,12,محصول نهایی,کارتن,0,124,0,668500,1,6,4649010,https://ashkanplastic.com/product/4649010/
464901009,فایل کوچک دلسا مدل 503 - وانیلی,12,محصول نهایی,کارتن,0,76,0,668500,4,6,4649010,https://ashkanplastic.com/product/4649010/
310043010,فریزری 1.5 لیتری دلسا با سبد - درب الوان,12,محصول نهایی,کارتن,0,761,1182.125001,134500,226,24,3100430,https://ashkanplastic.com/product/3100430/
310043002,فریزری 1.5 لیتری دلسا با سبد - درب طوسی,12,محصول نهایی,کارتن,0,0,0.083334,134500,0,24,3100430,https://ashkanplastic.com/product/3100430/
310042010,فریزری 1.5 لیتری دلسا بدون سبد - درب الوان,12,محصول نهایی,کارتن,0,379,968.222223,95500,321,36,3100420,https://ashkanplastic.com/product/3100420/
310042002,فریزری 1.5 لیتری دلسا بدون سبد - درب طوسی,12,محصول نهایی,کارتن,0,0,0.027778,95500,0,36,3100420,https://ashkanplastic.com/product/3100420/
316781001,فریزری دو رنگ روشا 1 دوعددی صورتی,12,محصول نهایی,بسته,0,0,0.027778,127500,0,36,3167810,https://ashkanplastic.com/product/3167810/
316781002,فریزری دو رنگ روشا 1 دوعددی طوسی,12,محصول نهایی,بسته,0,0,0.083334,127500,0,36,3167810,https://ashkanplastic.com/product/3167810/
317041110,فریزری مستطیل گلرو 1 دوعددی الوان,داودی-دوادی,محصول نهایی,بسته,0,106,61,119000,3,36,3170411,https://ashkanplastic.com/product/3170411/
317041102,فریزری مستطیل گلرو 1 دوعددی طوسی,12,محصول نهایی,بسته,0,0,0.027778,119000,0,36,3170411,https://ashkanplastic.com/product/3170411/
317041410,فریزری مستطیل گلرو 3 الوان,12,محصول نهایی,بسته,0,0.791667,85.5,154000,0.791667,24,3170414,https://ashkanplastic.com/product/3170414/
317041401,فریزری مستطیل گلرو 3 صورتی,12,محصول نهایی,بسته,0,0,0.083334,154000,0,24,3170414,https://ashkanplastic.com/product/3170414/
317041402,فریزری مستطیل گلرو 3 طوسی,12,محصول نهایی,بسته,0,0,0.125,154000,0,24,3170414,https://ashkanplastic.com/product/3170414/
317041407,فریزری مستطیل گلرو 3 کرپ,12,محصول نهایی,بسته,0,0,0.25,154000,0,24,3170414,https://ashkanplastic.com/product/3170414/
317241010,فریزری مستطیل گلرو مینی -پک 2 عددی الوان,12,محصول نهایی,بسته,0,113,471,74000,3,60,3172410,https://ashkanplastic.com/product/3172410/
317241001,فریزری مستطیل گلرو مینی -پک 2 عددی صورتی,12,محصول نهایی,بسته,0,0,0.016667,74000,0,60,3172410,https://ashkanplastic.com/product/3172410/
317241002,فریزری مستطیل گلرو مینی -پک 2 عددی طوسی,12,محصول نهایی,بسته,0,0,0.016667,74000,0,60,3172410,https://ashkanplastic.com/product/3172410/
317141010,فریزری مستطیل گلرو نقلی -پک 3 عددی الوان,12,محصول نهایی,بسته,0,189,500,72500,6,72,3171410,https://ashkanplastic.com/product/3171410/
317141012,فریزری مستطیل گلرو نقلی -پک 3 عددی مشکی,12,محصول نهایی,بسته,0,30,0,72500,30,72,3171410,https://ashkanplastic.com/product/3171410/
848001010,قندان هما الوان,12,محصول نهایی,بسته,0,364,257,68500,116,36,8480010,https://ashkanplastic.com/product/8480010/
848001002,قندان هما طوسی,12,محصول نهایی,بسته,0,0,0.083333,68500,0,36,8480010,https://ashkanplastic.com/product/8480010/
881001110,قیف سیب 10 الوان,12,محصول نهایی,بسته,0,42,215,16500,49,96,8810011,https://ashkanplastic.com/product/8810011/
881001007,قیف سیب 10 کرپ,12,محصول نهایی,بسته,0,0,0.006944,,0,,8810010,https://ashkanplastic.com/product/8810010/
881001310,قیف سیب 12 الوان,12,محصول نهایی,بسته,0,20,310,19000,48,96,8810013,https://ashkanplastic.com/product/8810013/
881001510,قیف سیب 18-الوان,12,محصول نهایی,بسته,0,131,211,31500,41,96,8810015,https://ashkanplastic.com/product/8810015/
881001401,قیف سیب 18 صورتی,12,محصول نهایی,بسته,0,0,0.013889,,0,,8810014,https://ashkanplastic.com/product/8810014/
881001402,قیف سیب 18 طوسی,12,محصول نهایی,بسته,0,0,0.104167,,0,,8810014,https://ashkanplastic.com/product/8810014/
881001610,قیف سیب 20 الوان,12,محصول نهایی,بسته,0,151,218,36000,132,72,8810016,https://ashkanplastic.com/product/8810016/
881001601,قیف سیب 20 صورتی,12,محصول نهایی,بسته,0,0,0.027778,36000,0,72,8810016,https://ashkanplastic.com/product/8810016/
881001602,قیف سیب 20 طوسی,12,محصول نهایی,بسته,0,0,0.069445,36000,0,72,8810016,https://ashkanplastic.com/product/8810016/
881001607,قیف سیب 20 کرپ,12,محصول نهایی,بسته,0,0,0.138889,36000,0,72,8810016,https://ashkanplastic.com/product/8810016/
881001810,قیف سیب 24 الوان,12,محصول نهایی,بسته,0,63,181,50500,29,72,8810018,https://ashkanplastic.com/product/8810018/
881001801,قیف سیب 24 صورتی,12,محصول نهایی,بسته,0,0,0.041667,50500,0,72,8810018,https://ashkanplastic.com/product/8810018/
881001802,قیف سیب 24 طوسی,12,محصول نهایی,بسته,0,0,0.069445,50500,0.013889,72,8810018,https://ashkanplastic.com/product/8810018/
346071110,کاسه تک رنگ روشا 1 الوان,12,محصول نهایی,کارتن,0,26,0,34000,18,72,3460711,https://ashkanplastic.com/product/3460711/
346091402,کاسه دو رنگ روشا 3 شفاف طوسی,12,محصول نهایی,بسته,0,13,0,84500,10,48,3460914,https://ashkanplastic.com/product/3460914/
341001010,کاسه سیب کریستال الوان,12,محصول نهایی,بسته,0,45,0,40000,44,72,3410010,https://ashkanplastic.com/product/3410010/
341001006,کاسه سیب کریستال قرمز,12,محصول نهایی,بسته,0,0,0.013889,40000,0,72,3410010,https://ashkanplastic.com/product/3410010/
557001003,گلدان گلرو 1 (14*15 ) سفید,12,محصول نهایی,بسته,0,277,348.875,37000,207.291667,24,5570010,https://ashkanplastic.com/product/5570010/
557002803,گلدان گلرو 10 سفید,12,محصول نهایی,بسته,0,121,100,972500,75,6,5570028,https://ashkanplastic.com/product/5570028/
557001203,گلدان گلرو 2 (16*18 ) سفید,12,محصول نهایی,بسته,0,112,672.625,56500,95,24,5570012,https://ashkanplastic.com/product/5570012/
557001403,گلدان گلرو 3 (19*21 ) سفید,12,محصول نهایی,بسته,0,22,1356.083334,90500,276,24,5570014,https://ashkanplastic.com/product/5570014/
557001603,گلدان گلرو 4 (23*25 ) سفید,12,محصول نهایی,بسته,0,323,1852,124500,210,12,5570016,https://ashkanplastic.com/product/5570016/
557001803,گلدان گلرو 5 (26*30 ) سفید,12,محصول نهایی,بسته,0,0,2033.166666,195000,352,12,5570018,https://ashkanplastic.com/product/5570018/
557002003,گلدان گلرو 6 (31*35 ) سفید,12,محصول نهایی,بسته,0,300,1052,227000,268,12,5570020,https://ashkanplastic.com/product/5570020/
557002203,گلدان گلرو 7 (36*41 ) سفید,12,محصول نهایی,بسته,0,84,728.166667,352000,66.166667,6,5570022,https://ashkanplastic.com/product/5570022/
557002403,گلدان گلرو 8 (41*49 ) سفید,12,محصول نهایی,بسته,0,222,275.166667,513000,5,6,5570024,https://ashkanplastic.com/product/5570024/
557002603,گلدان گلرو 9 (47*59 ) سفید,12,محصول نهایی,بسته,0,48,181.166667,726000,47,6,5570026,https://ashkanplastic.com/product/5570026/
557001303,گلدان گلرو مینی سفید,12,محصول نهایی,بسته,0,51,0,23000,30,60,5570013,https://ashkanplastic.com/product/5570013/
557000610,گلدان گلرو نقلی الوان,12,محصول نهایی,بسته,0,6,0,,2,,5570006,https://ashkanplastic.com/product/5570006/
557001103,گلدان گلرو نقلی سفید,12,محصول نهایی,بسته,0,13,0,21500,11,96,5570011,https://ashkanplastic.com/product/5570011/
899001010,گیره آویز صدف الوان,12,محصول نهایی,بسته,0,0,855,54500,246,72,8990010,https://ashkanplastic.com/product/8990010/
802001211,لگن 15*10 اصل اشکان کرم,12,محصول نهایی,بسته,0,19,0,,19,,8020012,https://ashkanplastic.com/product/8020012/
803001601,لگن اپل تاپ 6000 صورتی,12,محصول نهایی,بسته,0,0,0.055556,78500,0,36,8030016,https://ashkanplastic.com/product/8030016/
803001602,لگن اپل تاپ 6000 طوسی,12,محصول نهایی,بسته,0,4,0,78500,4,36,8030016,https://ashkanplastic.com/product/8030016/
803001803,لگن اپل تاپ 8000 سفید,12,محصول نهایی,بسته,0,0,0.041667,126000,0,24,8030018,https://ashkanplastic.com/product/8030018/
803001801,لگن اپل تاپ 8000 صورتی,12,محصول نهایی,بسته,0,16,0.041667,126000,16,24,8030018,https://ashkanplastic.com/product/8030018/
803001802,لگن اپل تاپ 8000 طوسی,12,محصول نهایی,بسته,0,6,0.041667,126000,6,24,8030018,https://ashkanplastic.com/product/8030018/
809002402,لگن زیبا 10000 طوسی,12,محصول نهایی,بسته,0,57,141.083333,251000,49,12,8090024,https://ashkanplastic.com/product/8090024/
809002407,لگن زیبا 10000 کرپ,12,محصول نهایی,بسته,0,0,70,251000,47,12,8090024,https://ashkanplastic.com/product/8090024/
809002417,لگن زیبا 10000 موکا,12,محصول نهایی,کارتن,0,48,160,251000,42,12,8090024,https://ashkanplastic.com/product/8090024/
809002409,لگن زیبا 10000 وانیلی,12,محصول نهایی,بسته,0,56,39.083333,251000,27,12,8090024,https://ashkanplastic.com/product/8090024/
809002201,لگن زیبا 12000 صورتی,12,محصول نهایی,بسته,0,4,0,354000,1,12,8090022,https://ashkanplastic.com/product/8090022/
809002202,لگن زیبا 12000 طوسی,12,محصول نهایی,بسته,0,0,169,354000,69,12,8090022,https://ashkanplastic.com/product/8090022/
809002207,لگن زیبا 12000 کرپ,12,محصول نهایی,بسته,0,13,87,354000,64,12,8090022,https://ashkanplastic.com/product/8090022/
809002217,لگن زیبا 12000 موکا,12,محصول نهایی,کارتن,0,0,186.083333,354000,73,12,8090022,https://ashkanplastic.com/product/8090022/
809002209,لگن زیبا 12000 وانیلی,12,محصول نهایی,بسته,0,9,122,354000,83,12,8090022,https://ashkanplastic.com/product/8090022/
809003201,لگن زیبا 2000 صورتی,12,محصول نهایی,بسته,0,62,0,50500,61,36,8090032,https://ashkanplastic.com/product/8090032/
809003202,لگن زیبا 2000 طوسی,12,محصول نهایی,بسته,0,45,50.027778,50500,44,36,8090032,https://ashkanplastic.com/product/8090032/
809003207,لگن زیبا 2000 کرپ,12,محصول نهایی,بسته,0,19,30.027778,50500,33,36,8090032,https://ashkanplastic.com/product/8090032/
809003217,لگن زیبا 2000 موکا,12,محصول نهایی,کارتن,0,49,50,50500,44,36,8090032,https://ashkanplastic.com/product/8090032/
809003209,لگن زیبا 2000 وانیلی,12,محصول نهایی,بسته,0,86,0,50500,66,36,8090032,https://ashkanplastic.com/product/8090032/
809003001,لگن زیبا 4000 صورتی,12,محصول نهایی,بسته,0,20,0.027778,76500,2,36,8090030,https://ashkanplastic.com/product/8090030/
809003002,لگن زیبا 4000 طوسی,12,محصول نهایی,بسته,0,11,101,76500,75,36,8090030,https://ashkanplastic.com/product/8090030/
809003007,لگن زیبا 4000 کرپ,12,محصول نهایی,بسته,0,22,40,76500,45,36,8090030,https://ashkanplastic.com/product/8090030/
809003017,لگن زیبا 4000 موکا,12,محصول نهایی,کارتن,0,3,72.027778,76500,36,36,8090030,https://ashkanplastic.com/product/8090030/
809003009,لگن زیبا 4000 وانیلی,12,محصول نهایی,بسته,0,20,49,76500,46,36,8090030,https://ashkanplastic.com/product/8090030/
809002801,لگن زیبا 6000 صورتی,12,محصول نهایی,بسته,0,10,2,108000,2,24,8090028,https://ashkanplastic.com/product/8090028/
809002802,لگن زیبا 6000 طوسی,12,محصول نهایی,بسته,0,11,117,108000,70,24,8090028,https://ashkanplastic.com/product/8090028/
809002807,لگن زیبا 6000 کرپ,12,محصول نهایی,بسته,0,0,57,108000,46,24,8090028,https://ashkanplastic.com/product/8090028/
809002817,لگن زیبا 6000 موکا,12,محصول نهایی,کارتن,0,3,85,108000,41,24,8090028,https://ashkanplastic.com/product/8090028/
809002809,لگن زیبا 6000 وانیلی,12,محصول نهایی,بسته,0,20,47,108000,41,24,8090028,https://ashkanplastic.com/product/8090028/
809002602,لگن زیبا 8000 طوسی,12,محصول نهایی,بسته,0,48,85,176000,51,24,8090026,https://ashkanplastic.com/product/8090026/
809002607,لگن زیبا 8000 کرپ,12,محصول نهایی,بسته,0,8,59.041667,176000,38,24,8090026,https://ashkanplastic.com/product/8090026/
809002617,لگن زیبا 8000 موکا,12,محصول نهایی,کارتن,0,42,95,176000,53,24,8090026,https://ashkanplastic.com/product/8090026/
809002609,لگن زیبا 8000 وانیلی,12,محصول نهایی,بسته,0,50,26,176000,34,24,8090026,https://ashkanplastic.com/product/8090026/
809001010,لگن نیما 1 الوان,12,محصول نهایی,بسته,0,51,116,87000,96,36,8090010,https://ashkanplastic.com/product/8090010/
809001002,لگن نیما 1 طوسی,12,محصول نهایی,بسته,0,0,0.055556,87000,0.055556,36,8090010,https://ashkanplastic.com/product/8090010/
809001007,لگن نیما 1 کرپ,12,محصول نهایی,بسته,0,0,0.027778,87000,0,36,8090010,https://ashkanplastic.com/product/8090010/
809001210,لگن نیما 2 الوان,12,محصول نهایی,بسته,0,51,59,134500,40,36,8090012,https://ashkanplastic.com/product/8090012/
809001401,لگن نیما 3 صورتی,12,محصول نهایی,بسته,0,3,0,191500,1,24,8090014,https://ashkanplastic.com/product/8090014/
809001402,لگن نیما 3 طوسی,12,محصول نهایی,بسته,0,10,75,191500,46,24,8090014,https://ashkanplastic.com/product/8090014/
809001407,لگن نیما 3 کرپ,12,محصول نهایی,بسته,0,0,34,191500,33,24,8090014,https://ashkanplastic.com/product/8090014/
809001417,لگن نیما 3 موکا,12,محصول نهایی,بسته,0,0,65.041667,191500,30,24,8090014,https://ashkanplastic.com/product/8090014/
809001409,لگن نیما 3 وانیلی,12,محصول نهایی,بسته,0,19,35,191500,34,24,8090014,https://ashkanplastic.com/product/8090014/
809001601,لگن نیما 4 صورتی,12,محصول نهایی,بسته,0,0,0.083334,290000,0,24,8090016,https://ashkanplastic.com/product/8090016/
809001602,لگن نیما 4 طوسی,12,محصول نهایی,بسته,0,18,137,290000,82,24,8090016,https://ashkanplastic.com/product/8090016/
809001607,لگن نیما 4 کرپ,12,محصول نهایی,بسته,0,0,73,290000,66,24,8090016,https://ashkanplastic.com/product/8090016/
809001617,لگن نیما 4 موکا,12,محصول نهایی,بسته,0,0,141.041667,290000,77,24,8090016,https://ashkanplastic.com/product/8090016/
809001609,لگن نیما 4 وانیلی,12,محصول نهایی,بسته,0,38,55,290000,62,24,8090016,https://ashkanplastic.com/product/8090016/
809001802,لگن نیما 5 طوسی,12,محصول نهایی,بسته,0,2,172,447500,86,12,8090018,https://ashkanplastic.com/product/8090018/
809001807,لگن نیما 5 کرپ,12,محصول نهایی,بسته,0,0,58.083333,447500,45,12,8090018,https://ashkanplastic.com/product/8090018/
809001817,لگن نیما 5 موکا,12,محصول نهایی,بسته,0,0,173.083333,447500,70,12,8090018,https://ashkanplastic.com/product/8090018/
809001809,لگن نیما 5 وانیلی,12,محصول نهایی,بسته,0,43,55.25,447500,59.166667,12,8090018,https://ashkanplastic.com/product/8090018/
809002001,لگن نیما 6 صورتی,12,محصول نهایی,بسته,0,1,0,547000,0,12,8090020,https://ashkanplastic.com/product/8090020/
809002002,لگن نیما 6 طوسی,12,محصول نهایی,بسته,0,6,102.25,547000,48,12,8090020,https://ashkanplastic.com/product/8090020/
809002007,لگن نیما 6 کرپ,12,محصول نهایی,بسته,0,0,41.083333,547000,38.083333,12,8090020,https://ashkanplastic.com/product/8090020/
809002017,لگن نیما 6 موکا,12,محصول نهایی,بسته,0,0,118.75,547000,52,12,8090020,https://ashkanplastic.com/product/8090020/
809002009,لگن نیما 6 وانیلی,12,محصول نهایی,بسته,0,20,51,547000,36,12,8090020,https://ashkanplastic.com/product/8090020/
809201010,لگن نیما مینی الوان,12,محصول نهایی,بسته,0,80,120,54000,109,48,8092010,https://ashkanplastic.com/product/8092010/
809201001,لگن نیما مینی صورتی,12,محصول نهایی,بسته,0,1,0,54000,1,48,8092010,https://ashkanplastic.com/product/8092010/
809201007,لگن نیما مینی کرپ,12,محصول نهایی,بسته,0,4,0,54000,4,48,8092010,https://ashkanplastic.com/product/8092010/
316981092,لیبل سرویس فریزری دورنگ روشا,داودی - سرویس فریزری دو رنگ روشا (4عددی),محصول نهایی,عدد,0,20000,0,614000,20000,12,3169810,https://ashkanplastic.com/product/3169810/
236081010,لیوان 2رنگ روشا الوان,12,محصول نهایی,بسته,0,1,200,28500,135,120,2360810,https://ashkanplastic.com/product/2360810/
231081002,لیوان 2رنگ سیب طوسی,12,محصول نهایی,بسته,0,0,0.041667,46000,0,96,2310810,https://ashkanplastic.com/product/2310810/
239081210,لیوان 2رنگ گلبرگ اشکان الوان,12,محصول نهایی,بسته,0,282,0.854167,40000,119,96,2390812,https://ashkanplastic.com/product/2390812/
239081203,لیوان 2رنگ گلبرگ اشکان سفید,12,محصول نهایی,بسته,0,144,0,40000,44,96,2390812,https://ashkanplastic.com/product/2390812/
239081201,لیوان 2رنگ گلبرگ اشکان صورتی,12,محصول نهایی,بسته,0,0,0.010417,40000,0,96,2390812,https://ashkanplastic.com/product/2390812/
239001010,لیوان الماس الوان,12,محصول نهایی,بسته,0,144,76,32500,77,96,2390010,https://ashkanplastic.com/product/2390010/
239001008,لیوان الماس شفاف,12,محصول نهایی,بسته,0,0,0.010417,32500,0,96,2390010,https://ashkanplastic.com/product/2390010/
239501010,لیوان بهنوش عکس دار بزرگ الوان,12,محصول نهایی,بسته,0,1,0,37500,1,108,2395010,https://ashkanplastic.com/product/2395010/
239301010,لیوان بهنوش عکس دار کوچک الوان,12,محصول نهایی,بسته,0,65,0,31500,62,192,2393010,https://ashkanplastic.com/product/2393010/
239061010,لیوان دسته دار گلبرگ الوان,12,محصول نهایی,بسته,0,119,727.09375,45000,282,96,2390610,https://ashkanplastic.com/product/2390610/
239081010,لیوان دو رنگ توپی الوان,12,محصول نهایی,بسته,0,143,81.458333,43500,79,96,2390810,https://ashkanplastic.com/product/2390810/
231081010,لیوان دو رنگ سیب الوان,12,محصول نهایی,بسته,0,204,76.927083,46000,113,96,2310810,https://ashkanplastic.com/product/2310810/
238761010,لیوان کودک هما الوان - 192عددی,نصیری,محصول نهایی,کارتن,0,53,0,15500,27,192,2387610,https://ashkanplastic.com/product/2387610/
239002010,لیوان موج مدل 103- الوان,اشکان- اشکان,محصول نهایی,کارتن,0,257,119.020833,37000,155,48,2390020,https://ashkanplastic.com/product/2390020/
239002008,لیوان موج مدل 103- شفاف,اشکان- اشکان,محصول نهایی,کارتن,0,227,550,37000,252,48,2390020,https://ashkanplastic.com/product/2390020/
239002025,لیوان موج مدل 103- عسلی,اشکان / اشکان,محصول نهایی,کارتن,0,43,0.020833,37000,0,48,2390020,https://ashkanplastic.com/product/2390020/
239505010,لیوان نی دار بزرگ بهنوش الوان,12,محصول نهایی,بسته,0,35,0.625,,0,,2395050,https://ashkanplastic.com/product/2395050/
239005003,لیوان نی دار بزرگ بهنوش سفید,12,محصول نهایی,بسته,0,49,0,61500,49,48,2390050,https://ashkanplastic.com/product/2390050/
239405003,لیوان نی دار متوسط بهنوش -سفید,12,محصول نهایی,کارتن,0,48,0,42500,48,48,2394050,https://ashkanplastic.com/product/2394050/
239405010,لیوان نی دار متوسط بهنوش الوان,12,محصول نهایی,کارتن,0,130,130,42500,0,48,2394050,https://ashkanplastic.com/product/2394050/
471001010,مگس کش سیب الوان,12,محصول نهایی,بسته,0,69,411,24000,165,192,4710010,https://ashkanplastic.com/product/4710010/
454002010,نظم دهنده دایانا الوان,12,محصول نهایی,بسته,0,255,0,93000,94,24,4540020,https://ashkanplastic.com/product/4540020/
862001010,نمکپاش چند منظوره اشکان الوان,12,محصول نهایی,بسته,0,308,222,31500,73,192,8620010,https://ashkanplastic.com/product/8620010/
869001010,نمکدان الماس الوان,12,محصول نهایی,بسته,0,323,50,22000,180,384,8690010,https://ashkanplastic.com/product/8690010/
868001010,نمکدان هما الوان,12,محصول نهایی,بسته,0,264,702,23500,142,180,8680010,https://ashkanplastic.com/product/8680010/
868001002,نمکدان هما طوسی,12,محصول نهایی,بسته,0,0,0.011111,23500,0,180,8680010,https://ashkanplastic.com/product/8680010/
829001009,وان بچه نیما وانیلی,12,محصول نهایی,بسته,0,2,0,,2,,8290010,https://ashkanplastic.com/product/8290010/
821021003,وان بیضی 55 سیب سفید,12,محصول نهایی,بسته,0,38,71.166667,399000,64,12,8210210,https://ashkanplastic.com/product/8210210/
821021001,وان بیضی 55 سیب صورتی,12,محصول نهایی,بسته,0,0,0.083333,399000,0,12,8210210,https://ashkanplastic.com/product/8210210/
821021002,وان بیضی 55 سیب طوسی,12,محصول نهایی,بسته,0,0,172.25,399000,40,12,8210210,https://ashkanplastic.com/product/8210210/
821021007,وان بیضی 55 سیب کرپ,12,محصول نهایی,بسته,0,23,82.416666,399000,44.083333,12,8210210,https://ashkanplastic.com/product/8210210/
821021017,وان بیضی 55 سیب موکا,12,محصول نهایی,بسته,0,0,38,399000,1,12,8210210,https://ashkanplastic.com/product/8210210/
821021009,وان بیضی 55 سیب وانیلی,12,محصول نهایی,بسته,0,23,74.083333,399000,41,12,8210210,https://ashkanplastic.com/product/8210210/
821021203,وان بیضی 65 سیب سفید,12,محصول نهایی,بسته,0,53,75,614000,47,6,8210212,https://ashkanplastic.com/product/8210212/
821021201,وان بیضی 65 سیب صورتی,12,محصول نهایی,بسته,0,0,0.166667,614000,0,6,8210212,https://ashkanplastic.com/product/8210212/
821021202,وان بیضی 65 سیب طوسی,12,محصول نهایی,بسته,0,53,195.166667,614000,59.166667,6,8210212,https://ashkanplastic.com/product/8210212/
821021207,وان بیضی 65 سیب کرپ,12,محصول نهایی,بسته,0,49,101.500001,614000,52,6,8210212,https://ashkanplastic.com/product/8210212/
821021209,وان بیضی 65 سیب وانیلی,12,محصول نهایی,بسته,0,49,104,614000,56,6,8210212,https://ashkanplastic.com/product/8210212/
821021403,وان بیضی 85 سیب سفید,12,محصول نهایی,بسته,0,51,65.333334,827500,52.166667,6,8210214,https://ashkanplastic.com/product/8210214/
821021401,وان بیضی 85 سیب صورتی,12,محصول نهایی,بسته,0,0,0.166667,827500,0,6,8210214,https://ashkanplastic.com/product/8210214/
821021402,وان بیضی 85 سیب طوسی,12,محصول نهایی,بسته,0,18,177.833335,827500,106.166667,6,8210214,https://ashkanplastic.com/product/8210214/
821021407,وان بیضی 85 سیب کرپ,12,محصول نهایی,بسته,0,29,94.166667,827500,67,6,8210214,https://ashkanplastic.com/product/8210214/
821021411,وان بیضی 85 سیب کرم,12,محصول نهایی,بسته,0,11,2.333333,827500,9,6,8210214,https://ashkanplastic.com/product/8210214/
821021409,وان بیضی 85 سیب وانیلی,12,محصول نهایی,بسته,0,39,119,827500,83,6,8210214,https://ashkanplastic.com/product/8210214/
821011603,وان بیضی 90 سیب سفید,12,محصول نهایی,بسته,0,71,0,1143500,49,6,8210116,https://ashkanplastic.com/product/8210116/
821011602,وان بیضی 90 سیب طوسی,12,محصول نهایی,بسته,0,39,70,1143500,46,6,8210116,https://ashkanplastic.com/product/8210116/
821011607,وان بیضی 90 سیب کرپ,12,محصول نهایی,بسته,0,69,16.333334,1143500,60.166667,6,8210116,https://ashkanplastic.com/product/8210116/
821011609,وان بیضی 90 سیب وانیلی,12,محصول نهایی,بسته,0,54,0,1143500,14,6,8210116,https://ashkanplastic.com/product/8210116/
821021803,وان بیضی 95 سیب سفید,12,محصول نهایی,بسته,0,53,79.333334,1300000,44,6,8210218,https://ashkanplastic.com/product/8210218/
821021801,وان بیضی 95 سیب صورتی,12,محصول نهایی,بسته,0,0,0.166667,1300000,0,6,8210218,https://ashkanplastic.com/product/8210218/
821021802,وان بیضی 95 سیب طوسی,12,محصول نهایی,بسته,0,58,112.166668,1300000,49,6,8210218,https://ashkanplastic.com/product/8210218/
821021807,وان بیضی 95 سیب کرپ,12,محصول نهایی,بسته,0,51,51.666667,1300000,44.166667,6,8210218,https://ashkanplastic.com/product/8210218/
821021811,وان بیضی 95 سیب کرم,12,محصول نهایی,بسته,0,0,0.166667,1300000,0,6,8210218,https://ashkanplastic.com/product/8210218/
821021809,وان بیضی 95 سیب وانیلی,12,محصول نهایی,بسته,0,51,50.333333,1300000,33.333333,6,8210218,https://ashkanplastic.com/product/8210218/
829021001,وان بیضی کلاسیک 501 صورتی,12,محصول نهایی,بسته,0,0,0.041667,,0,,8290210,https://ashkanplastic.com/product/8290210/
829021007,وان بیضی کلاسیک 501 کرپ,12,محصول نهایی,بسته,0,0,0.041667,,0,,8290210,https://ashkanplastic.com/product/8290210/
809021202,وان بیضی کلاسیک 503 طوسی,12,محصول نهایی,بسته,0,0,0.083333,,0,,8090212,https://ashkanplastic.com/product/8090212/
823011001,وان گرد 2 دسته اپل تاپ 1 صورتی,12,محصول نهایی,بسته,0,18,0,210000,17,12,8230110,https://ashkanplastic.com/product/8230110/
823011002,وان گرد 2 دسته اپل تاپ 1 طوسی,12,محصول نهایی,بسته,0,52,0,210000,34,12,8230110,https://ashkanplastic.com/product/8230110/
823011007,وان گرد 2 دسته اپل تاپ 1 کرپ,12,محصول نهایی,بسته,0,55,0,210000,47,12,8230110,https://ashkanplastic.com/product/8230110/
823011009,وان گرد 2 دسته اپل تاپ 1 وانیلی,12,محصول نهایی,بسته,0,61,0.083333,210000,49,12,8230110,https://ashkanplastic.com/product/8230110/
823011203,وان گرد 2 دسته اپل تاپ 2 سفید,12,محصول نهایی,بسته,0,65,0,390500,63,12,8230112,https://ashkanplastic.com/product/8230112/
823011201,وان گرد 2 دسته اپل تاپ 2 صورتی,12,محصول نهایی,بسته,0,23,0,390500,23,12,8230112,https://ashkanplastic.com/product/8230112/
823011202,وان گرد 2 دسته اپل تاپ 2 طوسی,12,محصول نهایی,بسته,0,61,0.083333,390500,35,12,8230112,https://ashkanplastic.com/product/8230112/
823011207,وان گرد 2 دسته اپل تاپ 2 کرپ,12,محصول نهایی,بسته,0,57,0,390500,49,12,8230112,https://ashkanplastic.com/product/8230112/
823011211,وان گرد 2 دسته اپل تاپ 2 کرم,12,محصول نهایی,بسته,0,7,0,390500,6,12,8230112,https://ashkanplastic.com/product/8230112/
823011209,وان گرد 2 دسته اپل تاپ 2 وانیلی,12,محصول نهایی,بسته,0,55,0,390500,37,12,8230112,https://ashkanplastic.com/product/8230112/
823011403,وان گرد 2 دسته اپل تاپ 3 سفید,12,محصول نهایی,بسته,0,65,0,541000,55,6,8230114,https://ashkanplastic.com/product/8230114/
823011401,وان گرد 2 دسته اپل تاپ 3 صورتی,12,محصول نهایی,بسته,0,8,0.166667,541000,7.166667,6,8230114,https://ashkanplastic.com/product/8230114/
823011402,وان گرد 2 دسته اپل تاپ 3 طوسی,12,محصول نهایی,بسته,0,83,0.166667,541000,44.166667,6,8230114,https://ashkanplastic.com/product/8230114/
823011407,وان گرد 2 دسته اپل تاپ 3 کرپ,12,محصول نهایی,بسته,0,67,0.166667,541000,55,6,8230114,https://ashkanplastic.com/product/8230114/
823011409,وان گرد 2 دسته اپل تاپ 3 وانیلی,12,محصول نهایی,بسته,0,63,0,541000,36,6,8230114,https://ashkanplastic.com/product/8230114/
829511001,وان گرد 2 دسته بزرگ صورتی,12,محصول نهایی,بسته,0,25,0,580000,16,12,8295110,https://ashkanplastic.com/product/8295110/
829511009,وان گرد 2 دسته بزرگ وانیلی,12,محصول نهایی,بسته,0,1,0,580000,1,12,8295110,https://ashkanplastic.com/product/8295110/
823012004,وان گرد 4 دسته اپل تاپ 4 آبی,12,محصول نهایی,بسته,0,0,1,977000,0,6,8230120,https://ashkanplastic.com/product/8230120/
823012003,وان گرد 4 دسته اپل تاپ 4 سفید,12,محصول نهایی,بسته,0,59,15,977000,51,6,8230120,https://ashkanplastic.com/product/8230120/
823012002,وان گرد 4 دسته اپل تاپ 4 طوسی,12,محصول نهایی,بسته,0,50,71,977000,46,6,8230120,https://ashkanplastic.com/product/8230120/
823012007,وان گرد 4 دسته اپل تاپ 4 کرپ,12,محصول نهایی,بسته,0,52,25,977000,63,6,8230120,https://ashkanplastic.com/product/8230120/
823012009,وان گرد 4 دسته اپل تاپ 4 وانیلی,12,محصول نهایی,بسته,0,51,0,977000,3,6,8230120,https://ashkanplastic.com/product/8230120/
823012203,وان گرد 4 دسته اپل تاپ 5 سفید,12,محصول نهایی,بسته,0,39,89,1635000,20,4,8230122,https://ashkanplastic.com/product/8230122/
823012202,وان گرد 4 دسته اپل تاپ 5 طوسی,12,محصول نهایی,بسته,0,67,155.25,1635000,6,4,8230122,https://ashkanplastic.com/product/8230122/
823012207,وان گرد 4 دسته اپل تاپ 5 کرپ,12,محصول نهایی,بسته,0,56,51,1635000,53,4,8230122,https://ashkanplastic.com/product/8230122/
823012209,وان گرد 4 دسته اپل تاپ 5 وانیلی,12,محصول نهایی,بسته,0,39,65,1635000,14,4,8230122,https://ashkanplastic.com/product/8230122/
829011003,وان گرد 4 دسته سفید,12,محصول نهایی,بسته,0,46,0,735500,5,6,8290110,https://ashkanplastic.com/product/8290110/
829611003,وان گرد 4 دسته سوپر سفید,12,محصول نهایی,بسته,0,46,133,1304000,64,6,8296110,https://ashkanplastic.com/product/8296110/
829611002,وان گرد 4 دسته سوپر طوسی,12,محصول نهایی,بسته,0,56,205.833335,1304000,107.166667,6,8296110,https://ashkanplastic.com/product/8296110/
829611007,وان گرد 4 دسته سوپر کرپ,12,محصول نهایی,بسته,0,56,76,1304000,66,6,8296110,https://ashkanplastic.com/product/8296110/
829611009,وان گرد 4 دسته سوپر وانیلی,12,محصول نهایی,بسته,0,57,70.333334,1304000,66.166667,6,8296110,https://ashkanplastic.com/product/8296110/
829011001,وان گرد 4 دسته صورتی,12,محصول نهایی,بسته,0,25,0.333333,735500,16,6,8290110,https://ashkanplastic.com/product/8290110/
829011002,وان گرد 4 دسته طوسی,12,محصول نهایی,بسته,0,78,1.333333,735500,3,6,8290110,https://ashkanplastic.com/product/8290110/
829011007,وان گرد 4 دسته کرپ,12,محصول نهایی,بسته,0,59,0,735500,42,6,8290110,https://ashkanplastic.com/product/8290110/
829011011,وان گرد 4 دسته کرم,12,محصول نهایی,بسته,0,3,0,735500,0,6,8290110,https://ashkanplastic.com/product/8290110/
829311003,وان گرد 4 دسته مینی سوپر سفید,12,محصول نهایی,بسته,0,38,40.333334,841500,0,6,8293110,https://ashkanplastic.com/product/8293110/
829311001,وان گرد 4 دسته مینی سوپر صورتی,12,محصول نهایی,بسته,0,26,0.166667,841500,21,6,8293110,https://ashkanplastic.com/product/8293110/
829311002,وان گرد 4 دسته مینی سوپر طوسی,12,محصول نهایی,بسته,0,42,146.333335,841500,89.5,6,8293110,https://ashkanplastic.com/product/8293110/
829311007,وان گرد 4 دسته مینی سوپر کرپ,12,محصول نهایی,بسته,0,42,68,841500,62,6,8293110,https://ashkanplastic.com/product/8293110/
829311009,وان گرد 4 دسته مینی سوپر وانیلی,12,محصول نهایی,بسته,0,38,10,841500,11,6,8293110,https://ashkanplastic.com/product/8293110/
829011009,وان گرد 4 دسته وانیلی,12,محصول نهایی,بسته,0,57,0,735500,35,6,8290110,https://ashkanplastic.com/product/8290110/
823041001,وان مستطیل اپل تاپ 1 صورتی,12,محصول نهایی,بسته,0,22,0,419500,0,12,8230410,https://ashkanplastic.com/product/8230410/
823041007,وان مستطیل اپل تاپ 1 کرپ,12,محصول نهایی,بسته,0,2,0.5,419500,0,12,8230410,https://ashkanplastic.com/product/8230410/
