product_id,product_name,variant_sku,variant_name,technical_spec,product_type,unit,stock,pack_quantity,availability,ashkan_url,price,image_1,image_2,product_pack_quantity,variant_count,total_product_stock,product_availability,main_image,display_status
2493010,ادویه پاش پارمیس 1,249301020,ادویه پاش پارمیس1,12,محصول نهایی,کارتن,135.0,144.0,موجود,https://ashkanplastic.com/product/2493010/,,,,144.0,1,135.0,موجود,,فعال
2495010,ادویه پاش پارمیس 3,249501020,ادویه پاش پارمیس3,12,محصول نهایی,کارتن,165.0,60.0,موجود,https://ashkanplastic.com/product/2495010/,,,,60.0,1,165.0,موجود,,فعال
2499510,جا ادویه طبقاتی سرآشپز,249951010,ادویه پاش سرآشپز,12,محصول نهایی,کارتن,130.0,24.0,موجود,https://ashkanplastic.com/product/2499510/,,,,24.0,1,130.0,موجود,,فعال
1290031,آبکش پارمیس 1 الوان,129003110,آبکش پارمیس 1 الوان,اشکان اشکان,محصول نهایی,بسته,76.0,,موجود,https://ashkanplastic.com/product/1290031/,,,,,1,76.0,موجود,,فعال
1100312,آبکش تخت 1000,110031202,آبکش تخت 1000 طوسی,12,محصول نهایی,بسته,23.0,36.0,موجود,https://ashkanplastic.com/product/1100312/,,,,36.0,4,209.0,موجود,,فعال
1100312,آبکش تخت 1000,110031207,آبکش تخت 1000 کرپ,12,محصول نهایی,بسته,36.0,36.0,موجود,https://ashkanplastic.com/product/1100312/,,,,36.0,4,209.0,موجود,,فعال
1100312,آبکش تخت 1000,110031217,آبکش تخت 1000 موکا,12,محصول نهایی,بسته,80.0,36.0,موجود,https://ashkanplastic.com/product/1100312/,,,,36.0,4,209.0,موجود,,فعال
1100312,آبکش تخت 1000,110031209,آبکش تخت 1000 وانیلی,12,محصول نهایی,بسته,70.0,36.0,موجود,https://ashkanplastic.com/product/1100312/,,,,36.0,4,209.0,موجود,,فعال
1100314,آبکش تخت 2000,110031403,آبکش تخت 2000 سفید,12,محصول نهایی,بسته,0.0,36.0,ناموجود,https://ashkanplastic.com/product/1100314/,,,,36.0,7,255.0,موجود,,فعال
1100314,آبکش تخت 2000,110031401,آبکش تخت 2000 صورتی,12,محصول نهایی,بسته,2.0,36.0,موجود,https://ashkanplastic.com/product/1100314/,,,,36.0,7,255.0,موجود,,فعال
1100314,آبکش تخت 2000,110031402,آبکش تخت 2000 طوسی,12,محصول نهایی,بسته,21.0,36.0,موجود,https://ashkanplastic.com/product/1100314/,,,,36.0,7,255.0,موجود,,فعال
1100314,آبکش تخت 2000,110031407,آبکش تخت 2000 کرپ,12,محصول نهایی,بسته,63.0,36.0,موجود,https://ashkanplastic.com/product/1100314/,,,,36.0,7,255.0,موجود,,فعال
1100314,آبکش تخت 2000,110031411,آبکش تخت 2000 کرم,12,محصول نهایی,بسته,37.0,36.0,موجود,https://ashkanplastic.com/product/1100314/,,,,36.0,7,255.0,موجود,,فعال
1100314,آبکش تخت 2000,110031417,آبکش تخت 2000 موکا,12,محصول نهایی,بسته,69.0,36.0,موجود,https://ashkanplastic.com/product/1100314/,,,,36.0,7,255.0,موجود,,فعال
1100314,آبکش تخت 2000,110031409,آبکش تخت 2000 وانیلی,12,محصول نهایی,بسته,63.0,36.0,موجود,https://ashkanplastic.com/product/1100314/,,,,36.0,7,255.0,موجود,,فعال
1100316,آبکش تخت 3000,110031605,آبکش تخت 3000 سبز,12,محصول نهایی,بسته,0.0,36.0,ناموجود,https://ashkanplastic.com/product/1100316/,,,,36.0,7,223.0,موجود,,فعال
1100316,آبکش تخت 3000,110031603,آبکش تخت 3000 سفید,12,محصول نهایی,بسته,0.0,36.0,ناموجود,https://ashkanplastic.com/product/1100316/,,,,36.0,7,223.0,موجود,,فعال
1100316,آبکش تخت 3000,110031602,آبکش تخت 3000 طوسی,12,محصول نهایی,بسته,42.0,36.0,موجود,https://ashkanplastic.com/product/1100316/,,,,36.0,7,223.0,موجود,,فعال
1100316,آبکش تخت 3000,110031607,آبکش تخت 3000 کرپ,12,محصول نهایی,بسته,50.0,36.0,موجود,https://ashkanplastic.com/product/1100316/,,,,36.0,7,223.0,موجود,,فعال
1100316,آبکش تخت 3000,110031611,آبکش تخت 3000 کرم,12,محصول نهایی,بسته,52.0,36.0,موجود,https://ashkanplastic.com/product/1100316/,,,,36.0,7,223.0,موجود,,فعال
1100316,آبکش تخت 3000,110031617,آبکش تخت 3000 موکا,12,محصول نهایی,بسته,40.0,36.0,موجود,https://ashkanplastic.com/product/1100316/,,,,36.0,7,223.0,موجود,,فعال
1100316,آبکش تخت 3000,110031609,آبکش تخت 3000 وانیلی,12,محصول نهایی,بسته,39.0,36.0,موجود,https://ashkanplastic.com/product/1100316/,,,,36.0,7,223.0,موجود,,فعال
1100318,آبکش تخت 4000,110031803,آبکش تخت 4000 سفید,12,محصول نهایی,بسته,0.0,24.0,ناموجود,https://ashkanplastic.com/product/1100318/,,,,24.0,7,181.0,موجود,,فعال
1100318,آبکش تخت 4000,110031801,آبکش تخت 4000 صورتی,12,محصول نهایی,بسته,0.0,24.0,ناموجود,https://ashkanplastic.com/product/1100318/,,,,24.0,7,181.0,موجود,,فعال
1100318,آبکش تخت 4000,110031802,آبکش تخت 4000 طوسی,12,محصول نهایی,بسته,26.0,24.0,موجود,https://ashkanplastic.com/product/1100318/,,,,24.0,7,181.0,موجود,,فعال
1100318,آبکش تخت 4000,110031807,آبکش تخت 4000 کرپ,12,محصول نهایی,بسته,77.0,24.0,موجود,https://ashkanplastic.com/product/1100318/,,,,24.0,7,181.0,موجود,,فعال
1100318,آبکش تخت 4000,110031811,آبکش تخت 4000 کرم,12,محصول نهایی,بسته,17.0,24.0,موجود,https://ashkanplastic.com/product/1100318/,,,,24.0,7,181.0,موجود,,فعال
1100318,آبکش تخت 4000,110031817,آبکش تخت 4000 موکا,12,محصول نهایی,بسته,26.0,24.0,موجود,https://ashkanplastic.com/product/1100318/,,,,24.0,7,181.0,موجود,,فعال
1100318,آبکش تخت 4000,110031809,آبکش تخت 4000 وانیلی,12,محصول نهایی,بسته,35.0,24.0,موجود,https://ashkanplastic.com/product/1100318/,,,,24.0,7,181.0,موجود,,فعال
1100310,آبکش تخت 500,110031003,آبکش تخت 500 سفید,12,محصول نهایی,بسته,0.0,48.0,ناموجود,https://ashkanplastic.com/product/1100310/,,,,48.0,6,146.0,موجود,,فعال
1100310,آبکش تخت 500,110031001,آبکش تخت 500 صورتی,12,محصول نهایی,بسته,1.0,48.0,موجود,https://ashkanplastic.com/product/1100310/,,,,48.0,6,146.0,موجود,,فعال
1100310,آبکش تخت 500,110031002,آبکش تخت 500 طوسی,12,محصول نهایی,بسته,47.0,48.0,موجود,https://ashkanplastic.com/product/1100310/,,,,48.0,6,146.0,موجود,,فعال
1100310,آبکش تخت 500,110031007,آبکش تخت 500 کرپ,12,محصول نهایی,بسته,35.0,48.0,موجود,https://ashkanplastic.com/product/1100310/,,,,48.0,6,146.0,موجود,,فعال
1100310,آبکش تخت 500,110031017,آبکش تخت 500 موکا,12,محصول نهایی,بسته,35.0,48.0,موجود,https://ashkanplastic.com/product/1100310/,,,,48.0,6,146.0,موجود,,فعال
1100310,آبکش تخت 500,110031009,آبکش تخت 500 وانیلی,12,محصول نهایی,بسته,28.0,48.0,موجود,https://ashkanplastic.com/product/1100310/,,,,48.0,6,146.0,موجود,,فعال
1100320,آبکش تخت 5000,110032001,آبکش تخت 5000 صورتی,12,محصول نهایی,بسته,0.0,24.0,ناموجود,https://ashkanplastic.com/product/1100320/,,,,24.0,5,228.0,موجود,,فعال
1100320,آبکش تخت 5000,110032002,آبکش تخت 5000 طوسی,12,محصول نهایی,بسته,69.0,24.0,موجود,https://ashkanplastic.com/product/1100320/,,,,24.0,5,228.0,موجود,,فعال
1100320,آبکش تخت 5000,110032007,آبکش تخت 5000 کرپ,12,محصول نهایی,بسته,51.0,24.0,موجود,https://ashkanplastic.com/product/1100320/,,,,24.0,5,228.0,موجود,,فعال
1100320,آبکش تخت 5000,110032017,آبکش تخت 5000 موکا,12,محصول نهایی,بسته,67.0,24.0,موجود,https://ashkanplastic.com/product/1100320/,,,,24.0,5,228.0,موجود,,فعال
1100320,آبکش تخت 5000,110032009,آبکش تخت 5000 وانیلی,12,محصول نهایی,بسته,41.0,24.0,موجود,https://ashkanplastic.com/product/1100320/,,,,24.0,5,228.0,موجود,,فعال
1100322,آبکش تخت 6000,110032201,آبکش تخت 6000 صورتی,12,محصول نهایی,بسته,26.0,24.0,موجود,https://ashkanplastic.com/product/1100322/,,,,24.0,6,247.0,موجود,,فعال
1100322,آبکش تخت 6000,110032202,آبکش تخت 6000 طوسی,12,محصول نهایی,بسته,44.0,24.0,موجود,https://ashkanplastic.com/product/1100322/,,,,24.0,6,247.0,موجود,,فعال
1100322,آبکش تخت 6000,110032207,آبکش تخت 6000 کرپ,12,محصول نهایی,بسته,51.0,24.0,موجود,https://ashkanplastic.com/product/1100322/,,,,24.0,6,247.0,موجود,,فعال
1100322,آبکش تخت 6000,110032211,آبکش تخت 6000 کرم,12,محصول نهایی,بسته,38.0,24.0,موجود,https://ashkanplastic.com/product/1100322/,,,,24.0,6,247.0,موجود,,فعال
1100322,آبکش تخت 6000,110032217,آبکش تخت 6000 موکا,12,محصول نهایی,بسته,37.0,24.0,موجود,https://ashkanplastic.com/product/1100322/,,,,24.0,6,247.0,موجود,,فعال
1100322,آبکش تخت 6000,110032209,آبکش تخت 6000 وانیلی,12,محصول نهایی,بسته,51.0,24.0,موجود,https://ashkanplastic.com/product/1100322/,,,,24.0,6,247.0,موجود,,فعال
1200010,آبکش چلو 20,120001001,آبکش چلو 20 صورتی,12,محصول نهایی,بسته,5.0,48.0,موجود,https://ashkanplastic.com/product/1200010/,,,,48.0,5,202.0,موجود,,فعال
1200010,آبکش چلو 20,120001002,آبکش چلو 20 طوسی,12,محصول نهایی,بسته,55.0,48.0,موجود,https://ashkanplastic.com/product/1200010/,,,,48.0,5,202.0,موجود,,فعال
1200010,آبکش چلو 20,120001007,آبکش چلو 20 کرپ,12,محصول نهایی,بسته,44.0,48.0,موجود,https://ashkanplastic.com/product/1200010/,,,,48.0,5,202.0,موجود,,فعال
1200010,آبکش چلو 20,120001017,آبکش چلو 20 موکا,12,محصول نهایی,بسته,50.0,48.0,موجود,https://ashkanplastic.com/product/1200010/,,,,48.0,5,202.0,موجود,,فعال
1200010,آبکش چلو 20,120001009,آبکش چلو 20 وانیلی,12,محصول نهایی,بسته,48.0,48.0,موجود,https://ashkanplastic.com/product/1200010/,,,,48.0,5,202.0,موجود,,فعال
1200012,آبکش چلو 25,120001201,آبکش چلو 25 صورتی,12,محصول نهایی,بسته,15.0,36.0,موجود,https://ashkanplastic.com/product/1200012/,,,,36.0,5,108.0,موجود,,فعال
1200012,آبکش چلو 25,120001202,آبکش چلو 25 طوسی,12,محصول نهایی,بسته,27.0,36.0,موجود,https://ashkanplastic.com/product/1200012/,,,,36.0,5,108.0,موجود,,فعال
1200012,آبکش چلو 25,120001207,آبکش چلو 25 کرپ,12,محصول نهایی,بسته,21.0,36.0,موجود,https://ashkanplastic.com/product/1200012/,,,,36.0,5,108.0,موجود,,فعال
1200012,آبکش چلو 25,120001217,آبکش چلو 25 موکا,12,محصول نهایی,بسته,20.0,36.0,موجود,https://ashkanplastic.com/product/1200012/,,,,36.0,5,108.0,موجود,,فعال
1200012,آبکش چلو 25,120001209,آبکش چلو 25 وانیلی,12,محصول نهایی,بسته,25.0,36.0,موجود,https://ashkanplastic.com/product/1200012/,,,,36.0,5,108.0,موجود,,فعال
1200014,آبکش چلو 30,120001401,آبکش چلو 30 صورتی,12,محصول نهایی,بسته,2.0,36.0,موجود,https://ashkanplastic.com/product/1200014/,,,,36.0,5,280.0,موجود,,فعال
1200014,آبکش چلو 30,120001402,آبکش چلو 30 طوسی,12,محصول نهایی,بسته,74.0,36.0,موجود,https://ashkanplastic.com/product/1200014/,,,,36.0,5,280.0,موجود,,فعال
1200014,آبکش چلو 30,120001407,آبکش چلو 30 کرپ,12,محصول نهایی,بسته,63.0,36.0,موجود,https://ashkanplastic.com/product/1200014/,,,,36.0,5,280.0,موجود,,فعال
1200014,آبکش چلو 30,120001417,آبکش چلو 30 موکا,12,محصول نهایی,بسته,79.0,36.0,موجود,https://ashkanplastic.com/product/1200014/,,,,36.0,5,280.0,موجود,,فعال
1200014,آبکش چلو 30,120001409,آبکش چلو 30 وانیلی,12,محصول نهایی,بسته,62.0,36.0,موجود,https://ashkanplastic.com/product/1200014/,,,,36.0,5,280.0,موجود,,فعال
1200016,آبکش چلو 35,120001601,آبکش چلو 35 صورتی,12,محصول نهایی,بسته,0.75,24.0,موجود,https://ashkanplastic.com/product/1200016/,,,,24.0,5,222.75,موجود,,فعال
1200016,آبکش چلو 35,120001602,آبکش چلو 35 طوسی,12,محصول نهایی,بسته,92.0,24.0,موجود,https://ashkanplastic.com/product/1200016/,,,,24.0,5,222.75,موجود,,فعال
1200016,آبکش چلو 35,120001607,آبکش چلو 35 کرپ,12,محصول نهایی,بسته,0.0,24.0,ناموجود,https://ashkanplastic.com/product/1200016/,,,,24.0,5,222.75,موجود,,فعال
1200016,آبکش چلو 35,120001615,آبکش چلو 35 موکا,12,محصول نهایی,بسته,80.0,24.0,موجود,https://ashkanplastic.com/product/1200016/,,,,24.0,5,222.75,موجود,,فعال
1200016,آبکش چلو 35,120001609,آبکش چلو 35 وانیلی,12,محصول نهایی,بسته,50.0,24.0,موجود,https://ashkanplastic.com/product/1200016/,,,,24.0,5,222.75,موجود,,فعال
1200018,آبکش چلو 45,120001801,آبکش چلو 45 صورتی,12,محصول نهایی,بسته,1.0,24.0,موجود,https://ashkanplastic.com/product/1200018/,,,,24.0,5,154.0,موجود,,فعال
1200018,آبکش چلو 45,120001802,آبکش چلو 45 طوسی,12,محصول نهایی,بسته,44.0,24.0,موجود,https://ashkanplastic.com/product/1200018/,,,,24.0,5,154.0,موجود,,فعال
1200018,آبکش چلو 45,120001807,آبکش چلو 45 کرپ,12,محصول نهایی,بسته,32.0,24.0,موجود,https://ashkanplastic.com/product/1200018/,,,,24.0,5,154.0,موجود,,فعال
1200018,آبکش چلو 45,120001817,آبکش چلو 45 موکا,12,محصول نهایی,بسته,39.0,24.0,موجود,https://ashkanplastic.com/product/1200018/,,,,24.0,5,154.0,موجود,,فعال
1200018,آبکش چلو 45,120001809,آبکش چلو 45 وانیلی,12,محصول نهایی,بسته,38.0,24.0,موجود,https://ashkanplastic.com/product/1200018/,,,,24.0,5,154.0,موجود,,فعال
1200020,آبکش چلو 55,120002001,آبکش چلو 55 صورتی,12,محصول نهایی,بسته,8.0,18.0,موجود,https://ashkanplastic.com/product/1200020/,,,,18.0,5,67.0,موجود,,فعال
1200020,آبکش چلو 55,120002002,آبکش چلو 55 طوسی,12,محصول نهایی,بسته,5.0,18.0,موجود,https://ashkanplastic.com/product/1200020/,,,,18.0,5,67.0,موجود,,فعال
1200020,آبکش چلو 55,120002007,آبکش چلو 55 کرپ,12,محصول نهایی,بسته,28.0,18.0,موجود,https://ashkanplastic.com/product/1200020/,,,,18.0,5,67.0,موجود,,فعال
1200020,آبکش چلو 55,120002017,آبکش چلو 55 موکا,12,محصول نهایی,بسته,10.0,18.0,موجود,https://ashkanplastic.com/product/1200020/,,,,18.0,5,67.0,موجود,,فعال
1200020,آبکش چلو 55,120002009,آبکش چلو 55 وانیلی,12,محصول نهایی,بسته,16.0,18.0,موجود,https://ashkanplastic.com/product/1200020/,,,,18.0,5,67.0,موجود,,فعال
1200022,آبکش چلو 65 (محرم),120002201,آبکش چلو 65 صورتی,12,محصول نهایی,بسته,9.0,12.0,موجود,https://ashkanplastic.com/product/1200022/,,,,12.0,5,131.083333,موجود,,فعال
1200022,آبکش چلو 65 (محرم),120002202,آبکش چلو 65 طوسی,12,محصول نهایی,بسته,20.0,12.0,موجود,https://ashkanplastic.com/product/1200022/,,,,12.0,5,131.083333,موجود,,فعال
1200022,آبکش چلو 65 (محرم),120002207,آبکش چلو 65 کرپ,12,محصول نهایی,بسته,39.0,12.0,موجود,https://ashkanplastic.com/product/1200022/,,,,12.0,5,131.083333,موجود,,فعال
1200022,آبکش چلو 65 (محرم),120002217,آبکش چلو 65 موکا,12,محصول نهایی,بسته,23.0,12.0,موجود,https://ashkanplastic.com/product/1200022/,,,,12.0,5,131.083333,موجود,,فعال
1200022,آبکش چلو 65 (محرم),120002209,آبکش چلو 65 وانیلی,12,محصول نهایی,بسته,40.083333,12.0,موجود,https://ashkanplastic.com/product/1200022/,,,,12.0,5,131.083333,موجود,,فعال
1300014,آبکش یاس 3 صورتی,130001401,آبکش یاس 3 صورتی,12,محصول نهایی,بسته,0.0,,ناموجود,https://ashkanplastic.com/product/1300014/,,,,,1,0.0,ناموجود,,فعال
1300016,آبکش یاس 4 کرم,130001611,آبکش یاس 4 کرم,12,محصول نهایی,بسته,0.0,,ناموجود,https://ashkanplastic.com/product/1300016/,,,,,1,0.0,ناموجود,,فعال
1302010,آبکش یاس مینی صورتی,130201001,آبکش یاس مینی صورتی,12,محصول نهایی,بسته,0.0,,ناموجود,https://ashkanplastic.com/product/1302010/,,,,,1,0.0,ناموجود,,فعال
1301010,آبکش یاس نقلی الوان,130101010,آبکش یاس نقلی الوان,12,محصول نهایی,بسته,15.0,,موجود,https://ashkanplastic.com/product/1301010/,,,,,1,15.0,موجود,,فعال
1605010,آبمیوه گیری بزرگ آسان,160501008,آبمیوه گیری بزرگ آسان,اشکان-نصیری,محصول نهایی,کارتن,223.0,36.0,موجود,https://ashkanplastic.com/product/1605010/,,,,36.0,1,223.0,موجود,,فعال
1690010,آبمیوه گیری بهنوش,169001010,آبمیوه گیری بهنوش الوان,12,محصول نهایی,بسته,54.0,24.0,موجود,https://ashkanplastic.com/product/1690010/,,,,24.0,1,54.0,موجود,,فعال
1603010,آبمیوه گیری کوچک آسان,160301008,آبمیوه گیری کوچک آسان,12,محصول نهایی,کارتن,100.0,48.0,موجود,https://ashkanplastic.com/product/1603010/,,,,48.0,1,100.0,موجود,,فعال
1625010,آبمیوه گیری لوکس بزرگ اشکان,162501010,آبمیوه گیری لوکس بزرگ اشکان الوان,12,محصول نهایی,بسته,19.0,24.0,موجود,https://ashkanplastic.com/product/1625010/,,,,24.0,1,19.0,موجود,,فعال
1626010,آبمیوه گیری لوکس سوپر اشکان,162601010,آبمیوه گیری لوکس سوپر اشکان الوان,12,محصول نهایی,بسته,55.0,18.0,موجود,https://ashkanplastic.com/product/1626010/,,,,18.0,2,55.0,موجود,,فعال
1626010,آبمیوه گیری لوکس سوپر اشکان,162601009,آبمیوه گیری لوکس سوپر اشکان وانیلی,12,محصول نهایی,بسته,0.0,18.0,ناموجود,https://ashkanplastic.com/product/1626010/,,,,18.0,2,55.0,موجود,,فعال
1623010,آبمیوه گیری لوکس کوچک اشکان,162301010,آبمیوه گیری لوکس کوچک اشکان الوان,12,محصول نهایی,بسته,163.0,48.0,موجود,https://ashkanplastic.com/product/1623010/,,,,48.0,3,163.0,موجود,,فعال
1623010,آبمیوه گیری لوکس کوچک اشکان,162301008,آبمیوه گیری لوکس کوچک اشکان شفاف,12,محصول نهایی,بسته,0.0,48.0,ناموجود,https://ashkanplastic.com/product/1623010/,,,,48.0,3,163.0,موجود,,فعال
1623010,آبمیوه گیری لوکس کوچک اشکان,162301002,آبمیوه گیری لوکس کوچک اشکان طوسی,12,محصول نهایی,بسته,0.0,48.0,ناموجود,https://ashkanplastic.com/product/1623010/,,,,48.0,3,163.0,موجود,,فعال
1850010,بادبزن شاندیز,185001010,بادبزن اشکان الوان,12,محصول نهایی,بسته,109.0,72.0,موجود,https://ashkanplastic.com/product/1850010/,,,,72.0,1,109.0,موجود,,فعال
1890010,بادبزن سلطانی,189001010,بادبزن سلطانی - الوان,اشکان اشکان,محصول نهایی,کارتن,178.0,48.0,موجود,https://ashkanplastic.com/product/1890010/,,,,48.0,1,178.0,موجود,,فعال
1890011,بادبزن کولاک,189001110,بادبزن کولاک - الوان,12,محصول نهایی,کارتن,157.0,72.0,موجود,https://ashkanplastic.com/product/1890011/,,,,72.0,1,157.0,موجود,,فعال
4498311,باکس آوا سایز 1 تخت,449831110,باکس تخت همه کاره آوا سایز 1 (3لیتری)-الوان,12,محصول نهایی,کارتن,167.0,24.0,موجود,https://ashkanplastic.com/product/4498311/,,,,24.0,1,167.0,موجود,,فعال
4498610,باکس گوزل 10 لیتری,449861010,باکس چند منظوره دسته دار  گوزل(10لیتری)-الوان,12,محصول نهایی,کارتن,275.0,18.0,موجود,https://ashkanplastic.com/product/4498610/,,,,18.0,1,275.0,موجود,,فعال
4498012,باکس آوا سایز 2 ,449801210,باکس همه کاره آوا سایز 2 (4لیتری)-الوان,12,محصول نهایی,کارتن,300.0,36.0,موجود,https://ashkanplastic.com/product/4498012/,,,,36.0,1,300.0,موجود,,فعال
4498013,باکس آوا سایز 3,449801310,باکس همه کاره آوا سایز 3 (6لیتری)-الوان,12,محصول نهایی,کارتن,192.0,18.0,موجود,https://ashkanplastic.com/product/4498013/,,,,18.0,1,192.0,موجود,,فعال
2020010,پادری اشکان,202001002,پادری اشکان طوسی,12,محصول نهایی,بسته,42.0,12.0,موجود,https://ashkanplastic.com/product/2020010/,,,,12.0,3,118.0,موجود,,فعال
2020010,پادری اشکان,202001007,پادری اشکان کرپ,12,محصول نهایی,بسته,45.0,12.0,موجود,https://ashkanplastic.com/product/2020010/,,,,12.0,3,118.0,موجود,,فعال
2020010,پادری اشکان,202001017,پادری اشکان موکا,12,محصول نهایی,بسته,31.0,12.0,موجود,https://ashkanplastic.com/product/2020010/,,,,12.0,3,118.0,موجود,,فعال
2210810,پارچ 2رنگ سیب,221081010,پارچ 2 رنگ سیب الوان,12,محصول نهایی,بسته,132.0,24.0,موجود,https://ashkanplastic.com/product/2210810/,,,,24.0,2,132.0,موجود,,فعال
2210810,پارچ 2رنگ سیب,221081001,پارچ 2 رنگ سیب صورتی,12,محصول نهایی,بسته,0.0,24.0,ناموجود,https://ashkanplastic.com/product/2210810/,,,,24.0,2,132.0,موجود,,فعال
2220810,پارچ 2رنگ گلبرگ اشکان,222081010,پارچ 2 رنگ گلبرگ اشکان الوان,12,محصول نهایی,بسته,0.0,12.0,ناموجود,https://ashkanplastic.com/product/2220810/,,,,12.0,3,0.083333,موجود,,فعال
2220810,پارچ 2رنگ گلبرگ اشکان,222081001,پارچ 2 رنگ گلبرگ اشکان صورتی,12,محصول نهایی,بسته,0.0,12.0,ناموجود,https://ashkanplastic.com/product/2220810/,,,,12.0,3,0.083333,موجود,,فعال
2220810,پارچ 2رنگ گلبرگ اشکان,222081002,پارچ 2 رنگ گلبرگ اشکان طوسی,12,محصول نهایی,بسته,0.083333,12.0,موجود,https://ashkanplastic.com/product/2220810/,,,,12.0,3,0.083333,موجود,,فعال
2290010,پارچ الماس,229001010,پارچ الماس الوان,12,محصول نهایی,بسته,268.0,12.0,موجود,https://ashkanplastic.com/product/2290010/,,,,12.0,4,268.0,موجود,,فعال
2290010,پارچ الماس,229001008,پارچ الماس شفاف,12,محصول نهایی,بسته,0.0,12.0,ناموجود,https://ashkanplastic.com/product/2290010/,,,,12.0,4,268.0,موجود,,فعال
2290010,پارچ الماس,229001001,پارچ الماس صورتی,12,محصول نهایی,بسته,0.0,12.0,ناموجود,https://ashkanplastic.com/product/2290010/,,,,12.0,4,268.0,موجود,,فعال
2290010,پارچ الماس,229001002,پارچ الماس طوسی,12,محصول نهایی,بسته,0.0,12.0,ناموجود,https://ashkanplastic.com/product/2290010/,,,,12.0,4,268.0,موجود,,فعال
2295011,پارچ بزرگ دلسا,229501110,پارچ بزرگ دلسا,12,محصول نهایی,کارتن,284.0,12.0,موجود,https://ashkanplastic.com/product/2295011/,,,,12.0,1,284.0,موجود,,فعال
2293011,پارچ کوچک دلسا,229301110,پارچ کوچک دلسا,12,محصول نهایی,کارتن,230.0,24.0,موجود,https://ashkanplastic.com/product/2293011/,,,,24.0,1,230.0,موجود,,فعال
2270010,پارچ گلرو,227001010,پارچ گلرو الوان,12,محصول نهایی,بسته,108.0,24.0,موجود,https://ashkanplastic.com/product/2270010/,,,,24.0,1,108.0,موجود,,فعال
2270912,پارچ گلرو (شفاف),227091210,پارچ گلرو شفاف درب الوان,12,محصول نهایی,بسته,0.0,24.0,ناموجود,https://ashkanplastic.com/product/2270912/,,,,24.0,1,0.0,ناموجود,,فعال
2295010,پارچ لامیا بزرگ,229501001,پارچ لامیا بزرگ صورتی,12,محصول نهایی,بسته,0.666667,18.0,موجود,https://ashkanplastic.com/product/2295010/,,,,18.0,5,266.666667,موجود,,فعال
2295010,پارچ لامیا بزرگ,229501002,پارچ لامیا بزرگ طوسی,12,محصول نهایی,بسته,77.0,18.0,موجود,https://ashkanplastic.com/product/2295010/,,,,18.0,5,266.666667,موجود,,فعال
2295010,پارچ لامیا بزرگ,229501007,پارچ لامیا بزرگ کرپ,12,محصول نهایی,بسته,57.0,18.0,موجود,https://ashkanplastic.com/product/2295010/,,,,18.0,5,266.666667,موجود,,فعال
2295010,پارچ لامیا بزرگ,229501017,پارچ لامیا بزرگ موکا,12,محصول نهایی,بسته,68.0,18.0,موجود,https://ashkanplastic.com/product/2295010/,,,,18.0,5,266.666667,موجود,,فعال
2295010,پارچ لامیا بزرگ,229501009,پارچ لامیا بزرگ وانیلی,12,محصول نهایی,بسته,64.0,18.0,موجود,https://ashkanplastic.com/product/2295010/,,,,18.0,5,266.666667,موجود,,فعال
2293010,پارچ لامیا کوچک,229301001,پارچ لامیا کوچک صورتی,12,محصول نهایی,بسته,21.0,24.0,موجود,https://ashkanplastic.com/product/2293010/,,,,24.0,5,282.0,موجود,,فعال
2293010,پارچ لامیا کوچک,229301002,پارچ لامیا کوچک طوسی,12,محصول نهایی,بسته,81.0,24.0,موجود,https://ashkanplastic.com/product/2293010/,,,,24.0,5,282.0,موجود,,فعال
2293010,پارچ لامیا کوچک,229301007,پارچ لامیا کوچک کرپ,12,محصول نهایی,بسته,58.0,24.0,موجود,https://ashkanplastic.com/product/2293010/,,,,24.0,5,282.0,موجود,,فعال
2293010,پارچ لامیا کوچک,229301017,پارچ لامیا کوچک موکا,12,محصول نهایی,بسته,72.0,24.0,موجود,https://ashkanplastic.com/product/2293010/,,,,24.0,5,282.0,موجود,,فعال
2293010,پارچ لامیا کوچک,229301009,پارچ لامیا کوچک وانیلی,12,محصول نهایی,بسته,50.0,24.0,موجود,https://ashkanplastic.com/product/2293010/,,,,24.0,5,282.0,موجود,,فعال
2290020,پارچ موج مدل 103 شفاف,229002010,پارچ موج مدل 103- الوان,اشکان- اشکان,محصول نهایی,کارتن,384.0,12.0,موجود,https://ashkanplastic.com/product/2290020/,,,,12.0,4,587.250001,موجود,,فعال
2290020,پارچ موج مدل 103 شفاف,229002024,پارچ موج مدل 103- آبی شیشه ای,12,محصول نهایی,کارتن,0.0,12.0,ناموجود,https://ashkanplastic.com/product/2290020/,,,,12.0,4,587.250001,موجود,,فعال
2290020,پارچ موج مدل 103 شفاف,229002008,پارچ موج مدل 103- شفاف,اشکان- اشکان,محصول نهایی,کارتن,203.083334,12.0,موجود,https://ashkanplastic.com/product/2290020/,,,,12.0,4,587.250001,موجود,,فعال
2290020,پارچ موج مدل 103 شفاف,229002025,پارچ موج مدل 103- عسلی,12,محصول نهایی,کارتن,0.166667,12.0,موجود,https://ashkanplastic.com/product/2290020/,,,,12.0,4,587.250001,موجود,,فعال
7120020,پیمانه لوکس مدرج اشکان,712002010,پیمانه لوکس مدرج اشکان الوان,12,محصول نهایی,بسته,114.0,36.0,موجود,https://ashkanplastic.com/product/7120020/,,,,36.0,2,114.0,موجود,,فعال
7120020,پیمانه لوکس مدرج اشکان,712002008,پیمانه لوکس مدرج اشکان شفاف,12,محصول نهایی,بسته,0.0,36.0,ناموجود,https://ashkanplastic.com/product/7120020/,,,,36.0,2,114.0,موجود,,فعال
8993020,تخته گوشت کوچک دلسا - الوان,899302010,تخته گوشت کوچک دلسا - الوان,12,محصول نهایی,کارتن,51.0,,موجود,https://ashkanplastic.com/product/8993020/,,,,,1,51.0,موجود,,فعال
8994020,تخته گوشت متوسط دلسا - الوان,899402010,تخته گوشت متوسط دلسا - الوان,12,محصول نهایی,کارتن,1.0,,موجود,https://ashkanplastic.com/product/8994020/,,,,,1,1.0,موجود,,فعال
6560010,تفاله گیر روشا,656001001,تفاله گیر روشا صورتی,12,محصول نهایی,بسته,22.0,48.0,موجود,https://ashkanplastic.com/product/6560010/,,,,48.0,5,266.0,موجود,,فعال
6560010,تفاله گیر روشا,656001002,تفاله گیر روشا طوسی,12,محصول نهایی,بسته,75.0,48.0,موجود,https://ashkanplastic.com/product/6560010/,,,,48.0,5,266.0,موجود,,فعال
6560010,تفاله گیر روشا,656001007,تفاله گیر روشا کرپ,12,محصول نهایی,بسته,54.0,48.0,موجود,https://ashkanplastic.com/product/6560010/,,,,48.0,5,266.0,موجود,,فعال
6560010,تفاله گیر روشا,656001017,تفاله گیر روشا موکا,12,محصول نهایی,بسته,73.0,48.0,موجود,https://ashkanplastic.com/product/6560010/,,,,48.0,5,266.0,موجود,,فعال
6560010,تفاله گیر روشا,656001009,تفاله گیر روشا وانیلی,12,محصول نهایی,بسته,42.0,48.0,موجود,https://ashkanplastic.com/product/6560010/,,,,48.0,5,266.0,موجود,,فعال
6510010,تفاله گیر لوکس سیب,651001010,تفاله گیر لوکس سیب الوان,12,محصول نهایی,بسته,0.0,60.0,ناموجود,https://ashkanplastic.com/product/6510010/,,,,60.0,3,0.0,ناموجود,,فعال
6510010,تفاله گیر لوکس سیب,651001001,تفاله گیر لوکس سیب صورتی,12,محصول نهایی,بسته,0.0,60.0,ناموجود,https://ashkanplastic.com/product/6510010/,,,,60.0,3,0.0,ناموجود,,فعال
6510010,تفاله گیر لوکس سیب,651001002,تفاله گیر لوکس سیب طوسی,12,محصول نهایی,بسته,0.0,60.0,ناموجود,https://ashkanplastic.com/product/6510010/,,,,60.0,3,0.0,ناموجود,,فعال
7800010,توالت شوی دلسا مدل 303 گرد,780001010,توالت شوی دلسا مدل 303 گرد- الوان,12,محصول نهایی,بسته,17.0,24.0,موجود,https://ashkanplastic.com/product/7800010/,,,,24.0,1,17.0,موجود,,فعال
7800520,توالت شوی دلسا مدل 403 مربع,780052010,توالت شوی دلسا مدل 403 مربع - الوان,12,محصول نهایی,بسته,1.0,24.0,موجود,https://ashkanplastic.com/product/7800520/,,,,24.0,1,1.0,موجود,,فعال
2488010,جا ادویه تکی هما,248801010,جا ادویه تکی هما الوان,12,محصول نهایی,بسته,303.0,48.0,موجود,https://ashkanplastic.com/product/2488010/,,,,48.0,1,303.0,موجود,,فعال
2480010,جا ادویه گلدار هما,248001010,جا ادویه گلدار هما الوان,12,محصول نهایی,بسته,211.0,18.0,موجود,https://ashkanplastic.com/product/2480010/,,,,18.0,4,211.055556,موجود,,فعال
2480010,جا ادویه گلدار هما,248001001,جا ادویه گلدار هما صورتی,12,محصول نهایی,بسته,0.055556,18.0,موجود,https://ashkanplastic.com/product/2480010/,,,,18.0,4,211.055556,موجود,,فعال
2480010,جا ادویه گلدار هما,248001002,جا ادویه گلدار هما طوسی,12,محصول نهایی,بسته,0.0,18.0,ناموجود,https://ashkanplastic.com/product/2480010/,,,,18.0,4,211.055556,موجود,,فعال
2480010,جا ادویه گلدار هما,248001007,جا ادویه گلدار هما کرپ,12,محصول نهایی,بسته,0.0,18.0,ناموجود,https://ashkanplastic.com/product/2480010/,,,,18.0,4,211.055556,موجود,,فعال
3608010,جااسکاجی تکی آویز اشکان,360801010,جا اسکاجی آویز تکی الوان,12,محصول نهایی,بسته,98.0,48.0,موجود,https://ashkanplastic.com/product/3608010/,,,,48.0,2,98.0,موجود,,فعال
3608010,جااسکاجی تکی آویز اشکان,360801002,جا اسکاجی آویز تکی طوسی,12,محصول نهایی,بسته,0.0,48.0,ناموجود,https://ashkanplastic.com/product/3608010/,,,,48.0,2,98.0,موجود,,فعال
3697010,جا اسکاجی دو قلو حصیری الوان,369701010,جا اسکاجی دو قلو حصیری الوان,12,محصول نهایی,بسته,0.0,,ناموجود,https://ashkanplastic.com/product/3697010/,,,,,1,0.0,ناموجود,,فعال
3617010,جااسکاجی دو قلوی سیب,361701010,جا اسکاجی دو قلوی سیب الوان,12,محصول نهایی,بسته,1.0,48.0,موجود,https://ashkanplastic.com/product/3617010/,,,,48.0,4,1.0,موجود,,فعال
3617010,جااسکاجی دو قلوی سیب,361701001,جا اسکاجی دو قلوی سیب صورتی,12,محصول نهایی,بسته,0.0,48.0,ناموجود,https://ashkanplastic.com/product/3617010/,,,,48.0,4,1.0,موجود,,فعال
3617010,جااسکاجی دو قلوی سیب,361701002,جا اسکاجی دو قلوی سیب طوسی,12,محصول نهایی,بسته,0.0,48.0,ناموجود,https://ashkanplastic.com/product/3617010/,,,,48.0,4,1.0,موجود,,فعال
3617010,جااسکاجی دو قلوی سیب,361701009,جا اسکاجی دو قلوی سیب وانیلی,12,محصول نهایی,بسته,0.0,48.0,ناموجود,https://ashkanplastic.com/product/3617010/,,,,48.0,4,1.0,موجود,,فعال
4190010,جا تخم مرغی 15 خانه,419001010,جا تخم مرغی 15 خانه مزرعه الوان,12,محصول نهایی,کارتن,292.0,18.0,موجود,https://ashkanplastic.com/product/4190010/,,,,18.0,6,385.0,موجود,,فعال
4190010,جا تخم مرغی 15 خانه,419001003,جا تخم مرغی 15 خانه مزرعه سفید,12,محصول نهایی,کارتن,0.0,18.0,ناموجود,https://ashkanplastic.com/product/4190010/,,,,18.0,6,385.0,موجود,,فعال
4190010,جا تخم مرغی 15 خانه,419001008,جا تخم مرغی 15 خانه مزرعه شفاف,12,محصول نهایی,کارتن,93.0,18.0,موجود,https://ashkanplastic.com/product/4190010/,,,,18.0,6,385.0,موجود,,فعال
4190010,جا تخم مرغی 15 خانه,419001002,جا تخم مرغی 15 خانه مزرعه طوسی,12,محصول نهایی,کارتن,0.0,18.0,ناموجود,https://ashkanplastic.com/product/4190010/,,,,18.0,6,385.0,موجود,,فعال
4190010,جا تخم مرغی 15 خانه,419001007,جا تخم مرغی 15 خانه مزرعه کرپ,12,محصول نهایی,کارتن,0.0,18.0,ناموجود,https://ashkanplastic.com/product/4190010/,,,,18.0,6,385.0,موجود,,فعال
4190010,جا تخم مرغی 15 خانه,419001017,جا تخم مرغی 15 خانه مزرعه موکا,12,محصول نهایی,کارتن,0.0,18.0,ناموجود,https://ashkanplastic.com/product/4190010/,,,,18.0,6,385.0,موجود,,فعال
3790010,جا صابونی آنالیا,379001010,جا صابونی آنالیا الوان,12,محصول نهایی,بسته,70.0,96.0,موجود,https://ashkanplastic.com/product/3790010/,,,,96.0,2,70.0,موجود,,فعال
3790010,جا صابونی آنالیا,379001004,جا صابونی آنالیا آبی,12,محصول نهایی,بسته,0.0,96.0,ناموجود,https://ashkanplastic.com/product/3790010/,,,,96.0,2,70.0,موجود,,فعال
3710910,جا صابونی سیب (شفاف),371091010,جا صابونی سیب شفاف الوان,12,محصول نهایی,بسته,182.0,72.0,موجود,https://ashkanplastic.com/product/3710910/,,,,72.0,2,182.0,موجود,,فعال
3710910,جا صابونی سیب (شفاف),371091007,جا صابونی سیب شفاف کرپ,12,محصول نهایی,بسته,0.0,72.0,ناموجود,https://ashkanplastic.com/product/3710910/,,,,72.0,2,182.0,موجود,,فعال
3790014,جا صابونی نگین دار,379001410,جا صابونی نگین دار الوان,12,محصول نهایی,بسته,73.0,96.0,موجود,https://ashkanplastic.com/product/3790014/,,,,96.0,1,73.0,موجود,,فعال
4090010,جا قاشقی آویز گشنیز,409001010,جا قاشقی آویز گشنیز الوان,12,محصول نهایی,بسته,0.0,30.0,ناموجود,https://ashkanplastic.com/product/4090010/,,,,30.0,5,24.0,موجود,,فعال
4090010,جا قاشقی آویز گشنیز,409001001,جا قاشقی آویز گشنیز صورتی,12,محصول نهایی,بسته,24.0,30.0,موجود,https://ashkanplastic.com/product/4090010/,,,,30.0,5,24.0,موجود,,فعال
4090010,جا قاشقی آویز گشنیز,409001002,جا قاشقی آویز گشنیز طوسی,12,محصول نهایی,بسته,0.0,30.0,ناموجود,https://ashkanplastic.com/product/4090010/,,,,30.0,5,24.0,موجود,,فعال
4090010,جا قاشقی آویز گشنیز,409001007,جا قاشقی آویز گشنیز کرپ,12,محصول نهایی,بسته,0.0,30.0,ناموجود,https://ashkanplastic.com/product/4090010/,,,,30.0,5,24.0,موجود,,فعال
4090010,جا قاشقی آویز گشنیز,409001009,جا قاشقی آویز گشنیز وانیلی,12,محصول نهایی,بسته,0.0,30.0,ناموجود,https://ashkanplastic.com/product/4090010/,,,,30.0,5,24.0,موجود,,فعال
4010010,جا قاشقی آویزنیکا,401001010,جا قاشقی آویز لوکس سیب الوان,12,محصول نهایی,بسته,0.0,30.0,ناموجود,https://ashkanplastic.com/product/4010010/,,,,30.0,6,327.0,موجود,,فعال
4010010,جا قاشقی آویزنیکا,401001001,جا قاشقی آویز لوکس سیب صورتی,12,محصول نهایی,بسته,2.0,30.0,موجود,https://ashkanplastic.com/product/4010010/,,,,30.0,6,327.0,موجود,,فعال
4010010,جا قاشقی آویزنیکا,401001002,جا قاشقی آویز نیکا طوسی,12,محصول نهایی,بسته,91.0,30.0,موجود,https://ashkanplastic.com/product/4010010/,,,,30.0,6,327.0,موجود,,فعال
4010010,جا قاشقی آویزنیکا,401001007,جا قاشقی آویز نیکا کرپ,12,محصول نهایی,بسته,70.0,30.0,موجود,https://ashkanplastic.com/product/4010010/,,,,30.0,6,327.0,موجود,,فعال
4010010,جا قاشقی آویزنیکا,401001017,جا قاشقی آویز نیکا موکا,12,محصول نهایی,بسته,92.0,30.0,موجود,https://ashkanplastic.com/product/4010010/,,,,30.0,6,327.0,موجود,,فعال
4010010,جا قاشقی آویزنیکا,401001009,جا قاشقی آویز نیکا وانیلی,12,محصول نهایی,بسته,72.0,30.0,موجود,https://ashkanplastic.com/product/4010010/,,,,30.0,6,327.0,موجود,,فعال
4087010,جا قاشقی دو پارچه هما,408701010,جا قاشقی دو پارچه هما الوان,12,محصول نهایی,بسته,1.0,24.0,موجود,https://ashkanplastic.com/product/4087010/,,,,24.0,1,1.0,موجود,,فعال
4017010,جا قاشقی دو جداره سیب طوسی,401701002,جا قاشقی دو جداره سیب طوسی,12,محصول نهایی,بسته,0.0,,ناموجود,https://ashkanplastic.com/product/4017010/,,,,,1,0.0,ناموجود,,فعال
4010012,جا قاشقی سه خانه سیب,401001201,جا قاشقی سه خانه سیب صورتی,12,محصول نهایی,بسته,1.0,36.0,موجود,https://ashkanplastic.com/product/4010012/,,,,36.0,5,222.0,موجود,,فعال
4010012,جا قاشقی سه خانه سیب,401001202,جا قاشقی سه خانه سیب طوسی,12,محصول نهایی,بسته,26.0,36.0,موجود,https://ashkanplastic.com/product/4010012/,,,,36.0,5,222.0,موجود,,فعال
4010012,جا قاشقی سه خانه سیب,401001207,جا قاشقی سه خانه سیب کرپ,12,محصول نهایی,بسته,66.0,36.0,موجود,https://ashkanplastic.com/product/4010012/,,,,36.0,5,222.0,موجود,,فعال
4010012,جا قاشقی سه خانه سیب,401001217,جا قاشقی سه خانه سیب موکا,12,محصول نهایی,بسته,64.0,36.0,موجود,https://ashkanplastic.com/product/4010012/,,,,36.0,5,222.0,موجود,,فعال
4010012,جا قاشقی سه خانه سیب,401001209,جا قاشقی سه خانه سیب وانیلی,12,محصول نهایی,بسته,65.0,36.0,موجود,https://ashkanplastic.com/product/4010012/,,,,36.0,5,222.0,موجود,,فعال
6740010,جا کاغذی دایانا,674001010,جا کاغذی دایانا الوان,12,محصول نهایی,بسته,70.0,24.0,موجود,https://ashkanplastic.com/product/6740010/,,,,24.0,2,70.0,موجود,,فعال
6740010,جا کاغذی دایانا,674001001,جا کاغذی دایانا صورتی,12,محصول نهایی,بسته,0.0,24.0,ناموجود,https://ashkanplastic.com/product/6740010/,,,,24.0,2,70.0,موجود,,فعال
4290040,جا کره ای چوبی دلسا,429004010,جا کره ای چوبی دلسا,12,محصول نهایی,کارتن,195.0,36.0,موجود,https://ashkanplastic.com/product/4290040/,,,,36.0,1,195.0,موجود,,فعال
4290010,جا کره ای هما,429001010,جا کره ای هما الوان,12,محصول نهایی,بسته,90.0,48.0,موجود,https://ashkanplastic.com/product/4290010/,,,,48.0,4,90.166667,موجود,,فعال
4290010,جا کره ای هما,429001001,جا کره ای هما صورتی,12,محصول نهایی,بسته,0.166667,48.0,موجود,https://ashkanplastic.com/product/4290010/,,,,48.0,4,90.166667,موجود,,فعال
4290010,جا کره ای هما,429001002,جا کره ای هما طوسی,12,محصول نهایی,بسته,0.0,48.0,ناموجود,https://ashkanplastic.com/product/4290010/,,,,48.0,4,90.166667,موجود,,فعال
4290010,جا کره ای هما,429001007,جا کره ای هما کرپ,12,محصول نهایی,بسته,0.0,48.0,ناموجود,https://ashkanplastic.com/product/4290010/,,,,48.0,4,90.166667,موجود,,فعال
3910010,جا لوازم التحریر سیب,391001010,جا لوازم التحریر سیب الوان,12,محصول نهایی,بسته,219.0,48.0,موجود,https://ashkanplastic.com/product/3910010/,,,,48.0,3,219.0,موجود,,فعال
3910010,جا لوازم التحریر سیب,391001001,جا لوازم التحریر سیب صورتی,12,محصول نهایی,بسته,0.0,48.0,ناموجود,https://ashkanplastic.com/product/3910010/,,,,48.0,3,219.0,موجود,,فعال
3910010,جا لوازم التحریر سیب,391001007,جا لوازم التحریر سیب کرپ,12,محصول نهایی,بسته,0.0,48.0,ناموجود,https://ashkanplastic.com/product/3910010/,,,,48.0,3,219.0,موجود,,فعال
3590010,جامایع دلسا,359001020,جا مایع دلسا,12,محصول نهایی,کارتن,193.0,24.0,موجود,https://ashkanplastic.com/product/3590010/,,,,24.0,1,193.0,موجود,,فعال
3620010,جااسکاجی دو قلوی اشکان,362001010,جااسکاجی دو قلوی اشکان الوان,12,محصول نهایی,بسته,6.0,48.0,موجود,https://ashkanplastic.com/product/3620010/,,,,48.0,4,6.208333,موجود,,فعال
3620010,جااسکاجی دو قلوی اشکان,362001001,جااسکاجی دو قلوی اشکان صورتی,12,محصول نهایی,بسته,0.083333,48.0,موجود,https://ashkanplastic.com/product/3620010/,,,,48.0,4,6.208333,موجود,,فعال
3620010,جااسکاجی دو قلوی اشکان,362001007,جااسکاجی دو قلوی اشکان کرپ,12,محصول نهایی,بسته,0.0625,48.0,موجود,https://ashkanplastic.com/product/3620010/,,,,48.0,4,6.208333,موجود,,فعال
3620010,جااسکاجی دو قلوی اشکان,362001009,جااسکاجی دو قلوی اشکان وانیلی,12,محصول نهایی,بسته,0.0625,48.0,موجود,https://ashkanplastic.com/product/3620010/,,,,48.0,4,6.208333,موجود,,فعال
3290011,جابرنجی 10 کیلوئی نیکا,329001108,جابرنجی 10 کیلوگرمی نیکا,12,محصول نهایی,کارتن,109.0,6.0,موجود,https://ashkanplastic.com/product/3290011/,,,,6.0,1,109.0,موجود,,فعال
3290010,جابرنجی 5 کیلوئی نیکا,329001008,جابرنجی 5 کیلوگرمی نیکا,12,محصول نهایی,کارتن,183.0,12.0,موجود,https://ashkanplastic.com/product/3290010/,,,,12.0,1,183.0,موجود,,فعال
3830910,جاپودری اپل تاپ (شفاف),383091010,جاپودری اپل تاپ شفاف درب الوان,12,محصول نهایی,بسته,218.0,36.0,موجود,https://ashkanplastic.com/product/3830910/,,,,36.0,1,218.0,موجود,,فعال
3820910,جاپودری اشکان (شفاف),382091010,جاپودری اشکان شفاف الوان,12,محصول نهایی,بسته,48.0,24.0,موجود,https://ashkanplastic.com/product/3820910/,,,,24.0,1,48.0,موجود,,فعال
2693011,جا حبوبات پارمیس 1,269301120,جاحبوبات پارمیس1,12,محصول نهایی,کارتن,44.0,48.0,موجود,https://ashkanplastic.com/product/2693011/,,,,48.0,1,44.0,موجود,,فعال
2694011,جا حبوبات پارمیس 2,269401120,جاحبوبات پارمیس2,12,محصول نهایی,کارتن,128.0,36.0,موجود,https://ashkanplastic.com/product/2694011/,,,,36.0,1,128.0,موجود,,فعال
2695011,جا حبوبات پارمیس 3,269501120,جاحبوبات پارمیس3,12,محصول نهایی,کارتن,8.0,24.0,موجود,https://ashkanplastic.com/product/2695011/,,,,24.0,1,8.0,موجود,,فعال
2695010,جاحبوباتی بزرگ نیکا,269501010,جاحبوباتی بزرگ نیکا درب الوان,12,محصول نهایی,کارتن,395.0,18.0,موجود,https://ashkanplastic.com/product/2695010/,,,,18.0,1,395.0,موجود,,فعال
2693010,جاحبوباتی کوچک نیکا,269301010,جاحبوباتی کوچک نیکا درب الوان,12,محصول نهایی,کارتن,167.0,36.0,موجود,https://ashkanplastic.com/product/2693010/,,,,36.0,1,167.0,موجود,,فعال
2630110,جاحبوباتی گرد اپل تاپ 2(2عددی),263011010,جاحبوباتی گرد اپل تاپ 2 دوعددی الوان,12,محصول نهایی,بسته,0.0,24.0,ناموجود,https://ashkanplastic.com/product/2630110/,,,,24.0,1,0.0,ناموجود,,فعال
2694010,جاحبوباتی متوسط نیکا,269401010,جاحبوباتی متوسط نیکا درب الوان,12,محصول نهایی,کارتن,171.0,18.0,موجود,https://ashkanplastic.com/product/2694010/,,,,18.0,1,171.0,موجود,,فعال
2695540,جاحبوباتی مربع درب چوبی دلسا بزرگ,269554008,جاحبوباتی مربع درب چوبی دلسا بزرگ,12,محصول نهایی,کارتن,1.0,,موجود,https://ashkanplastic.com/product/2695540/,,,,,1,1.0,موجود,,فعال
4998010,جارو دستی تک برس,499801010,جارو دستی تکی الوان نپتون,-,محصول نهایی,بسته,0.625,48.0,موجود,https://ashkanplastic.com/product/4998010/,,,,48.0,1,0.625,موجود,,فعال
4998019,جارو دستی تکی نپتون طوسی,499801902,جارو دستی تکی نپتون طوسی,12,محصول نهایی,بسته,0.0,,ناموجود,https://ashkanplastic.com/product/4998019/,,,,,1,0.0,ناموجود,,فعال
4997010,جارو دستی دو قلو نپتون صورتی,499701001,جارو دستی دو قلو نپتون صورتی,12,محصول نهایی,بسته,0.0,,ناموجود,https://ashkanplastic.com/product/4997010/,,,,,2,0.0,ناموجود,,فعال
4997010,جارو دستی دو قلو نپتون صورتی,499701002,جارو دستی دو قلو نپتون طوسی,12,محصول نهایی,بسته,0.0,,ناموجود,https://ashkanplastic.com/product/4997010/,,,,,2,0.0,ناموجود,,فعال
4997011,جارو دستی دو برس,499701110,جارو دستی دوقلو  الوان نپتون,12,محصول نهایی,بسته,0.0,36.0,ناموجود,https://ashkanplastic.com/product/4997011/,,,,36.0,1,0.0,ناموجود,,فعال
4030010,جاقاشقی اپل تاپ,403001010,جاقاشقی اپل تاپ الوان,12,محصول نهایی,بسته,169.0,24.0,موجود,https://ashkanplastic.com/product/4030010/,,,,24.0,1,169.0,موجود,,فعال
4090030,جاقاشقی چند منظوره نیکا,409003010,جاقاشقی چند منظوره نیکا الوان,12,محصول نهایی,کارتن,206.0,36.0,موجود,https://ashkanplastic.com/product/4090030/,,,,36.0,4,206.0,موجود,,فعال
4090030,جاقاشقی چند منظوره نیکا,409003002,جاقاشقی چند منظوره نیکا طوسی,12,محصول نهایی,کارتن,0.0,36.0,ناموجود,https://ashkanplastic.com/product/4090030/,,,,36.0,4,206.0,موجود,,فعال
4090030,جاقاشقی چند منظوره نیکا,409003007,جاقاشقی چند منظوره نیکا کرپ,12,محصول نهایی,کارتن,0.0,36.0,ناموجود,https://ashkanplastic.com/product/4090030/,,,,36.0,4,206.0,موجود,,فعال
4090030,جاقاشقی چند منظوره نیکا,409003009,جاقاشقی چند منظوره نیکا وانیلی,12,محصول نهایی,کارتن,0.0,36.0,ناموجود,https://ashkanplastic.com/product/4090030/,,,,36.0,4,206.0,موجود,,فعال
4090810,جاقاشقی دورنگ حصیرباف,409081010,جاقاشقی دو رنگ حصیر بافت الوان,12,محصول نهایی,کارتن,147.0,18.0,موجود,https://ashkanplastic.com/product/4090810/,,,,18.0,5,200.0,موجود,,فعال
4090810,جاقاشقی دورنگ حصیرباف,409081003,جاقاشقی دو رنگ حصیر بافت سفید,12,محصول نهایی,کارتن,53.0,18.0,موجود,https://ashkanplastic.com/product/4090810/,,,,18.0,5,200.0,موجود,,فعال
4090810,جاقاشقی دورنگ حصیرباف,409081002,جاقاشقی دو رنگ حصیر بافت طوسی,12,محصول نهایی,کارتن,0.0,18.0,ناموجود,https://ashkanplastic.com/product/4090810/,,,,18.0,5,200.0,موجود,,فعال
4090810,جاقاشقی دورنگ حصیرباف,409081017,جاقاشقی دو رنگ حصیر بافت موکا,12,محصول نهایی,کارتن,0.0,18.0,ناموجود,https://ashkanplastic.com/product/4090810/,,,,18.0,5,200.0,موجود,,فعال
4090810,جاقاشقی دورنگ حصیرباف,409081009,جاقاشقی دو رنگ حصیر بافت وانیلی,12,محصول نهایی,کارتن,0.0,18.0,ناموجود,https://ashkanplastic.com/product/4090810/,,,,18.0,5,200.0,موجود,,فعال
4090020,جاقاشقی کابینتی پارمیس,409002010,جاقاشقی کابینتی پارمیس الوان,12,محصول نهایی,کارتن,161.0,8.0,موجود,https://ashkanplastic.com/product/4090020/,,,,8.0,5,164.0,موجود,,فعال
4090020,جاقاشقی کابینتی پارمیس,409002002,جاقاشقی کابینتی پارمیس طوسی,12,محصول نهایی,کارتن,0.0,8.0,ناموجود,https://ashkanplastic.com/product/4090020/,,,,8.0,5,164.0,موجود,,فعال
4090020,جاقاشقی کابینتی پارمیس,409002007,جاقاشقی کابینتی پارمیس کرپ,12,محصول نهایی,کارتن,1.0,8.0,موجود,https://ashkanplastic.com/product/4090020/,,,,8.0,5,164.0,موجود,,فعال
4090020,جاقاشقی کابینتی پارمیس,409002017,جاقاشقی کابینتی پارمیس موکا,12,محصول نهایی,کارتن,0.0,8.0,ناموجود,https://ashkanplastic.com/product/4090020/,,,,8.0,5,164.0,موجود,,فعال
4090020,جاقاشقی کابینتی پارمیس,409002009,جاقاشقی کابینتی پارمیس وانیلی,12,محصول نهایی,کارتن,2.0,8.0,موجود,https://ashkanplastic.com/product/4090020/,,,,8.0,5,164.0,موجود,,فعال
4020010,جاقاشقی مدرن اشکان الوان,402001010,جاقاشقی مدرن اشکان الوان,12,محصول نهایی,بسته,0.0,,ناموجود,https://ashkanplastic.com/product/4020010/,,,,,1,0.0,ناموجود,,فعال
4398910,جانانی آس سایز 1,439891008,جانانی آس 1,12,محصول نهایی,کارتن,354.0,12.0,موجود,https://ashkanplastic.com/product/4398910/,,,,12.0,1,354.0,موجود,,فعال
4398911,جانانی آس سایز 2,439891108,جانانی آس 2,12,محصول نهایی,کارتن,256.0,12.0,موجود,https://ashkanplastic.com/product/4398911/,,,,12.0,1,256.0,موجود,,فعال
4398912,جانانی آس سایز 3,439891208,جانانی آس 3,12,محصول نهایی,کارتن,360.5,6.0,موجود,https://ashkanplastic.com/product/4398912/,,,,6.0,1,360.5,موجود,,فعال
2120010,جایخی اشکان,212001010,جایخی الوان درب شفاف اشکان,12,محصول نهایی,کارتن,168.0,48.0,موجود,https://ashkanplastic.com/product/2120010/,,,,48.0,1,168.0,موجود,,فعال
2190010,جایخی برفک دو عددی ,219001010,جایخی برفک پک 2 عددی الوان,12,محصول نهایی,کارتن,196.0,24.0,موجود,https://ashkanplastic.com/product/2190010/,,,,24.0,1,196.0,موجود,,فعال
4420010,جعبه ابزار همه کاره اشکان,442001010,جعبه ابزار همه کاره اشکان الوان,12,محصول نهایی,بسته,304.0,12.0,موجود,https://ashkanplastic.com/product/4420010/,,,,12.0,3,304.0,موجود,,فعال
4420010,جعبه ابزار همه کاره اشکان,442001008,جعبه ابزار همه کاره اشکان شفاف,12,محصول نهایی,بسته,0.0,12.0,ناموجود,https://ashkanplastic.com/product/4420010/,,,,12.0,3,304.0,موجود,,فعال
4420010,جعبه ابزار همه کاره اشکان,442001002,جعبه ابزار همه کاره اشکان طوسی,12,محصول نهایی,بسته,0.0,12.0,ناموجود,https://ashkanplastic.com/product/4420010/,,,,12.0,3,304.0,موجود,,فعال
4540030,جعبه نظم دهنده سه پارچه دایانا,454003010,جعبه نظم دهنده سه پارچه دایانا الوان,اشکان,محصول نهایی,کارتن,63.0,24.0,موجود,https://ashkanplastic.com/product/4540030/,,,,24.0,1,63.0,موجود,,فعال
4540010,جعبه همه کاره دایانا بدون درب 1,454001001,جعبه همه کاره دایانا بدون درب 1 صورتی,12,محصول نهایی,بسته,36.0,36.0,موجود,https://ashkanplastic.com/product/4540010/,,,,36.0,5,249.0,موجود,,فعال
4540010,جعبه همه کاره دایانا بدون درب 1,454001002,جعبه همه کاره دایانا بدون درب 1 طوسی,12,محصول نهایی,بسته,72.0,36.0,موجود,https://ashkanplastic.com/product/4540010/,,,,36.0,5,249.0,موجود,,فعال
4540010,جعبه همه کاره دایانا بدون درب 1,454001007,جعبه همه کاره دایانا بدون درب 1 کرپ,12,محصول نهایی,بسته,51.0,36.0,موجود,https://ashkanplastic.com/product/4540010/,,,,36.0,5,249.0,موجود,,فعال
4540010,جعبه همه کاره دایانا بدون درب 1,454001017,جعبه همه کاره دایانا بدون درب 1 موکا,12,محصول نهایی,بسته,44.0,36.0,موجود,https://ashkanplastic.com/product/4540010/,,,,36.0,5,249.0,موجود,,فعال
4540010,جعبه همه کاره دایانا بدون درب 1,454001009,جعبه همه کاره دایانا بدون درب 1 وانیلی,12,محصول نهایی,بسته,46.0,36.0,موجود,https://ashkanplastic.com/product/4540010/,,,,36.0,5,249.0,موجود,,فعال
4540012,جعبه همه کاره دایانا بدون درب 2,454001201,جعبه همه کاره دایانا بدون درب 2 صورتی,12,محصول نهایی,بسته,5.0,24.0,موجود,https://ashkanplastic.com/product/4540012/,,,,24.0,5,257.0,موجود,,فعال
4540012,جعبه همه کاره دایانا بدون درب 2,454001202,جعبه همه کاره دایانا بدون درب 2 طوسی,12,محصول نهایی,بسته,67.0,24.0,موجود,https://ashkanplastic.com/product/4540012/,,,,24.0,5,257.0,موجود,,فعال
4540012,جعبه همه کاره دایانا بدون درب 2,454001207,جعبه همه کاره دایانا بدون درب 2 کرپ,12,محصول نهایی,بسته,62.0,24.0,موجود,https://ashkanplastic.com/product/4540012/,,,,24.0,5,257.0,موجود,,فعال
4540012,جعبه همه کاره دایانا بدون درب 2,454001217,جعبه همه کاره دایانا بدون درب 2 موکا,12,محصول نهایی,بسته,78.0,24.0,موجود,https://ashkanplastic.com/product/4540012/,,,,24.0,5,257.0,موجود,,فعال
4540012,جعبه همه کاره دایانا بدون درب 2,454001209,جعبه همه کاره دایانا بدون درب 2 وانیلی,12,محصول نهایی,بسته,45.0,24.0,موجود,https://ashkanplastic.com/product/4540012/,,,,24.0,5,257.0,موجود,,فعال
4540014,جعبه همه کاره دایانا بدون درب 3,454001401,جعبه همه کاره دایانا بدون درب 3 صورتی,12,محصول نهایی,بسته,14.0,24.0,موجود,https://ashkanplastic.com/product/4540014/,,,,24.0,5,312.0,موجود,,فعال
4540014,جعبه همه کاره دایانا بدون درب 3,454001402,جعبه همه کاره دایانا بدون درب 3 طوسی,12,محصول نهایی,بسته,88.0,24.0,موجود,https://ashkanplastic.com/product/4540014/,,,,24.0,5,312.0,موجود,,فعال
4540014,جعبه همه کاره دایانا بدون درب 3,454001407,جعبه همه کاره دایانا بدون درب 3 کرپ,12,محصول نهایی,بسته,74.0,24.0,موجود,https://ashkanplastic.com/product/4540014/,,,,24.0,5,312.0,موجود,,فعال
4540014,جعبه همه کاره دایانا بدون درب 3,454001417,جعبه همه کاره دایانا بدون درب 3 موکا,12,محصول نهایی,بسته,78.0,24.0,موجود,https://ashkanplastic.com/product/4540014/,,,,24.0,5,312.0,موجود,,فعال
4540014,جعبه همه کاره دایانا بدون درب 3,454001409,جعبه همه کاره دایانا بدون درب 3 وانیلی,12,محصول نهایی,بسته,58.0,24.0,موجود,https://ashkanplastic.com/product/4540014/,,,,24.0,5,312.0,موجود,,فعال
4540016,جعبه همه کاره دایانا بدون درب 4,454001610,جعبه همه کاره دایانا بدون درب 4 الوان,12,محصول نهایی,بسته,30.0,12.0,موجود,https://ashkanplastic.com/product/4540016/,,,,12.0,6,72.0,موجود,,فعال
4540016,جعبه همه کاره دایانا بدون درب 4,454001601,جعبه همه کاره دایانا بدون درب 4 صورتی,12,محصول نهایی,بسته,14.0,12.0,موجود,https://ashkanplastic.com/product/4540016/,,,,12.0,6,72.0,موجود,,فعال
4540016,جعبه همه کاره دایانا بدون درب 4,454001602,جعبه همه کاره دایانا بدون درب 4 طوسی,12,محصول نهایی,بسته,0.0,12.0,ناموجود,https://ashkanplastic.com/product/4540016/,,,,12.0,6,72.0,موجود,,فعال
4540016,جعبه همه کاره دایانا بدون درب 4,454001607,جعبه همه کاره دایانا بدون درب 4 کرپ,12,محصول نهایی,بسته,0.0,12.0,ناموجود,https://ashkanplastic.com/product/4540016/,,,,12.0,6,72.0,موجود,,فعال
4540016,جعبه همه کاره دایانا بدون درب 4,454001617,جعبه همه کاره دایانا بدون درب 4 موکا,12,محصول نهایی,کارتن,0.0,12.0,ناموجود,https://ashkanplastic.com/product/4540016/,,,,12.0,6,72.0,موجود,,فعال
4540016,جعبه همه کاره دایانا بدون درب 4,454001609,جعبه همه کاره دایانا بدون درب 4 وانیلی,12,محصول نهایی,بسته,28.0,12.0,موجود,https://ashkanplastic.com/product/4540016/,,,,12.0,6,72.0,موجود,,فعال
4440010,جعبه همه کاره دایانا دربدار 1,444001001,جعبه همه کاره دایانا درب دار 1 صورتی,12,محصول نهایی,بسته,31.0,48.0,موجود,https://ashkanplastic.com/product/4440010/,,,,48.0,5,127.0,موجود,,فعال
4440010,جعبه همه کاره دایانا دربدار 1,444001002,جعبه همه کاره دایانا درب دار 1 طوسی,12,محصول نهایی,بسته,23.0,48.0,موجود,https://ashkanplastic.com/product/4440010/,,,,48.0,5,127.0,موجود,,فعال
4440010,جعبه همه کاره دایانا دربدار 1,444001007,جعبه همه کاره دایانا درب دار 1 کرپ,12,محصول نهایی,بسته,26.0,48.0,موجود,https://ashkanplastic.com/product/4440010/,,,,48.0,5,127.0,موجود,,فعال
4440010,جعبه همه کاره دایانا دربدار 1,444001017,جعبه همه کاره دایانا درب دار 1 موکا,12,محصول نهایی,بسته,29.0,48.0,موجود,https://ashkanplastic.com/product/4440010/,,,,48.0,5,127.0,موجود,,فعال
4440010,جعبه همه کاره دایانا دربدار 1,444001009,جعبه همه کاره دایانا درب دار 1 وانیلی,12,محصول نهایی,بسته,18.0,48.0,موجود,https://ashkanplastic.com/product/4440010/,,,,48.0,5,127.0,موجود,,فعال
4440012,جعبه همه کاره دایانا دربدار 2,444001201,جعبه همه کاره دایانا درب دار 2 صورتی,12,محصول نهایی,کارتن,9.0,18.0,موجود,https://ashkanplastic.com/product/4440012/,,,,18.0,5,166.0,موجود,,فعال
4440012,جعبه همه کاره دایانا دربدار 2,444001202,جعبه همه کاره دایانا درب دار 2 طوسی,12,محصول نهایی,کارتن,34.0,18.0,موجود,https://ashkanplastic.com/product/4440012/,,,,18.0,5,166.0,موجود,,فعال
4440012,جعبه همه کاره دایانا دربدار 2,444001207,جعبه همه کاره دایانا درب دار 2 کرپ,12,محصول نهایی,کارتن,25.0,18.0,موجود,https://ashkanplastic.com/product/4440012/,,,,18.0,5,166.0,موجود,,فعال
4440012,جعبه همه کاره دایانا دربدار 2,444001217,جعبه همه کاره دایانا درب دار 2 موکا,12,محصول نهایی,کارتن,50.0,18.0,موجود,https://ashkanplastic.com/product/4440012/,,,,18.0,5,166.0,موجود,,فعال
4440012,جعبه همه کاره دایانا دربدار 2,444001209,جعبه همه کاره دایانا درب دار 2 وانیلی,12,محصول نهایی,کارتن,48.0,18.0,موجود,https://ashkanplastic.com/product/4440012/,,,,18.0,5,166.0,موجود,,فعال
4440014,جعبه همه کاره دایانا دربدار 3,444001401,جعبه همه کاره دایانا درب دار 3 صورتی,12,محصول نهایی,کارتن,12.0,18.0,موجود,https://ashkanplastic.com/product/4440014/,,,,18.0,5,155.0,موجود,,فعال
4440014,جعبه همه کاره دایانا دربدار 3,444001402,جعبه همه کاره دایانا درب دار 3 طوسی,12,محصول نهایی,کارتن,41.0,18.0,موجود,https://ashkanplastic.com/product/4440014/,,,,18.0,5,155.0,موجود,,فعال
4440014,جعبه همه کاره دایانا دربدار 3,444001407,جعبه همه کاره دایانا درب دار 3 کرپ,12,محصول نهایی,کارتن,28.0,18.0,موجود,https://ashkanplastic.com/product/4440014/,,,,18.0,5,155.0,موجود,,فعال
4440014,جعبه همه کاره دایانا دربدار 3,444001417,جعبه همه کاره دایانا درب دار 3 موکا,12,محصول نهایی,کارتن,37.0,18.0,موجود,https://ashkanplastic.com/product/4440014/,,,,18.0,5,155.0,موجود,,فعال
4440014,جعبه همه کاره دایانا دربدار 3,444001409,جعبه همه کاره دایانا درب دار 3 وانیلی,12,محصول نهایی,کارتن,37.0,18.0,موجود,https://ashkanplastic.com/product/4440014/,,,,18.0,5,155.0,موجود,,فعال
4440018,جعبه همه کاره دایانا دربدار 4,444001802,جعبه همه کاره دایانا درب دار 4 طوسی,12,محصول نهایی,کارتن,57.0,12.0,موجود,https://ashkanplastic.com/product/4440018/,,,,12.0,4,189.0,موجود,,فعال
4440018,جعبه همه کاره دایانا دربدار 4,444001807,جعبه همه کاره دایانا درب دار 4 کرپ,12,محصول نهایی,کارتن,103.0,12.0,موجود,https://ashkanplastic.com/product/4440018/,,,,12.0,4,189.0,موجود,,فعال
4440018,جعبه همه کاره دایانا دربدار 4,444001817,جعبه همه کاره دایانا درب دار 4 موکا,12,محصول نهایی,کارتن,0.0,12.0,ناموجود,https://ashkanplastic.com/product/4440018/,,,,12.0,4,189.0,موجود,,فعال
4440018,جعبه همه کاره دایانا دربدار 4,444001809,جعبه همه کاره دایانا درب دار 4 وانیلی,12,محصول نهایی,کارتن,29.0,12.0,موجود,https://ashkanplastic.com/product/4440018/,,,,12.0,4,189.0,موجود,,فعال
4542016,جعبه همه کاره دایانا مینی بدون درب,454201610,جعبه همه کاره دایانا مینی بدون درب الوان,12,محصول نهایی,بسته,99.0,24.0,موجود,https://ashkanplastic.com/product/4542016/,,,,24.0,2,99.0,موجود,,فعال
4542016,جعبه همه کاره دایانا مینی بدون درب,454201602,جعبه همه کاره دایانا مینی بدون درب طوسی,12,محصول نهایی,بسته,0.0,24.0,ناموجود,https://ashkanplastic.com/product/4542016/,,,,24.0,2,99.0,موجود,,فعال
4442010,جعبه همه کاره دایانا مینی درب دار,444201010,جعبه همه کاره دایانا مینی درب دار الوان,12,محصول نهایی,بسته,43.0,18.0,موجود,https://ashkanplastic.com/product/4442010/,,,,18.0,1,43.0,موجود,,فعال
4541010,جعبه همه کاره دایانا نقلی بدون درب,454101010,جعبه همه کاره دایانا نقلی بدون درب الوان,12,محصول نهایی,بسته,55.0,60.0,موجود,https://ashkanplastic.com/product/4541010/,,,,60.0,3,55.0,موجود,,فعال
4541010,جعبه همه کاره دایانا نقلی بدون درب,454101001,جعبه همه کاره دایانا نقلی بدون درب صورتی,12,محصول نهایی,بسته,0.0,60.0,ناموجود,https://ashkanplastic.com/product/4541010/,,,,60.0,3,55.0,موجود,,فعال
4541010,جعبه همه کاره دایانا نقلی بدون درب,454101007,جعبه همه کاره دایانا نقلی بدون درب کرپ,12,محصول نهایی,بسته,0.0,60.0,ناموجود,https://ashkanplastic.com/product/4541010/,,,,60.0,3,55.0,موجود,,فعال
4441010,جعبه همه کاره دایانا نقلی درب دار,444101010,جعبه همه کاره دایانا نقلی درب دار الوان,12,محصول نهایی,بسته,83.0,48.0,موجود,https://ashkanplastic.com/product/4441010/,,,,48.0,1,83.0,موجود,,فعال
3910011,چند منظوره دیواری سیب,391001110,چند منظوره دیواری سیب الوان,12,محصول نهایی,بسته,158.0,72.0,موجود,https://ashkanplastic.com/product/3910011/,,,,72.0,1,158.0,موجود,,فعال
4800010,چهار پایه 25 سانتی,480001001,چهار پایه 25 سانتی صورتی,12,محصول نهایی,بسته,0.083333,12.0,موجود,https://ashkanplastic.com/product/4800010/,,,,12.0,3,0.083333,موجود,,فعال
4800010,چهار پایه 25 سانتی,480001002,چهار پایه 25 سانتی طوسی,12,محصول نهایی,بسته,0.0,12.0,ناموجود,https://ashkanplastic.com/product/4800010/,,,,12.0,3,0.083333,موجود,,فعال
4800010,چهار پایه 25 سانتی,480001009,چهار پایه 25 سانتی وانیلی,12,محصول نهایی,بسته,0.0,12.0,ناموجود,https://ashkanplastic.com/product/4800010/,,,,12.0,3,0.083333,موجود,,فعال
4800012,چهار پایه 36 سانتی,480001202,چهار پایه 36 سانتی طوسی,12,محصول نهایی,بسته,2.0,6.0,موجود,https://ashkanplastic.com/product/4800012/,,,,6.0,1,2.0,موجود,,فعال
4800014,چهار پایه 50 سانتی,480001402,چهار پایه 50 سانتی طوسی,12,محصول نهایی,بسته,0.0,6.0,ناموجود,https://ashkanplastic.com/product/4800014/,,,,6.0,4,0.0,ناموجود,,فعال
4800014,چهار پایه 50 سانتی,480001407,چهار پایه 50 سانتی کرپ,12,محصول نهایی,بسته,0.0,6.0,ناموجود,https://ashkanplastic.com/product/4800014/,,,,6.0,4,0.0,ناموجود,,فعال
4800014,چهار پایه 50 سانتی,480001417,چهار پایه 50 سانتی موکا,12,محصول نهایی,بسته,0.0,6.0,ناموجود,https://ashkanplastic.com/product/4800014/,,,,6.0,4,0.0,ناموجود,,فعال
4800014,چهار پایه 50 سانتی,480001409,چهار پایه 50 سانتی وانیلی,12,محصول نهایی,بسته,0.0,6.0,ناموجود,https://ashkanplastic.com/product/4800014/,,,,6.0,4,0.0,ناموجود,,فعال
4800016,چهار پایه 70 سانتی,480001601,چهار پایه 70 سانتی صورتی,12,محصول نهایی,بسته,21.0,6.0,موجود,https://ashkanplastic.com/product/4800016/,,,,6.0,5,37.0,موجود,,فعال
4800016,چهار پایه 70 سانتی,480001602,چهار پایه 70 سانتی طوسی,12,محصول نهایی,بسته,0.0,6.0,ناموجود,https://ashkanplastic.com/product/4800016/,,,,6.0,5,37.0,موجود,,فعال
4800016,چهار پایه 70 سانتی,480001607,چهار پایه 70 سانتی کرپ,12,محصول نهایی,بسته,16.0,6.0,موجود,https://ashkanplastic.com/product/4800016/,,,,6.0,5,37.0,موجود,,فعال
4800016,چهار پایه 70 سانتی,480001617,چهار پایه 70 سانتی موکا,12,محصول نهایی,بسته,0.0,6.0,ناموجود,https://ashkanplastic.com/product/4800016/,,,,6.0,5,37.0,موجود,,فعال
4800016,چهار پایه 70 سانتی,480001609,چهار پایه 70 سانتی وانیلی,12,محصول نهایی,بسته,0.0,6.0,ناموجود,https://ashkanplastic.com/product/4800016/,,,,6.0,5,37.0,موجود,,فعال
5025010,خاک انداز بزرگ اشکان,502501001,خاک انداز بزرگ اشکان صورتی,12,محصول نهایی,بسته,0.0,48.0,ناموجود,https://ashkanplastic.com/product/5025010/,,,,48.0,6,222.0,موجود,,فعال
5025010,خاک انداز بزرگ اشکان,502501002,خاک انداز بزرگ اشکان طوسی,12,محصول نهایی,بسته,57.0,48.0,موجود,https://ashkanplastic.com/product/5025010/,,,,48.0,6,222.0,موجود,,فعال
5025010,خاک انداز بزرگ اشکان,502501007,خاک انداز بزرگ اشکان کرپ,12,محصول نهایی,بسته,38.0,48.0,موجود,https://ashkanplastic.com/product/5025010/,,,,48.0,6,222.0,موجود,,فعال
5025010,خاک انداز بزرگ اشکان,502501011,خاک انداز بزرگ اشکان کرم,12,محصول نهایی,بسته,6.0,48.0,موجود,https://ashkanplastic.com/product/5025010/,,,,48.0,6,222.0,موجود,,فعال
5025010,خاک انداز بزرگ اشکان,502501017,خاک انداز بزرگ اشکان موکا,12,محصول نهایی,بسته,61.0,48.0,موجود,https://ashkanplastic.com/product/5025010/,,,,48.0,6,222.0,موجود,,فعال
5025010,خاک انداز بزرگ اشکان,502501009,خاک انداز بزرگ اشکان وانیلی,12,محصول نهایی,بسته,60.0,48.0,موجود,https://ashkanplastic.com/product/5025010/,,,,48.0,6,222.0,موجود,,فعال
5095010,خاک انداز بزرگ راگا,509501000,خاک انداز بزرگ راگا,12,محصول نهایی,بسته,107.0,48.0,موجود,https://ashkanplastic.com/product/5095010/,,,,48.0,1,107.0,موجود,,فعال
5026010,خاک انداز سوپر اشکان,502601002,خاک انداز سوپر اشکان طوسی,12,محصول نهایی,بسته,0.0,24.0,ناموجود,https://ashkanplastic.com/product/5026010/,,,,24.0,4,114.0,موجود,,فعال
5026010,خاک انداز سوپر اشکان,502601007,خاک انداز سوپر اشکان کرپ,12,محصول نهایی,بسته,85.0,24.0,موجود,https://ashkanplastic.com/product/5026010/,,,,24.0,4,114.0,موجود,,فعال
5026010,خاک انداز سوپر اشکان,502601017,خاک انداز سوپر اشکان موکا,12,محصول نهایی,بسته,29.0,24.0,موجود,https://ashkanplastic.com/product/5026010/,,,,24.0,4,114.0,موجود,,فعال
5026010,خاک انداز سوپر اشکان,502601009,خاک انداز سوپر اشکان وانیلی,12,محصول نهایی,بسته,0.0,24.0,ناموجود,https://ashkanplastic.com/product/5026010/,,,,24.0,4,114.0,موجود,,فعال
5010011,خاک انداز سیب,501001101,خاک انداز سیب صورتی,12,محصول نهایی,بسته,39.0,48.0,موجود,https://ashkanplastic.com/product/5010011/,,,,48.0,5,237.0,موجود,,فعال
5010011,خاک انداز سیب,501001102,خاک انداز سیب طوسی,12,محصول نهایی,بسته,51.0,48.0,موجود,https://ashkanplastic.com/product/5010011/,,,,48.0,5,237.0,موجود,,فعال
5010011,خاک انداز سیب,501001107,خاک انداز سیب کرپ,12,محصول نهایی,بسته,42.0,48.0,موجود,https://ashkanplastic.com/product/5010011/,,,,48.0,5,237.0,موجود,,فعال
5010011,خاک انداز سیب,501001117,خاک انداز سیب موکا,12,محصول نهایی,بسته,58.0,48.0,موجود,https://ashkanplastic.com/product/5010011/,,,,48.0,5,237.0,موجود,,فعال
5010011,خاک انداز سیب,501001109,خاک انداز سیب وانیلی,12,محصول نهایی,بسته,47.0,48.0,موجود,https://ashkanplastic.com/product/5010011/,,,,48.0,5,237.0,موجود,,فعال
5023010,خاک انداز کوچک اشکان,502301001,خاک انداز کوچک اشکان صورتی,12,محصول نهایی,بسته,1.0,60.0,موجود,https://ashkanplastic.com/product/5023010/,,,,60.0,6,247.0,موجود,,فعال
5023010,خاک انداز کوچک اشکان,502301002,خاک انداز کوچک اشکان طوسی,12,محصول نهایی,بسته,55.0,60.0,موجود,https://ashkanplastic.com/product/5023010/,,,,60.0,6,247.0,موجود,,فعال
5023010,خاک انداز کوچک اشکان,502301007,خاک انداز کوچک اشکان کرپ,12,محصول نهایی,بسته,52.0,60.0,موجود,https://ashkanplastic.com/product/5023010/,,,,60.0,6,247.0,موجود,,فعال
5023010,خاک انداز کوچک اشکان,502301011,خاک انداز کوچک اشکان کرم,12,محصول نهایی,بسته,32.0,60.0,موجود,https://ashkanplastic.com/product/5023010/,,,,60.0,6,247.0,موجود,,فعال
5023010,خاک انداز کوچک اشکان,502301017,خاک انداز کوچک اشکان موکا,12,محصول نهایی,بسته,51.0,60.0,موجود,https://ashkanplastic.com/product/5023010/,,,,60.0,6,247.0,موجود,,فعال
5023010,خاک انداز کوچک اشکان,502301009,خاک انداز کوچک اشکان وانیلی,12,محصول نهایی,بسته,56.0,60.0,موجود,https://ashkanplastic.com/product/5023010/,,,,60.0,6,247.0,موجود,,فعال
7430011,درب سطل زباله 25 لیتری صورتی,743001101,درب سطل زباله 25 لیتری صورتی,12,محصول نهایی,بسته,1.0,,موجود,https://ashkanplastic.com/product/7430011/,,,,,1,1.0,موجود,,فعال
7430013,درب سطل زباله 45 لیتری صورتی,743001301,درب سطل زباله 45 لیتری صورتی,12,محصول نهایی,بسته,4.0,,موجود,https://ashkanplastic.com/product/7430013/,,,,,2,7.0,موجود,,فعال
7430013,درب سطل زباله 45 لیتری صورتی,743001307,درب سطل زباله 45 لیتری کرپ,12,محصول نهایی,بسته,3.0,,موجود,https://ashkanplastic.com/product/7430013/,,,,,2,7.0,موجود,,فعال
7025011,درب سطل نخل,702501103,درب سطل نخل سفید,12,محصول نهایی,بسته,126.0,12.0,موجود,https://ashkanplastic.com/product/7025011/,,,,12.0,5,663.0,موجود,,فعال
7095011,درب سطل نخل شفاف,709501108,درب سطل نخل شفاف شفاف,12,محصول نهایی,بسته,22.0,12.0,موجود,https://ashkanplastic.com/product/7095011/,,,,12.0,1,22.0,موجود,,فعال
7025011,درب سطل نخل,702501101,درب سطل نخل صورتی,12,محصول نهایی,بسته,242.0,12.0,موجود,https://ashkanplastic.com/product/7025011/,,,,12.0,5,663.0,موجود,,فعال
7025011,درب سطل نخل,702501102,درب سطل نخل طوسی,12,محصول نهایی,بسته,10.0,12.0,موجود,https://ashkanplastic.com/product/7025011/,,,,12.0,5,663.0,موجود,,فعال
7025011,درب سطل نخل,702501106,درب سطل نخل قرمز,12,محصول نهایی,بسته,160.0,12.0,موجود,https://ashkanplastic.com/product/7025011/,,,,12.0,5,663.0,موجود,,فعال
7025011,درب سطل نخل,702501111,درب سطل نخل کرم,12,محصول نهایی,بسته,125.0,12.0,موجود,https://ashkanplastic.com/product/7025011/,,,,12.0,5,663.0,موجود,,فعال
5194010,زنبیل G63,519401002,زنبیل بزرگ G63 طوسی,12,محصول نهایی,بسته,122.0,6.0,موجود,https://ashkanplastic.com/product/5194010/,,,,6.0,4,267.0,موجود,,فعال
5194010,زنبیل G63,519401007,زنبیل بزرگ G63 کرپ,12,محصول نهایی,بسته,56.0,6.0,موجود,https://ashkanplastic.com/product/5194010/,,,,6.0,4,267.0,موجود,,فعال
5194010,زنبیل G63,519401017,زنبیل بزرگ G63 موکا,12,محصول نهایی,بسته,22.0,6.0,موجود,https://ashkanplastic.com/product/5194010/,,,,6.0,4,267.0,موجود,,فعال
5194010,زنبیل G63,519401009,زنبیل بزرگ G63 وانیلی,12,محصول نهایی,بسته,67.0,6.0,موجود,https://ashkanplastic.com/product/5194010/,,,,6.0,4,267.0,موجود,,فعال
5210010,زنبیل سیب S300,521001001,زنبیل سیب S300 صورتی,12,محصول نهایی,بسته,31.0,12.0,موجود,https://ashkanplastic.com/product/5210010/,,,,12.0,5,249.0,موجود,,فعال
5210010,زنبیل سیب S300,521001002,زنبیل سیب S300 طوسی,12,محصول نهایی,بسته,47.0,12.0,موجود,https://ashkanplastic.com/product/5210010/,,,,12.0,5,249.0,موجود,,فعال
5210010,زنبیل سیب S300,521001007,زنبیل سیب S300 کرپ,12,محصول نهایی,بسته,49.0,12.0,موجود,https://ashkanplastic.com/product/5210010/,,,,12.0,5,249.0,موجود,,فعال
5210010,زنبیل سیب S300,521001017,زنبیل سیب S300 موکا,12,محصول نهایی,بسته,46.0,12.0,موجود,https://ashkanplastic.com/product/5210010/,,,,12.0,5,249.0,موجود,,فعال
5210010,زنبیل سیب S300,521001009,زنبیل سیب S300 وانیلی,12,محصول نهایی,بسته,76.0,12.0,موجود,https://ashkanplastic.com/product/5210010/,,,,12.0,5,249.0,موجود,,فعال
5210012,زنبیل سیب S400,521001201,زنبیل سیب S400 صورتی,12,محصول نهایی,بسته,16.0,12.0,موجود,https://ashkanplastic.com/product/5210012/,,,,12.0,5,232.0,موجود,,فعال
5210012,زنبیل سیب S400,521001202,زنبیل سیب S400 طوسی,12,محصول نهایی,بسته,61.0,12.0,موجود,https://ashkanplastic.com/product/5210012/,,,,12.0,5,232.0,موجود,,فعال
5210012,زنبیل سیب S400,521001207,زنبیل سیب S400 کرپ,12,محصول نهایی,بسته,46.0,12.0,موجود,https://ashkanplastic.com/product/5210012/,,,,12.0,5,232.0,موجود,,فعال
5210012,زنبیل سیب S400,521001217,زنبیل سیب S400 موکا,12,محصول نهایی,بسته,65.0,12.0,موجود,https://ashkanplastic.com/product/5210012/,,,,12.0,5,232.0,موجود,,فعال
5210012,زنبیل سیب S400,521001209,زنبیل سیب S400 وانیلی,12,محصول نهایی,بسته,44.0,12.0,موجود,https://ashkanplastic.com/product/5210012/,,,,12.0,5,232.0,موجود,,فعال
5210014,زنبیل سیب S500,521001401,زنبیل سیب S500 صورتی,12,محصول نهایی,بسته,0.0,12.0,ناموجود,https://ashkanplastic.com/product/5210014/,,,,12.0,5,404.333333,موجود,,فعال
5210014,زنبیل سیب S500,521001402,زنبیل سیب S500 طوسی,12,محصول نهایی,بسته,105.333333,12.0,موجود,https://ashkanplastic.com/product/5210014/,,,,12.0,5,404.333333,موجود,,فعال
5210014,زنبیل سیب S500,521001407,زنبیل سیب S500 کرپ,12,محصول نهایی,بسته,93.0,12.0,موجود,https://ashkanplastic.com/product/5210014/,,,,12.0,5,404.333333,موجود,,فعال
5210014,زنبیل سیب S500,521001417,زنبیل سیب S500 موکا,12,محصول نهایی,بسته,110.0,12.0,موجود,https://ashkanplastic.com/product/5210014/,,,,12.0,5,404.333333,موجود,,فعال
5210014,زنبیل سیب S500,521001409,زنبیل سیب S500 وانیلی,12,محصول نهایی,بسته,96.0,12.0,موجود,https://ashkanplastic.com/product/5210014/,,,,12.0,5,404.333333,موجود,,فعال
5210016,زنبیل سیب S600,521001601,زنبیل سیب S600 صورتی,12,محصول نهایی,بسته,35.0,12.0,موجود,https://ashkanplastic.com/product/5210016/,,,,12.0,5,255.083333,موجود,,فعال
5210016,زنبیل سیب S600,521001602,زنبیل سیب S600 طوسی,12,محصول نهایی,بسته,56.083333,12.0,موجود,https://ashkanplastic.com/product/5210016/,,,,12.0,5,255.083333,موجود,,فعال
5210016,زنبیل سیب S600,521001607,زنبیل سیب S600 کرپ,12,محصول نهایی,بسته,67.0,12.0,موجود,https://ashkanplastic.com/product/5210016/,,,,12.0,5,255.083333,موجود,,فعال
5210016,زنبیل سیب S600,521001617,زنبیل سیب S600 موکا,12,محصول نهایی,بسته,45.0,12.0,موجود,https://ashkanplastic.com/product/5210016/,,,,12.0,5,255.083333,موجود,,فعال
5210016,زنبیل سیب S600,521001609,زنبیل سیب S600 وانیلی,12,محصول نهایی,بسته,52.0,12.0,موجود,https://ashkanplastic.com/product/5210016/,,,,12.0,5,255.083333,موجود,,فعال
5210018,زنبیل سیب S700,521001801,زنبیل سیب S700 صورتی,12,محصول نهایی,بسته,0.0,6.0,ناموجود,https://ashkanplastic.com/product/5210018/,,,,6.0,5,216.0,موجود,,فعال
5210018,زنبیل سیب S700,521001802,زنبیل سیب S700 طوسی,12,محصول نهایی,بسته,53.0,6.0,موجود,https://ashkanplastic.com/product/5210018/,,,,6.0,5,216.0,موجود,,فعال
5210018,زنبیل سیب S700,521001807,زنبیل سیب S700 کرپ,12,محصول نهایی,بسته,63.0,6.0,موجود,https://ashkanplastic.com/product/5210018/,,,,6.0,5,216.0,موجود,,فعال
5210018,زنبیل سیب S700,521001817,زنبیل سیب S700 موکا,12,محصول نهایی,بسته,55.0,6.0,موجود,https://ashkanplastic.com/product/5210018/,,,,6.0,5,216.0,موجود,,فعال
5210018,زنبیل سیب S700,521001809,زنبیل سیب S700 وانیلی,12,محصول نهایی,بسته,45.0,6.0,موجود,https://ashkanplastic.com/product/5210018/,,,,6.0,5,216.0,موجود,,فعال
5210020,زنبیل سیب و ستاره,521002001,زنبیل سیب و ستاره صورتی,12,محصول نهایی,بسته,60.0,12.0,موجود,https://ashkanplastic.com/product/5210020/,,,,12.0,5,261.08333300000004,موجود,,فعال
5210020,زنبیل سیب و ستاره,521002002,زنبیل سیب و ستاره طوسی,12,محصول نهایی,بسته,45.083333,12.0,موجود,https://ashkanplastic.com/product/5210020/,,,,12.0,5,261.08333300000004,موجود,,فعال
5210020,زنبیل سیب و ستاره,521002007,زنبیل سیب و ستاره کرپ,12,محصول نهایی,بسته,82.0,12.0,موجود,https://ashkanplastic.com/product/5210020/,,,,12.0,5,261.08333300000004,موجود,,فعال
5210022,زنبیل سیب و ستاره کودک,521002201,زنبیل سیب و ستاره کودک صورتی,12,محصول نهایی,بسته,12.0,24.0,موجود,https://ashkanplastic.com/product/5210022/,,,,24.0,5,221.0,موجود,,فعال
5210022,زنبیل سیب و ستاره کودک,521002202,زنبیل سیب و ستاره کودک طوسی,12,محصول نهایی,بسته,72.0,24.0,موجود,https://ashkanplastic.com/product/5210022/,,,,24.0,5,221.0,موجود,,فعال
5210022,زنبیل سیب و ستاره کودک,521002207,زنبیل سیب و ستاره کودک کرپ,12,محصول نهایی,بسته,26.0,24.0,موجود,https://ashkanplastic.com/product/5210022/,,,,24.0,5,221.0,موجود,,فعال
5210022,زنبیل سیب و ستاره کودک,521002217,زنبیل سیب و ستاره کودک موکا,12,محصول نهایی,بسته,71.0,24.0,موجود,https://ashkanplastic.com/product/5210022/,,,,24.0,5,221.0,موجود,,فعال
5210022,زنبیل سیب و ستاره کودک,521002209,زنبیل سیب و ستاره کودک وانیلی,12,محصول نهایی,بسته,40.0,24.0,موجود,https://ashkanplastic.com/product/5210022/,,,,24.0,5,221.0,موجود,,فعال
5210020,زنبیل سیب و ستاره,521002017,زنبیل سیب و ستاره موکا,12,محصول نهایی,بسته,45.0,12.0,موجود,https://ashkanplastic.com/product/5210020/,,,,12.0,5,261.08333300000004,موجود,,فعال
5210020,زنبیل سیب و ستاره,521002009,زنبیل سیب و ستاره وانیلی,12,محصول نهایی,بسته,29.0,12.0,موجود,https://ashkanplastic.com/product/5210020/,,,,12.0,5,261.08333300000004,موجود,,فعال
5193010,زنبیل G62,519301002,زنبیل کوچک G62 طوسی,12,محصول نهایی,بسته,96.0,12.0,موجود,https://ashkanplastic.com/product/5193010/,,,,12.0,5,342.0,موجود,,فعال
5193010,زنبیل G62,519301007,زنبیل کوچک G62 کرپ,12,محصول نهایی,بسته,80.0,12.0,موجود,https://ashkanplastic.com/product/5193010/,,,,12.0,5,342.0,موجود,,فعال
5193010,زنبیل G62,519301012,زنبیل کوچک G62 مشکی,12,محصول نهایی,بسته,0.0,12.0,ناموجود,https://ashkanplastic.com/product/5193010/,,,,12.0,5,342.0,موجود,,فعال
5193010,زنبیل G62,519301017,زنبیل کوچک G62 موکا,12,محصول نهایی,بسته,81.0,12.0,موجود,https://ashkanplastic.com/product/5193010/,,,,12.0,5,342.0,موجود,,فعال
5193010,زنبیل G62,519301009,زنبیل کوچک G62 وانیلی,12,محصول نهایی,بسته,85.0,12.0,موجود,https://ashkanplastic.com/product/5193010/,,,,12.0,5,342.0,موجود,,فعال
5310110,زنبیل گرد سیب E 200,531011001,زنبیل گرد سیب E 200 صورتی,12,محصول نهایی,بسته,53.0,24.0,موجود,https://ashkanplastic.com/product/5310110/,,,,24.0,5,228.041667,موجود,,فعال
5310110,زنبیل گرد سیب E 200,531011002,زنبیل گرد سیب E 200 طوسی,12,محصول نهایی,بسته,44.041667,24.0,موجود,https://ashkanplastic.com/product/5310110/,,,,24.0,5,228.041667,موجود,,فعال
5310110,زنبیل گرد سیب E 200,531011007,زنبیل گرد سیب E 200 کرپ,12,محصول نهایی,بسته,24.0,24.0,موجود,https://ashkanplastic.com/product/5310110/,,,,24.0,5,228.041667,موجود,,فعال
5310110,زنبیل گرد سیب E 200,531011017,زنبیل گرد سیب E 200 موکا,12,محصول نهایی,بسته,37.0,24.0,موجود,https://ashkanplastic.com/product/5310110/,,,,24.0,5,228.041667,موجود,,فعال
5310110,زنبیل گرد سیب E 200,531011009,زنبیل گرد سیب E 200 وانیلی,12,محصول نهایی,بسته,70.0,24.0,موجود,https://ashkanplastic.com/product/5310110/,,,,24.0,5,228.041667,موجود,,فعال
5310112,زنبیل گرد سیب E 250,531011201,زنبیل گرد سیب E 250 صورتی,12,محصول نهایی,بسته,0.0,12.0,ناموجود,https://ashkanplastic.com/product/5310112/,,,,12.0,5,266.083333,موجود,,فعال
5310112,زنبیل گرد سیب E 250,531011202,زنبیل گرد سیب E 250 طوسی,12,محصول نهایی,بسته,74.0,12.0,موجود,https://ashkanplastic.com/product/5310112/,,,,12.0,5,266.083333,موجود,,فعال
5310112,زنبیل گرد سیب E 250,531011207,زنبیل گرد سیب E 250 کرپ,12,محصول نهایی,بسته,73.083333,12.0,موجود,https://ashkanplastic.com/product/5310112/,,,,12.0,5,266.083333,موجود,,فعال
5310112,زنبیل گرد سیب E 250,531011217,زنبیل گرد سیب E 250 موکا,12,محصول نهایی,بسته,74.0,12.0,موجود,https://ashkanplastic.com/product/5310112/,,,,12.0,5,266.083333,موجود,,فعال
5310112,زنبیل گرد سیب E 250,531011209,زنبیل گرد سیب E 250 وانیلی,12,محصول نهایی,بسته,45.0,12.0,موجود,https://ashkanplastic.com/product/5310112/,,,,12.0,5,266.083333,موجود,,فعال
5310114,زنبیل گرد سیب E 300,531011401,زنبیل گرد سیب E 300 صورتی,12,محصول نهایی,بسته,0.0,12.0,ناموجود,https://ashkanplastic.com/product/5310114/,,,,12.0,5,233.0,موجود,,فعال
5310114,زنبیل گرد سیب E 300,531011402,زنبیل گرد سیب E 300 طوسی,12,محصول نهایی,بسته,80.0,12.0,موجود,https://ashkanplastic.com/product/5310114/,,,,12.0,5,233.0,موجود,,فعال
5310114,زنبیل گرد سیب E 300,531011407,زنبیل گرد سیب E 300 کرپ,12,محصول نهایی,بسته,40.0,12.0,موجود,https://ashkanplastic.com/product/5310114/,,,,12.0,5,233.0,موجود,,فعال
5310114,زنبیل گرد سیب E 300,531011417,زنبیل گرد سیب E 300 موکا,12,محصول نهایی,بسته,75.0,12.0,موجود,https://ashkanplastic.com/product/5310114/,,,,12.0,5,233.0,موجود,,فعال
5310114,زنبیل گرد سیب E 300,531011409,زنبیل گرد سیب E 300 وانیلی,12,محصول نهایی,بسته,38.0,12.0,موجود,https://ashkanplastic.com/product/5310114/,,,,12.0,5,233.0,موجود,,فعال
5310116,زنبیل گرد سیب E 350,531011601,زنبیل گرد سیب E 350 صورتی,12,محصول نهایی,بسته,0.0,6.0,ناموجود,https://ashkanplastic.com/product/5310116/,,,,6.0,5,203.0,موجود,,فعال
5310116,زنبیل گرد سیب E 350,531011602,زنبیل گرد سیب E 350 طوسی,12,محصول نهایی,بسته,48.0,6.0,موجود,https://ashkanplastic.com/product/5310116/,,,,6.0,5,203.0,موجود,,فعال
5310116,زنبیل گرد سیب E 350,531011607,زنبیل گرد سیب E 350 کرپ,12,محصول نهایی,بسته,68.0,6.0,موجود,https://ashkanplastic.com/product/5310116/,,,,6.0,5,203.0,موجود,,فعال
5310116,زنبیل گرد سیب E 350,531011617,زنبیل گرد سیب E 350 موکا,12,محصول نهایی,بسته,35.0,6.0,موجود,https://ashkanplastic.com/product/5310116/,,,,6.0,5,203.0,موجود,,فعال
5310116,زنبیل گرد سیب E 350,531011609,زنبیل گرد سیب E 350 وانیلی,12,محصول نهایی,بسته,52.0,6.0,موجود,https://ashkanplastic.com/product/5310116/,,,,6.0,5,203.0,موجود,,فعال
5490010,زیر گلدان 1,549001003,زیر گلدان 1 سفید,12,محصول نهایی,بسته,128.0,120.0,موجود,https://ashkanplastic.com/product/5490010/,,,,120.0,1,128.0,موجود,,فعال
5490014,زیر گلدان 2,549001403,زیر گلدان 2 سفید,12,محصول نهایی,بسته,140.0,120.0,موجود,https://ashkanplastic.com/product/5490014/,,,,120.0,1,140.0,موجود,,فعال
5490018,زیر گلدان 3,549001803,زیر گلدان 3 سفید,12,محصول نهایی,بسته,53.0,96.0,موجود,https://ashkanplastic.com/product/5490018/,,,,96.0,1,53.0,موجود,,فعال
5490020,زیر گلدان 4,549002003,زیر گلدان 4 سفید,12,محصول نهایی,بسته,122.0,72.0,موجود,https://ashkanplastic.com/product/5490020/,,,,72.0,1,122.0,موجود,,فعال
5490022,زیر گلدان 5,549002203,زیر گلدان 5 سفید,12,محصول نهایی,بسته,94.0,48.0,موجود,https://ashkanplastic.com/product/5490022/,,,,48.0,1,94.0,موجود,,فعال
5470028,زیر گلدان 10 گلرو,547002803,زیر گلدان گلرو 10 سفید,12,محصول نهایی,بسته,123.0,6.0,موجود,https://ashkanplastic.com/product/5470028/,,,,6.0,1,123.0,موجود,,فعال
5470022,زیر گلدان 7 گلرو,547002203,زیر گلدان گلرو 7 سفید,12,محصول نهایی,بسته,191.0,6.0,موجود,https://ashkanplastic.com/product/5470022/,,,,6.0,1,191.0,موجود,,فعال
5470024,زیر گلدان 8 گلرو,547002403,زیر گلدان گلرو 8 سفید,12,محصول نهایی,بسته,90.0,6.0,موجود,https://ashkanplastic.com/product/5470024/,,,,6.0,1,90.0,موجود,,فعال
5470026,زیر گلدان 9 گلرو,547002603,زیر گلدان گلرو 9 سفید,12,محصول نهایی,بسته,102.0,6.0,موجود,https://ashkanplastic.com/product/5470026/,,,,6.0,1,102.0,موجود,,فعال
5470020,زیر گلدان 6 گلرو,547002003,زیرگلدان گلرو 6 سفید,12,محصول نهایی,بسته,113.0,12.0,موجود,https://ashkanplastic.com/product/5470020/,,,,12.0,1,113.0,موجود,,فعال
6740020,سبد استوانه ای همه کاره دایانا سایز 1,674002010,سبد استوانه همه کاره دایانا 1- الوان,12,محصول نهایی,بسته,131.0,72.0,موجود,https://ashkanplastic.com/product/6740020/,,,,72.0,1,131.0,موجود,,فعال
6740021,سبد استوانه ای همه کاره دایانا شماره 2,674002110,سبد استوانه همه کاره دایانا 2- الوان,12,محصول نهایی,کارتن,151.0,72.0,موجود,https://ashkanplastic.com/product/6740021/,,,,72.0,1,151.0,موجود,,فعال
6740022,سبد استوانه ای همه کاره دایانا شماره 3,674002210,سبد استوانه همه کاره دایانا 3- الوان,12,محصول نهایی,کارتن,109.0,36.0,موجود,https://ashkanplastic.com/product/6740022/,,,,36.0,1,109.0,موجود,,فعال
6405210,سبد بیضی 2رنگ بزرگ,640521010,سبد بیضی 2رنگ بزرگ الوان,12,محصول نهایی,بسته,50.0,30.0,موجود,https://ashkanplastic.com/product/6405210/,,,,30.0,2,50.0,موجود,,فعال
6405210,سبد بیضی 2رنگ بزرگ,640521001,سبد بیضی 2رنگ بزرگ صورتی,12,محصول نهایی,بسته,0.0,30.0,ناموجود,https://ashkanplastic.com/product/6405210/,,,,30.0,2,50.0,موجود,,فعال
6403210,سبد بیضی 2رنگ کوچک,640321010,سبد بیضی 2رنگ کوچک الوان,12,محصول نهایی,بسته,134.0,36.0,موجود,https://ashkanplastic.com/product/6403210/,,,,36.0,1,134.0,موجود,,فعال
6405212,سبد بیضی تک رنگ بزرگ,640521210,سبد بیضی تک رنگ بزرگ الوان,12,محصول نهایی,بسته,0.0,36.0,ناموجود,https://ashkanplastic.com/product/6405212/,,,,36.0,2,0.0,ناموجود,,فعال
6405212,سبد بیضی تک رنگ بزرگ,640521202,سبد بیضی تک رنگ بزرگ طوسی,12,محصول نهایی,بسته,0.0,36.0,ناموجود,https://ashkanplastic.com/product/6405212/,,,,36.0,2,0.0,ناموجود,,فعال
6615010,سبد پیک نیک بزرگ سیب,661501005,سبد پیک نیک بزرگ سیب سبز,12,محصول نهایی,بسته,0.0,6.0,ناموجود,https://ashkanplastic.com/product/6615010/,,,,6.0,6,156.0,موجود,,فعال
6615010,سبد پیک نیک بزرگ سیب,661501001,سبد پیک نیک بزرگ سیب صورتی,12,محصول نهایی,بسته,30.0,6.0,موجود,https://ashkanplastic.com/product/6615010/,,,,6.0,6,156.0,موجود,,فعال
6615010,سبد پیک نیک بزرگ سیب,661501002,سبد پیک نیک بزرگ سیب طوسی,12,محصول نهایی,بسته,32.0,6.0,موجود,https://ashkanplastic.com/product/6615010/,,,,6.0,6,156.0,موجود,,فعال
6615010,سبد پیک نیک بزرگ سیب,661501007,سبد پیک نیک بزرگ سیب کرپ,12,محصول نهایی,بسته,20.0,6.0,موجود,https://ashkanplastic.com/product/6615010/,,,,6.0,6,156.0,موجود,,فعال
6615010,سبد پیک نیک بزرگ سیب,661501017,سبد پیک نیک بزرگ سیب موکا,12,محصول نهایی,بسته,8.0,6.0,موجود,https://ashkanplastic.com/product/6615010/,,,,6.0,6,156.0,موجود,,فعال
6615010,سبد پیک نیک بزرگ سیب,661501009,سبد پیک نیک بزرگ سیب وانیلی,12,محصول نهایی,بسته,66.0,6.0,موجود,https://ashkanplastic.com/product/6615010/,,,,6.0,6,156.0,موجود,,فعال
6616010,سبد پیک نیک سوپر سیب,661601001,سبد پیک نیک سوپر سیب صورتی,12,محصول نهایی,بسته,47.0,6.0,موجود,https://ashkanplastic.com/product/6616010/,,,,6.0,5,234.33333299999998,موجود,,فعال
6616010,سبد پیک نیک سوپر سیب,661601002,سبد پیک نیک سوپر سیب طوسی,12,محصول نهایی,بسته,30.333333,6.0,موجود,https://ashkanplastic.com/product/6616010/,,,,6.0,5,234.33333299999998,موجود,,فعال
6616010,سبد پیک نیک سوپر سیب,661601007,سبد پیک نیک سوپر سیب کرپ,12,محصول نهایی,بسته,88.0,6.0,موجود,https://ashkanplastic.com/product/6616010/,,,,6.0,5,234.33333299999998,موجود,,فعال
6616010,سبد پیک نیک سوپر سیب,661601017,سبد پیک نیک سوپر سیب موکا,12,محصول نهایی,بسته,29.0,6.0,موجود,https://ashkanplastic.com/product/6616010/,,,,6.0,5,234.33333299999998,موجود,,فعال
6616010,سبد پیک نیک سوپر سیب,661601009,سبد پیک نیک سوپر سیب وانیلی,12,محصول نهایی,بسته,40.0,6.0,موجود,https://ashkanplastic.com/product/6616010/,,,,6.0,5,234.33333299999998,موجود,,فعال
6613010,سبد پیک نیک کوچک سیب,661301001,سبد پیک نیک کوچک سیب صورتی,12,محصول نهایی,بسته,48.083333,12.0,موجود,https://ashkanplastic.com/product/6613010/,,,,12.0,5,292.249999,موجود,,فعال
6613010,سبد پیک نیک کوچک سیب,661301002,سبد پیک نیک کوچک سیب طوسی,12,محصول نهایی,بسته,61.0,12.0,موجود,https://ashkanplastic.com/product/6613010/,,,,12.0,5,292.249999,موجود,,فعال
6613010,سبد پیک نیک کوچک سیب,661301007,سبد پیک نیک کوچک سیب کرپ,12,محصول نهایی,بسته,60.083333,12.0,موجود,https://ashkanplastic.com/product/6613010/,,,,12.0,5,292.249999,موجود,,فعال
6613010,سبد پیک نیک کوچک سیب,661301017,سبد پیک نیک کوچک سیب موکا,12,محصول نهایی,بسته,61.0,12.0,موجود,https://ashkanplastic.com/product/6613010/,,,,12.0,5,292.249999,موجود,,فعال
6613010,سبد پیک نیک کوچک سیب,661301009,سبد پیک نیک کوچک سیب وانیلی,12,محصول نهایی,بسته,62.083333,12.0,موجود,https://ashkanplastic.com/product/6613010/,,,,12.0,5,292.249999,موجود,,فعال
6015010,سبد خرید بزرگ سیب,601501001,سبد خرید بزرگ سیب صورتی,12,محصول نهایی,بسته,0.0,12.0,ناموجود,https://ashkanplastic.com/product/6015010/,,,,12.0,5,381.16666599999996,موجود,,فعال
6015010,سبد خرید بزرگ سیب,601501002,سبد خرید بزرگ سیب طوسی,12,محصول نهایی,بسته,125.083333,12.0,موجود,https://ashkanplastic.com/product/6015010/,,,,12.0,5,381.16666599999996,موجود,,فعال
6015010,سبد خرید بزرگ سیب,601501007,سبد خرید بزرگ سیب کرپ,12,محصول نهایی,بسته,75.0,12.0,موجود,https://ashkanplastic.com/product/6015010/,,,,12.0,5,381.16666599999996,موجود,,فعال
6015010,سبد خرید بزرگ سیب,601501017,سبد خرید بزرگ سیب موکا,12,محصول نهایی,بسته,111.0,12.0,موجود,https://ashkanplastic.com/product/6015010/,,,,12.0,5,381.16666599999996,موجود,,فعال
6015010,سبد خرید بزرگ سیب,601501009,سبد خرید بزرگ سیب وانیلی,12,محصول نهایی,بسته,70.083333,12.0,موجود,https://ashkanplastic.com/product/6015010/,,,,12.0,5,381.16666599999996,موجود,,فعال
6091010,سبد خرید زیبا نقلی,609101001,سبد خرید زیبا نقلی صورتی,12,محصول نهایی,بسته,73.0,36.0,موجود,https://ashkanplastic.com/product/6091010/,,,,36.0,5,370.0,موجود,,فعال
6091010,سبد خرید زیبا نقلی,609101002,سبد خرید زیبا نقلی طوسی,12,محصول نهایی,بسته,76.0,36.0,موجود,https://ashkanplastic.com/product/6091010/,,,,36.0,5,370.0,موجود,,فعال
6091010,سبد خرید زیبا نقلی,609101007,سبد خرید زیبا نقلی کرپ,12,محصول نهایی,بسته,62.0,36.0,موجود,https://ashkanplastic.com/product/6091010/,,,,36.0,5,370.0,موجود,,فعال
6091010,سبد خرید زیبا نقلی,609101017,سبد خرید زیبا نقلی موکا,12,محصول نهایی,بسته,89.0,36.0,موجود,https://ashkanplastic.com/product/6091010/,,,,36.0,5,370.0,موجود,,فعال
6091010,سبد خرید زیبا نقلی,609101009,سبد خرید زیبا نقلی وانیلی,12,محصول نهایی,بسته,70.0,36.0,موجود,https://ashkanplastic.com/product/6091010/,,,,36.0,5,370.0,موجود,,فعال
6016010,سبد خرید سوپر سیب,601601001,سبد خرید سوپر سیب صورتی,12,محصول نهایی,بسته,51.0,12.0,موجود,https://ashkanplastic.com/product/6016010/,,,,12.0,5,376.25,موجود,,فعال
6016010,سبد خرید سوپر سیب,601601002,سبد خرید سوپر سیب طوسی,12,محصول نهایی,بسته,112.083333,12.0,موجود,https://ashkanplastic.com/product/6016010/,,,,12.0,5,376.25,موجود,,فعال
6016010,سبد خرید سوپر سیب,601601007,سبد خرید سوپر سیب کرپ,12,محصول نهایی,بسته,46.166667,12.0,موجود,https://ashkanplastic.com/product/6016010/,,,,12.0,5,376.25,موجود,,فعال
6016010,سبد خرید سوپر سیب,601601017,سبد خرید سوپر سیب موکا,12,محصول نهایی,بسته,113.0,12.0,موجود,https://ashkanplastic.com/product/6016010/,,,,12.0,5,376.25,موجود,,فعال
6016010,سبد خرید سوپر سیب,601601009,سبد خرید سوپر سیب وانیلی,12,محصول نهایی,بسته,54.0,12.0,موجود,https://ashkanplastic.com/product/6016010/,,,,12.0,5,376.25,موجود,,فعال
6013010,سبد خرید کوچک سیب,601301001,سبد خرید کوچک سیب صورتی,12,محصول نهایی,بسته,10.0,24.0,موجود,https://ashkanplastic.com/product/6013010/,,,,24.0,5,337.0,موجود,,فعال
6013010,سبد خرید کوچک سیب,601301002,سبد خرید کوچک سیب طوسی,12,محصول نهایی,بسته,106.0,24.0,موجود,https://ashkanplastic.com/product/6013010/,,,,24.0,5,337.0,موجود,,فعال
6013010,سبد خرید کوچک سیب,601301007,سبد خرید کوچک سیب کرپ,12,محصول نهایی,بسته,78.0,24.0,موجود,https://ashkanplastic.com/product/6013010/,,,,24.0,5,337.0,موجود,,فعال
6013010,سبد خرید کوچک سیب,601301017,سبد خرید کوچک سیب موکا,12,محصول نهایی,بسته,69.0,24.0,موجود,https://ashkanplastic.com/product/6013010/,,,,24.0,5,337.0,موجود,,فعال
6013010,سبد خرید کوچک سیب,601301009,سبد خرید کوچک سیب وانیلی,12,محصول نهایی,بسته,74.0,24.0,موجود,https://ashkanplastic.com/product/6013010/,,,,24.0,5,337.0,موجود,,فعال
6000010,سبد خرید لوکس 2000,600001001,سبد خرید لوکس 2000 صورتی,12,محصول نهایی,بسته,44.0,24.0,موجود,https://ashkanplastic.com/product/6000010/,,,,24.0,3,52.0,موجود,,فعال
6000010,سبد خرید لوکس 2000,600001002,سبد خرید لوکس 2000 طوسی,12,محصول نهایی,بسته,2.0,24.0,موجود,https://ashkanplastic.com/product/6000010/,,,,24.0,3,52.0,موجود,,فعال
6000010,سبد خرید لوکس 2000,600001007,سبد خرید لوکس 2000 کرپ,12,محصول نهایی,بسته,6.0,24.0,موجود,https://ashkanplastic.com/product/6000010/,,,,24.0,3,52.0,موجود,,فعال
6000012,سبد خرید لوکس 6000,600001201,سبد خرید لوکس 6000 صورتی,12,محصول نهایی,بسته,47.0,12.0,موجود,https://ashkanplastic.com/product/6000012/,,,,12.0,3,80.0,موجود,,فعال
6000012,سبد خرید لوکس 6000,600001207,سبد خرید لوکس 6000 کرپ,12,محصول نهایی,بسته,13.0,12.0,موجود,https://ashkanplastic.com/product/6000012/,,,,12.0,3,80.0,موجود,,فعال
6000012,سبد خرید لوکس 6000,600001209,سبد خرید لوکس 6000 وانیلی,12,محصول نهایی,بسته,20.0,12.0,موجود,https://ashkanplastic.com/product/6000012/,,,,12.0,3,80.0,موجود,,فعال
6014010,سبد خرید متوسط سیب,601401001,سبد خرید متوسط سیب صورتی,12,محصول نهایی,بسته,11.0,24.0,موجود,https://ashkanplastic.com/product/6014010/,,,,24.0,5,310.041667,موجود,,فعال
6014010,سبد خرید متوسط سیب,601401002,سبد خرید متوسط سیب طوسی,12,محصول نهایی,بسته,79.0,24.0,موجود,https://ashkanplastic.com/product/6014010/,,,,24.0,5,310.041667,موجود,,فعال
6014010,سبد خرید متوسط سیب,601401007,سبد خرید متوسط سیب کرپ,12,محصول نهایی,بسته,89.041667,24.0,موجود,https://ashkanplastic.com/product/6014010/,,,,24.0,5,310.041667,موجود,,فعال
6014010,سبد خرید متوسط سیب,601401017,سبد خرید متوسط سیب موکا,12,محصول نهایی,بسته,70.0,24.0,موجود,https://ashkanplastic.com/product/6014010/,,,,24.0,5,310.041667,موجود,,فعال
6014010,سبد خرید متوسط سیب,601401009,سبد خرید متوسط سیب وانیلی,12,محصول نهایی,بسته,61.0,24.0,موجود,https://ashkanplastic.com/product/6014010/,,,,24.0,5,310.041667,موجود,,فعال
6012010,سبد خرید مینی سیب,601201001,سبد خرید مینی سیب صورتی,12,محصول نهایی,بسته,15.0,24.0,موجود,https://ashkanplastic.com/product/6012010/,,,,24.0,5,270.083333,موجود,,فعال
6012010,سبد خرید مینی سیب,601201002,سبد خرید مینی سیب طوسی,12,محصول نهایی,بسته,73.0,24.0,موجود,https://ashkanplastic.com/product/6012010/,,,,24.0,5,270.083333,موجود,,فعال
6012010,سبد خرید مینی سیب,601201007,سبد خرید مینی سیب کرپ,12,محصول نهایی,بسته,64.083333,24.0,موجود,https://ashkanplastic.com/product/6012010/,,,,24.0,5,270.083333,موجود,,فعال
6012010,سبد خرید مینی سیب,601201017,سبد خرید مینی سیب موکا,12,محصول نهایی,بسته,59.0,24.0,موجود,https://ashkanplastic.com/product/6012010/,,,,24.0,5,270.083333,موجود,,فعال
6012010,سبد خرید مینی سیب,601201009,سبد خرید مینی سیب وانیلی,12,محصول نهایی,بسته,59.0,24.0,موجود,https://ashkanplastic.com/product/6012010/,,,,24.0,5,270.083333,موجود,,فعال
6010030,سبد خرید نی نی سیب,601003001,سبد خرید نی نی سیب صورتی,12,محصول نهایی,بسته,23.0,36.0,موجود,https://ashkanplastic.com/product/6010030/,,,,36.0,5,374.0,موجود,,فعال
6010030,سبد خرید نی نی سیب,601003002,سبد خرید نی نی سیب طوسی,12,محصول نهایی,بسته,99.0,36.0,موجود,https://ashkanplastic.com/product/6010030/,,,,36.0,5,374.0,موجود,,فعال
6010030,سبد خرید نی نی سیب,601003007,سبد خرید نی نی سیب کرپ,12,محصول نهایی,بسته,59.0,36.0,موجود,https://ashkanplastic.com/product/6010030/,,,,36.0,5,374.0,موجود,,فعال
6010030,سبد خرید نی نی سیب,601003017,سبد خرید نی نی سیب موکا,12,محصول نهایی,بسته,104.0,36.0,موجود,https://ashkanplastic.com/product/6010030/,,,,36.0,5,374.0,موجود,,فعال
6010030,سبد خرید نی نی سیب,601003009,سبد خرید نی نی سیب وانیلی,12,محصول نهایی,بسته,89.0,36.0,موجود,https://ashkanplastic.com/product/6010030/,,,,36.0,5,374.0,موجود,,فعال
6190016,سبدرخت 10000 بامبو,619001601,سبد رخت 10000 بامبو-صورتی,12,محصول نهایی,بسته,58.0,6.0,موجود,https://ashkanplastic.com/product/6190016/,,,,6.0,5,413.0,موجود,,فعال
6190016,سبدرخت 10000 بامبو,619001602,سبد رخت 10000 بامبو-طوسی,12,محصول نهایی,بسته,114.0,6.0,موجود,https://ashkanplastic.com/product/6190016/,,,,6.0,5,413.0,موجود,,فعال
6190016,سبدرخت 10000 بامبو,619001607,سبد رخت 10000 بامبو-کرپ,12,محصول نهایی,بسته,68.0,6.0,موجود,https://ashkanplastic.com/product/6190016/,,,,6.0,5,413.0,موجود,,فعال
6190016,سبدرخت 10000 بامبو,619001617,سبد رخت 10000 بامبو-موکا,12,محصول نهایی,بسته,87.0,6.0,موجود,https://ashkanplastic.com/product/6190016/,,,,6.0,5,413.0,موجود,,فعال
6190016,سبدرخت 10000 بامبو,619001609,سبد رخت 10000 بامبو-وانیلی,12,محصول نهایی,بسته,86.0,6.0,موجود,https://ashkanplastic.com/product/6190016/,,,,6.0,5,413.0,موجود,,فعال
6115010,سبد رخت 4گوش سیب,611501002,سبد رخت 4گوش سیب طوسی,12,محصول نهایی,بسته,64.0,12.0,موجود,https://ashkanplastic.com/product/6115010/,,,,12.0,4,225.0,موجود,,فعال
6115010,سبد رخت 4گوش سیب,611501007,سبد رخت 4گوش سیب کرپ,12,محصول نهایی,بسته,48.0,12.0,موجود,https://ashkanplastic.com/product/6115010/,,,,12.0,4,225.0,موجود,,فعال
6115010,سبد رخت 4گوش سیب,611501017,سبد رخت 4گوش سیب موکا,12,محصول نهایی,بسته,58.0,12.0,موجود,https://ashkanplastic.com/product/6115010/,,,,12.0,4,225.0,موجود,,فعال
6115010,سبد رخت 4گوش سیب,611501009,سبد رخت 4گوش سیب وانیلی,12,محصول نهایی,بسته,55.0,12.0,موجود,https://ashkanplastic.com/product/6115010/,,,,12.0,4,225.0,موجود,,فعال
6190010,سبد رخت اوکیا,619001001,سبد رخت اوکیا صورتی,12,محصول نهایی,بسته,19.0,12.0,موجود,https://ashkanplastic.com/product/6190010/,,,,12.0,5,168.0,موجود,,فعال
6190010,سبد رخت اوکیا,619001002,سبد رخت اوکیا طوسی,12,محصول نهایی,بسته,40.0,12.0,موجود,https://ashkanplastic.com/product/6190010/,,,,12.0,5,168.0,موجود,,فعال
6190010,سبد رخت اوکیا,619001007,سبد رخت اوکیا کرپ,12,محصول نهایی,بسته,54.0,12.0,موجود,https://ashkanplastic.com/product/6190010/,,,,12.0,5,168.0,موجود,,فعال
6190010,سبد رخت اوکیا,619001017,سبد رخت اوکیا موکا,12,محصول نهایی,بسته,29.0,12.0,موجود,https://ashkanplastic.com/product/6190010/,,,,12.0,5,168.0,موجود,,فعال
6190010,سبد رخت اوکیا,619001009,سبد رخت اوکیا وانیلی,12,محصول نهایی,بسته,26.0,12.0,موجود,https://ashkanplastic.com/product/6190010/,,,,12.0,5,168.0,موجود,,فعال
6195010,سبد رخت آنالیا بزرگ,619501001,سبد رخت آنالیا بزرگ صورتی,12,محصول نهایی,بسته,36.0,6.0,موجود,https://ashkanplastic.com/product/6195010/,,,,6.0,5,220.0,موجود,,فعال
6195010,سبد رخت آنالیا بزرگ,619501002,سبد رخت آنالیا بزرگ طوسی,12,محصول نهایی,بسته,59.0,6.0,موجود,https://ashkanplastic.com/product/6195010/,,,,6.0,5,220.0,موجود,,فعال
6195010,سبد رخت آنالیا بزرگ,619501007,سبد رخت آنالیا بزرگ کرپ,12,محصول نهایی,بسته,41.0,6.0,موجود,https://ashkanplastic.com/product/6195010/,,,,6.0,5,220.0,موجود,,فعال
6195010,سبد رخت آنالیا بزرگ,619501017,سبد رخت آنالیا بزرگ موکا,12,محصول نهایی,بسته,54.0,6.0,موجود,https://ashkanplastic.com/product/6195010/,,,,6.0,5,220.0,موجود,,فعال
6195010,سبد رخت آنالیا بزرگ,619501009,سبد رخت آنالیا بزرگ وانیلی,12,محصول نهایی,بسته,30.0,6.0,موجود,https://ashkanplastic.com/product/6195010/,,,,6.0,5,220.0,موجود,,فعال
6196010,سبد رخت آنالیا سوپر,619601001,سبد رخت آنالیا سوپر صورتی,12,محصول نهایی,بسته,27.0,6.0,موجود,https://ashkanplastic.com/product/6196010/,,,,6.0,5,197.0,موجود,,فعال
6196010,سبد رخت آنالیا سوپر,619601002,سبد رخت آنالیا سوپر طوسی,12,محصول نهایی,بسته,39.0,6.0,موجود,https://ashkanplastic.com/product/6196010/,,,,6.0,5,197.0,موجود,,فعال
6196010,سبد رخت آنالیا سوپر,619601007,سبد رخت آنالیا سوپر کرپ,12,محصول نهایی,بسته,61.0,6.0,موجود,https://ashkanplastic.com/product/6196010/,,,,6.0,5,197.0,موجود,,فعال
6196010,سبد رخت آنالیا سوپر,619601017,سبد رخت آنالیا سوپر موکا,12,محصول نهایی,بسته,37.0,6.0,موجود,https://ashkanplastic.com/product/6196010/,,,,6.0,5,197.0,موجود,,فعال
6196010,سبد رخت آنالیا سوپر,619601009,سبد رخت آنالیا سوپر وانیلی,12,محصول نهایی,بسته,33.0,6.0,موجود,https://ashkanplastic.com/product/6196010/,,,,6.0,5,197.0,موجود,,فعال
6193010,سبد رخت آنالیا کوچک,619301001,سبد رخت آنالیا کوچک صورتی,12,محصول نهایی,بسته,36.083333,12.0,موجود,https://ashkanplastic.com/product/6193010/,,,,12.0,5,287.08333300000004,موجود,,فعال
6193010,سبد رخت آنالیا کوچک,619301002,سبد رخت آنالیا کوچک طوسی,12,محصول نهایی,بسته,63.0,12.0,موجود,https://ashkanplastic.com/product/6193010/,,,,12.0,5,287.08333300000004,موجود,,فعال
6193010,سبد رخت آنالیا کوچک,619301007,سبد رخت آنالیا کوچک کرپ,12,محصول نهایی,بسته,82.0,12.0,موجود,https://ashkanplastic.com/product/6193010/,,,,12.0,5,287.08333300000004,موجود,,فعال
6193010,سبد رخت آنالیا کوچک,619301017,سبد رخت آنالیا کوچک موکا,12,محصول نهایی,بسته,57.0,12.0,موجود,https://ashkanplastic.com/product/6193010/,,,,12.0,5,287.08333300000004,موجود,,فعال
6193010,سبد رخت آنالیا کوچک,619301009,سبد رخت آنالیا کوچک وانیلی,12,محصول نهایی,بسته,49.0,12.0,موجود,https://ashkanplastic.com/product/6193010/,,,,12.0,5,287.08333300000004,موجود,,فعال
6194010,سبد رخت آنالیا متوسط,619401001,سبد رخت آنالیا متوسط صورتی,12,محصول نهایی,بسته,34.0,12.0,موجود,https://ashkanplastic.com/product/6194010/,,,,12.0,5,236.0,موجود,,فعال
6194010,سبد رخت آنالیا متوسط,619401002,سبد رخت آنالیا متوسط طوسی,12,محصول نهایی,بسته,56.0,12.0,موجود,https://ashkanplastic.com/product/6194010/,,,,12.0,5,236.0,موجود,,فعال
6194010,سبد رخت آنالیا متوسط,619401007,سبد رخت آنالیا متوسط کرپ,12,محصول نهایی,بسته,47.0,12.0,موجود,https://ashkanplastic.com/product/6194010/,,,,12.0,5,236.0,موجود,,فعال
6194010,سبد رخت آنالیا متوسط,619401017,سبد رخت آنالیا متوسط موکا,12,محصول نهایی,بسته,59.0,12.0,موجود,https://ashkanplastic.com/product/6194010/,,,,12.0,5,236.0,موجود,,فعال
6194010,سبد رخت آنالیا متوسط,619401009,سبد رخت آنالیا متوسط وانیلی,12,محصول نهایی,بسته,40.0,12.0,موجود,https://ashkanplastic.com/product/6194010/,,,,12.0,5,236.0,موجود,,فعال
6110010,سبد رخت سیب 2000,611001001,سبد رخت سیب 2000 صورتی,12,محصول نهایی,بسته,0.0,12.0,ناموجود,https://ashkanplastic.com/product/6110010/,,,,12.0,5,310.083333,موجود,,فعال
6110010,سبد رخت سیب 2000,611001002,سبد رخت سیب 2000 طوسی,12,محصول نهایی,بسته,90.083333,12.0,موجود,https://ashkanplastic.com/product/6110010/,,,,12.0,5,310.083333,موجود,,فعال
6110010,سبد رخت سیب 2000,611001007,سبد رخت سیب 2000 کرپ,12,محصول نهایی,بسته,73.0,12.0,موجود,https://ashkanplastic.com/product/6110010/,,,,12.0,5,310.083333,موجود,,فعال
6110010,سبد رخت سیب 2000,611001017,سبد رخت سیب 2000 موکا,12,محصول نهایی,بسته,67.0,12.0,موجود,https://ashkanplastic.com/product/6110010/,,,,12.0,5,310.083333,موجود,,فعال
6110010,سبد رخت سیب 2000,611001009,سبد رخت سیب 2000 وانیلی,12,محصول نهایی,بسته,80.0,12.0,موجود,https://ashkanplastic.com/product/6110010/,,,,12.0,5,310.083333,موجود,,فعال
6110012,سبد رخت سیب 4000,611001201,سبد رخت سیب 4000 صورتی,12,محصول نهایی,بسته,0.0,12.0,ناموجود,https://ashkanplastic.com/product/6110012/,,,,12.0,5,453.166667,موجود,,فعال
6110012,سبد رخت سیب 4000,611001202,سبد رخت سیب 4000 طوسی,12,محصول نهایی,بسته,138.0,12.0,موجود,https://ashkanplastic.com/product/6110012/,,,,12.0,5,453.166667,موجود,,فعال
6110012,سبد رخت سیب 4000,611001207,سبد رخت سیب 4000 کرپ,12,محصول نهایی,بسته,87.166667,12.0,موجود,https://ashkanplastic.com/product/6110012/,,,,12.0,5,453.166667,موجود,,فعال
6110012,سبد رخت سیب 4000,611001217,سبد رخت سیب 4000 موکا,12,محصول نهایی,بسته,121.0,12.0,موجود,https://ashkanplastic.com/product/6110012/,,,,12.0,5,453.166667,موجود,,فعال
6110012,سبد رخت سیب 4000,611001209,سبد رخت سیب 4000 وانیلی,12,محصول نهایی,بسته,107.0,12.0,موجود,https://ashkanplastic.com/product/6110012/,,,,12.0,5,453.166667,موجود,,فعال
6110014,سبد رخت سیب 6000,611001401,سبد رخت سیب 6000 صورتی,12,محصول نهایی,بسته,25.0,12.0,موجود,https://ashkanplastic.com/product/6110014/,,,,12.0,5,258.166667,موجود,,فعال
6110014,سبد رخت سیب 6000,611001402,سبد رخت سیب 6000 طوسی,12,محصول نهایی,بسته,57.0,12.0,موجود,https://ashkanplastic.com/product/6110014/,,,,12.0,5,258.166667,موجود,,فعال
6110014,سبد رخت سیب 6000,611001407,سبد رخت سیب 6000 کرپ,12,محصول نهایی,بسته,89.166667,12.0,موجود,https://ashkanplastic.com/product/6110014/,,,,12.0,5,258.166667,موجود,,فعال
6110014,سبد رخت سیب 6000,611001417,سبد رخت سیب 6000 موکا,12,محصول نهایی,بسته,33.0,12.0,موجود,https://ashkanplastic.com/product/6110014/,,,,12.0,5,258.166667,موجود,,فعال
6110014,سبد رخت سیب 6000,611001409,سبد رخت سیب 6000 وانیلی,12,محصول نهایی,بسته,54.0,12.0,موجود,https://ashkanplastic.com/product/6110014/,,,,12.0,5,258.166667,موجود,,فعال
6110016,سبد رخت سیب 8000,611001601,سبد رخت سیب 8000 صورتی,12,محصول نهایی,بسته,0.0,6.0,ناموجود,https://ashkanplastic.com/product/6110016/,,,,6.0,5,178.0,موجود,,فعال
6110016,سبد رخت سیب 8000,611001602,سبد رخت سیب 8000 طوسی,12,محصول نهایی,بسته,45.0,6.0,موجود,https://ashkanplastic.com/product/6110016/,,,,6.0,5,178.0,موجود,,فعال
6110016,سبد رخت سیب 8000,611001607,سبد رخت سیب 8000 کرپ,12,محصول نهایی,بسته,50.0,6.0,موجود,https://ashkanplastic.com/product/6110016/,,,,6.0,5,178.0,موجود,,فعال
6110016,سبد رخت سیب 8000,611001617,سبد رخت سیب 8000 موکا,12,محصول نهایی,بسته,34.0,6.0,موجود,https://ashkanplastic.com/product/6110016/,,,,6.0,5,178.0,موجود,,فعال
6110016,سبد رخت سیب 8000,611001609,سبد رخت سیب 8000 وانیلی,12,محصول نهایی,بسته,49.0,6.0,موجود,https://ashkanplastic.com/product/6110016/,,,,6.0,5,178.0,موجود,,فعال
6310810,سبد سبزی 2رنگ سیب,631081002,سبد سبزی 2رنگ سیب طوسی,12,محصول نهایی,بسته,52.0,96.0,موجود,https://ashkanplastic.com/product/6310810/,,,,96.0,4,174.0,موجود,,فعال
6310810,سبد سبزی 2رنگ سیب,631081007,سبد سبزی 2رنگ سیب کرپ,12,محصول نهایی,بسته,38.0,96.0,موجود,https://ashkanplastic.com/product/6310810/,,,,96.0,4,174.0,موجود,,فعال
6310810,سبد سبزی 2رنگ سیب,631081017,سبد سبزی 2رنگ سیب موکا,12,محصول نهایی,بسته,33.0,96.0,موجود,https://ashkanplastic.com/product/6310810/,,,,96.0,4,174.0,موجود,,فعال
6310810,سبد سبزی 2رنگ سیب,631081009,سبد سبزی 2رنگ سیب وانیلی,12,محصول نهایی,بسته,51.0,96.0,موجود,https://ashkanplastic.com/product/6310810/,,,,96.0,4,174.0,موجود,,فعال
6310510,سبد سبزی 4گوش سیب,631051001,سبد سبزی 4گوش سیب صورتی,12,محصول نهایی,بسته,6.0,120.0,موجود,https://ashkanplastic.com/product/6310510/,,,,120.0,5,169.0,موجود,,فعال
6310510,سبد سبزی 4گوش سیب,631051002,سبد سبزی 4گوش سیب طوسی,12,محصول نهایی,بسته,45.0,120.0,موجود,https://ashkanplastic.com/product/6310510/,,,,120.0,5,169.0,موجود,,فعال
6310510,سبد سبزی 4گوش سیب,631051007,سبد سبزی 4گوش سیب کرپ,12,محصول نهایی,بسته,40.0,120.0,موجود,https://ashkanplastic.com/product/6310510/,,,,120.0,5,169.0,موجود,,فعال
6310510,سبد سبزی 4گوش سیب,631051017,سبد سبزی 4گوش سیب موکا,12,محصول نهایی,بسته,39.0,120.0,موجود,https://ashkanplastic.com/product/6310510/,,,,120.0,5,169.0,موجود,,فعال
6310510,سبد سبزی 4گوش سیب,631051009,سبد سبزی 4گوش سیب وانیلی,12,محصول نهایی,بسته,39.0,120.0,موجود,https://ashkanplastic.com/product/6310510/,,,,120.0,5,169.0,موجود,,فعال
6390011,سبد سبزی آوا,639001110,سبد سبزی آوا الوان,12,محصول نهایی,کارتن,116.0,72.0,موجود,https://ashkanplastic.com/product/6390011/,,,,72.0,1,116.0,موجود,,فعال
6330510,سبد سبزی چهارگوش اپل تاپ,633051010,سبد سبزی چهارگوش اپل تاپ الوان,12,محصول نهایی,بسته,0.0,120.0,ناموجود,https://ashkanplastic.com/product/6330510/,,,,120.0,1,0.0,ناموجود,,فعال
6310010,سبد سبزی سیب,631001001,سبد سبزی سیب صورتی,12,محصول نهایی,بسته,1.0,120.0,موجود,https://ashkanplastic.com/product/6310010/,,,,120.0,5,251.0,موجود,,فعال
6310010,سبد سبزی سیب,631001002,سبد سبزی سیب طوسی,12,محصول نهایی,بسته,67.0,120.0,موجود,https://ashkanplastic.com/product/6310010/,,,,120.0,5,251.0,موجود,,فعال
6310010,سبد سبزی سیب,631001007,سبد سبزی سیب کرپ,12,محصول نهایی,بسته,66.0,120.0,موجود,https://ashkanplastic.com/product/6310010/,,,,120.0,5,251.0,موجود,,فعال
6310010,سبد سبزی سیب,631001017,سبد سبزی سیب موکا,12,محصول نهایی,بسته,71.0,120.0,موجود,https://ashkanplastic.com/product/6310010/,,,,120.0,5,251.0,موجود,,فعال
6310010,سبد سبزی سیب,631001009,سبد سبزی سیب وانیلی,12,محصول نهایی,بسته,46.0,120.0,موجود,https://ashkanplastic.com/product/6310010/,,,,120.0,5,251.0,موجود,,فعال
6800610,سبد سینک دو دسته,680061001,سبد سینک دو دسته صورتی,12,محصول نهایی,بسته,0.0,24.0,ناموجود,https://ashkanplastic.com/product/6800610/,,,,24.0,6,385.041667,موجود,,فعال
6800610,سبد سینک دو دسته,680061002,سبد سینک دو دسته طوسی,12,محصول نهایی,بسته,108.041667,24.0,موجود,https://ashkanplastic.com/product/6800610/,,,,24.0,6,385.041667,موجود,,فعال
6800610,سبد سینک دو دسته,680061007,سبد سینک دو دسته کرپ,12,محصول نهایی,بسته,74.0,24.0,موجود,https://ashkanplastic.com/product/6800610/,,,,24.0,6,385.041667,موجود,,فعال
6800610,سبد سینک دو دسته,680061011,سبد سینک دو دسته کرم,12,محصول نهایی,بسته,4.0,24.0,موجود,https://ashkanplastic.com/product/6800610/,,,,24.0,6,385.041667,موجود,,فعال
6800610,سبد سینک دو دسته,680061017,سبد سینک دو دسته موکا,12,محصول نهایی,بسته,110.0,24.0,موجود,https://ashkanplastic.com/product/6800610/,,,,24.0,6,385.041667,موجود,,فعال
6800610,سبد سینک دو دسته,680061009,سبد سینک دو دسته وانیلی,12,محصول نهایی,بسته,89.0,24.0,موجود,https://ashkanplastic.com/product/6800610/,,,,24.0,6,385.041667,موجود,,فعال
6800110,سبد سینک گرد,680011001,سبد سینک گرد صورتی,12,محصول نهایی,بسته,0.0,24.0,ناموجود,https://ashkanplastic.com/product/6800110/,,,,24.0,5,253.0,موجود,,فعال
6800110,سبد سینک گرد,680011002,سبد سینک گرد طوسی,12,محصول نهایی,بسته,53.0,24.0,موجود,https://ashkanplastic.com/product/6800110/,,,,24.0,5,253.0,موجود,,فعال
6800110,سبد سینک گرد,680011007,سبد سینک گرد کرپ,12,محصول نهایی,بسته,63.0,24.0,موجود,https://ashkanplastic.com/product/6800110/,,,,24.0,5,253.0,موجود,,فعال
6800110,سبد سینک گرد,680011017,سبد سینک گرد موکا,12,محصول نهایی,بسته,63.0,24.0,موجود,https://ashkanplastic.com/product/6800110/,,,,24.0,5,253.0,موجود,,فعال
6800110,سبد سینک گرد,680011009,سبد سینک گرد وانیلی,12,محصول نهایی,بسته,74.0,24.0,موجود,https://ashkanplastic.com/product/6800110/,,,,24.0,5,253.0,موجود,,فعال
6235510,سبد میوه چهارگوش اپل تاپ بزرگ,623551001,سبد میوه چهارگوش اپل تاپ بزرگ صورتی,12,محصول نهایی,بسته,0.0,60.0,ناموجود,https://ashkanplastic.com/product/6235510/,,,,60.0,1,0.0,ناموجود,,فعال
6233510,سبد میوه چهارگوش اپل تاپ کوچک,623351010,سبد میوه چهارگوش اپل تاپ کوچک الوان,12,محصول نهایی,بسته,48.0,72.0,موجود,https://ashkanplastic.com/product/6233510/,,,,72.0,1,48.0,موجود,,فعال
6200610,سبد میوه دو دسته 1,620061001,سبد میوه دو دسته 1 صورتی,12,محصول نهایی,بسته,3.0,48.0,موجود,https://ashkanplastic.com/product/6200610/,,,,48.0,3,16.0,موجود,,فعال
6200610,سبد میوه دو دسته 1,620061002,سبد میوه دو دسته 1 طوسی,12,محصول نهایی,بسته,1.0,48.0,موجود,https://ashkanplastic.com/product/6200610/,,,,48.0,3,16.0,موجود,,فعال
6200610,سبد میوه دو دسته 1,620061009,سبد میوه دو دسته 1 وانیلی,12,محصول نهایی,بسته,12.0,48.0,موجود,https://ashkanplastic.com/product/6200610/,,,,48.0,3,16.0,موجود,,فعال
6200612,سبد میوه دو دسته 2,620061201,سبد میوه دو دسته 2 صورتی,12,محصول نهایی,بسته,16.0,36.0,موجود,https://ashkanplastic.com/product/6200612/,,,,36.0,3,40.027778,موجود,,فعال
6200612,سبد میوه دو دسته 2,620061207,سبد میوه دو دسته 2 کرپ,12,محصول نهایی,بسته,7.027778,36.0,موجود,https://ashkanplastic.com/product/6200612/,,,,36.0,3,40.027778,موجود,,فعال
6200612,سبد میوه دو دسته 2,620061209,سبد میوه دو دسته 2 وانیلی,12,محصول نهایی,بسته,17.0,36.0,موجود,https://ashkanplastic.com/product/6200612/,,,,36.0,3,40.027778,موجود,,فعال
6200614,سبد میوه دو دسته 3,620061401,سبد میوه دو دسته 3 صورتی,12,محصول نهایی,بسته,9.0,30.0,موجود,https://ashkanplastic.com/product/6200614/,,,,30.0,3,19.0,موجود,,فعال
6200614,سبد میوه دو دسته 3,620061407,سبد میوه دو دسته 3 کرپ,12,محصول نهایی,بسته,4.0,30.0,موجود,https://ashkanplastic.com/product/6200614/,,,,30.0,3,19.0,موجود,,فعال
6200614,سبد میوه دو دسته 3,620061409,سبد میوه دو دسته 3 وانیلی,12,محصول نهایی,بسته,6.0,30.0,موجود,https://ashkanplastic.com/product/6200614/,,,,30.0,3,19.0,موجود,,فعال
6210112,سبد میوه گرد 2رنگ سیب 2 الوان,621011210,سبد میوه گرد 2رنگ سیب 2 الوان,12,محصول نهایی,بسته,1.0,,موجود,https://ashkanplastic.com/product/6210112/,,,,,1,1.0,موجود,,فعال
6214110,سبد میوه گرد متوسط سیب صورتی,621411001,سبد میوه گرد متوسط سیب صورتی,12,محصول نهایی,بسته,0.0,,ناموجود,https://ashkanplastic.com/product/6214110/,,,,,1,0.0,ناموجود,,فعال
6290020,سبد میوه یخچالی,629002001,سبد میوه یخچالی صورتی,12,محصول نهایی,بسته,5.0,24.0,موجود,https://ashkanplastic.com/product/6290020/,,,,24.0,4,11.0,موجود,,فعال
6290020,سبد میوه یخچالی,629002002,سبد میوه یخچالی طوسی,12,محصول نهایی,بسته,0.0,24.0,ناموجود,https://ashkanplastic.com/product/6290020/,,,,24.0,4,11.0,موجود,,فعال
6290020,سبد میوه یخچالی,629002007,سبد میوه یخچالی کرپ,12,محصول نهایی,بسته,4.0,24.0,موجود,https://ashkanplastic.com/product/6290020/,,,,24.0,4,11.0,موجود,,فعال
6290020,سبد میوه یخچالی,629002009,سبد میوه یخچالی وانیلی,12,محصول نهایی,بسته,2.0,24.0,موجود,https://ashkanplastic.com/product/6290020/,,,,24.0,4,11.0,موجود,,فعال
6490011,سبد نان آوا,649001110,سبد نان آوا الوان,12,محصول نهایی,کارتن,77.0,60.0,موجود,https://ashkanplastic.com/product/6490011/,,,,60.0,1,77.0,موجود,,فعال
6410050,سبد نان باگت الوان,641005010,سبد نان باگت الوان,12,محصول نهایی,بسته,7.0,,موجود,https://ashkanplastic.com/product/6410050/,,,,,1,7.0,موجود,,فعال
6495011,سبد نظم دهنده آوا بزرگ,649501110,سبد نظم دهنده آوا بزرگ الوان,12,محصول نهایی,کارتن,92.0,24.0,موجود,https://ashkanplastic.com/product/6495011/,,,,24.0,4,92.0,موجود,,فعال
6495011,سبد نظم دهنده آوا بزرگ,649501102,سبد نظم دهنده آوا بزرگ طوسی,12,محصول نهایی,کارتن,0.0,24.0,ناموجود,https://ashkanplastic.com/product/6495011/,,,,24.0,4,92.0,موجود,,فعال
6495011,سبد نظم دهنده آوا بزرگ,649501117,سبد نظم دهنده آوا بزرگ موکا,12,محصول نهایی,کارتن,0.0,24.0,ناموجود,https://ashkanplastic.com/product/6495011/,,,,24.0,4,92.0,موجود,,فعال
6495011,سبد نظم دهنده آوا بزرگ,649501109,سبد نظم دهنده آوا بزرگ وانیلی,12,محصول نهایی,کارتن,0.0,24.0,ناموجود,https://ashkanplastic.com/product/6495011/,,,,24.0,4,92.0,موجود,,فعال
6493010,سبد نظم دهنده آوا کوچک,649301010,سبد نظم دهنده آوا کوچک الوان,12,محصول نهایی,کارتن,43.0,24.0,موجود,https://ashkanplastic.com/product/6493010/,,,,24.0,4,59.0,موجود,,فعال
6493010,سبد نظم دهنده آوا کوچک,649301002,سبد نظم دهنده آوا کوچک طوسی,12,محصول نهایی,کارتن,0.0,24.0,ناموجود,https://ashkanplastic.com/product/6493010/,,,,24.0,4,59.0,موجود,,فعال
6493010,سبد نظم دهنده آوا کوچک,649301017,سبد نظم دهنده آوا کوچک موکا,12,محصول نهایی,کارتن,0.0,24.0,ناموجود,https://ashkanplastic.com/product/6493010/,,,,24.0,4,59.0,موجود,,فعال
6493010,سبد نظم دهنده آوا کوچک,649301009,سبد نظم دهنده آوا کوچک وانیلی,12,محصول نهایی,کارتن,16.0,24.0,موجود,https://ashkanplastic.com/product/6493010/,,,,24.0,4,59.0,موجود,,فعال
6495010,سبد نظم دهنده طبقاتی پارمیس 3,649501003,سبد نظم دهنده طبقاتی پارمیس3-سفید,12,محصول نهایی,کارتن,13.0,24.0,موجود,https://ashkanplastic.com/product/6495010/,,,,24.0,6,227.0,موجود,,فعال
6495010,سبد نظم دهنده طبقاتی پارمیس 3,649501001,سبد نظم دهنده طبقاتی پارمیس3-صورتی,12,محصول نهایی,کارتن,34.0,24.0,موجود,https://ashkanplastic.com/product/6495010/,,,,24.0,6,227.0,موجود,,فعال
6495010,سبد نظم دهنده طبقاتی پارمیس 3,649501002,سبد نظم دهنده طبقاتی پارمیس3-طوسی,12,محصول نهایی,کارتن,40.0,24.0,موجود,https://ashkanplastic.com/product/6495010/,,,,24.0,6,227.0,موجود,,فعال
6495010,سبد نظم دهنده طبقاتی پارمیس 3,649501007,سبد نظم دهنده طبقاتی پارمیس3-کرپ,12,محصول نهایی,کارتن,0.0,24.0,ناموجود,https://ashkanplastic.com/product/6495010/,,,,24.0,6,227.0,موجود,,فعال
6495010,سبد نظم دهنده طبقاتی پارمیس 3,649501017,سبد نظم دهنده طبقاتی پارمیس3-موکا,12,محصول نهایی,کارتن,76.0,24.0,موجود,https://ashkanplastic.com/product/6495010/,,,,24.0,6,227.0,موجود,,فعال
6495010,سبد نظم دهنده طبقاتی پارمیس 3,649501009,سبد نظم دهنده طبقاتی پارمیس3-وانیلی,12,محصول نهایی,کارتن,64.0,24.0,موجود,https://ashkanplastic.com/product/6495010/,,,,24.0,6,227.0,موجود,,فعال
2899012,ست 2 عددی ظروف کریستال دلسا باسبد,289901201,ست 2 عددی ظروف کریستال دلسا صورتی-با سبد,12,محصول نهایی,کارتن,249.0,8.0,موجود,https://ashkanplastic.com/product/2899012/,,,,8.0,5,863.0,موجود,,فعال
2899012,ست 2 عددی ظروف کریستال دلسا باسبد,289901202,ست 2 عددی ظروف کریستال دلسا طوسی-با سبد,12,محصول نهایی,کارتن,163.0,8.0,موجود,https://ashkanplastic.com/product/2899012/,,,,8.0,5,863.0,موجود,,فعال
2899012,ست 2 عددی ظروف کریستال دلسا باسبد,289901207,ست 2 عددی ظروف کریستال دلسا کرپ-با سبد,12,محصول نهایی,کارتن,158.0,8.0,موجود,https://ashkanplastic.com/product/2899012/,,,,8.0,5,863.0,موجود,,فعال
2899012,ست 2 عددی ظروف کریستال دلسا باسبد,289901217,ست 2 عددی ظروف کریستال دلسا موکا-با سبد,12,محصول نهایی,کارتن,143.0,8.0,موجود,https://ashkanplastic.com/product/2899012/,,,,8.0,5,863.0,موجود,,فعال
2899012,ست 2 عددی ظروف کریستال دلسا باسبد,289901209,ست 2 عددی ظروف کریستال دلسا وانیل-با سبد,12,محصول نهایی,کارتن,150.0,8.0,موجود,https://ashkanplastic.com/product/2899012/,,,,8.0,5,863.0,موجود,,فعال
2899010,ست ظروف کریستال دلسا 3 عددی,289901001,ست 3 عددی ظروف کریستال دلسا صورتی,12,محصول نهایی,کارتن,146.0,8.0,موجود,https://ashkanplastic.com/product/2899010/,,,,8.0,5,615.0,موجود,,فعال
2899010,ست ظروف کریستال دلسا 3 عددی,289901002,ست 3 عددی ظروف کریستال دلسا طوسی,12,محصول نهایی,کارتن,126.0,8.0,موجود,https://ashkanplastic.com/product/2899010/,,,,8.0,5,615.0,موجود,,فعال
2899010,ست ظروف کریستال دلسا 3 عددی,289901007,ست 3 عددی ظروف کریستال دلسا کرپ,12,محصول نهایی,کارتن,120.0,8.0,موجود,https://ashkanplastic.com/product/2899010/,,,,8.0,5,615.0,موجود,,فعال
2899010,ست ظروف کریستال دلسا 3 عددی,289901017,ست 3 عددی ظروف کریستال دلسا موکا,12,محصول نهایی,کارتن,155.0,8.0,موجود,https://ashkanplastic.com/product/2899010/,,,,8.0,5,615.0,موجود,,فعال
2899010,ست ظروف کریستال دلسا 3 عددی,289901009,ست 3 عددی ظروف کریستال دلسا وانیلی,12,محصول نهایی,کارتن,68.0,8.0,موجود,https://ashkanplastic.com/product/2899010/,,,,8.0,5,615.0,موجود,,فعال
2499140,ست جا ادویه چوبی گرد دلسا,249914008,ست جا ادویه چوبی گرد دلسا,نصیری نصیری,محصول نهایی,کارتن,43.0,18.0,موجود,https://ashkanplastic.com/product/2499140/,,,,18.0,1,43.0,موجود,,فعال
2499540,ست جا ادویه چوبی مربع دلسا,249954008,ست جا ادویه چوبی مربع دلسا,نصیری نصیری,محصول نهایی,کارتن,0.0,,ناموجود,https://ashkanplastic.com/product/2499540/,,,,,1,0.0,ناموجود,,فعال
2440010,ست جا ادویه دایانا,244001003,ست جا ادویه دایانا سفید,12,محصول نهایی,کارتن,0.0,18.0,ناموجود,https://ashkanplastic.com/product/2440010/,,,,18.0,4,274.0,موجود,,فعال
2440010,ست جا ادویه دایانا,244001010,ست جاادویه دایانا الوان,نصیری,محصول نهایی,کارتن,274.0,18.0,موجود,https://ashkanplastic.com/product/2440010/,,,,18.0,4,274.0,موجود,,فعال
2440010,ست جا ادویه دایانا,244001001,ست جاادویه دایانا صورتی,12,محصول نهایی,کارتن,0.0,18.0,ناموجود,https://ashkanplastic.com/product/2440010/,,,,18.0,4,274.0,موجود,,فعال
2440010,ست جا ادویه دایانا,244001002,ست جاادویه دایانا طوسی,اشکان-نصیری,محصول نهایی,کارتن,0.0,18.0,ناموجود,https://ashkanplastic.com/product/2440010/,,,,18.0,4,274.0,موجود,,فعال
2279010,سرویس پارچ و لیوان گلرو,227901002,سرویس پارچ و لیوان گلرو طوسی,12,محصول نهایی,بسته,0.0,24.0,ناموجود,https://ashkanplastic.com/product/2279010/,,,,24.0,1,0.0,ناموجود,,فعال
2439111,سرویس جا ادویه گرد اپل تاپ 3 عددی,243911110,سرویس جا ادویه گرد اپل تاپ 3 عددی-الوان,12,محصول نهایی,کارتن,1.0,48.0,موجود,https://ashkanplastic.com/product/2439111/,,,,48.0,1,1.0,موجود,,فعال
2439510,سرویس جا ادویه مربع اپل تاپ (3عددی),243951010,سرویس جا ادویه مربع اپل تاپ 3 عددی الوان,12,محصول نهایی,بسته,209.0,48.0,موجود,https://ashkanplastic.com/product/2439510/,,,,48.0,3,209.0,موجود,,فعال
2439510,سرویس جا ادویه مربع اپل تاپ (3عددی),243951001,سرویس جا ادویه مربع اپل تاپ 3 عددی صورتی,12,محصول نهایی,بسته,0.0,48.0,ناموجود,https://ashkanplastic.com/product/2439510/,,,,48.0,3,209.0,موجود,,فعال
2439510,سرویس جا ادویه مربع اپل تاپ (3عددی),243951002,سرویس جا ادویه مربع اپل تاپ 3 عددی طوسی,12,محصول نهایی,بسته,0.0,48.0,ناموجود,https://ashkanplastic.com/product/2439510/,,,,48.0,3,209.0,موجود,,فعال
2639110,سرویس جاحبوباتی گرد اپل تاپ(4عددی),263911010,سرویس جا حبوباتی گرد اپل تاپ 4 عددی الوان,12,محصول نهایی,بسته,226.0,18.0,موجود,https://ashkanplastic.com/product/2639110/,,,,18.0,1,226.0,موجود,,فعال
2639520,سرویس جاحبوباتی مربع اپل تاپ(4عددی),263952010,سرویس جاحبوباتی مربع اپل تاپ 4 عددی الوان,12,محصول نهایی,بسته,149.0,18.0,موجود,https://ashkanplastic.com/product/2639520/,,,,18.0,1,149.0,موجود,,فعال
1209710,سرویس چلو (4عددی) تک رنگ,120971003,سرویس چلو 4 عددی تک رنگ سفید,12,محصول نهایی,بسته,0.0,6.0,ناموجود,https://ashkanplastic.com/product/1209710/,,,,6.0,4,1129.0,موجود,,فعال
1209710,سرویس چلو (4عددی) تک رنگ,120971001,سرویس چلو 4 عددی تک رنگ صورتی,12,محصول نهایی,بسته,414.0,6.0,موجود,https://ashkanplastic.com/product/1209710/,,,,6.0,4,1129.0,موجود,,فعال
1209710,سرویس چلو (4عددی) تک رنگ,120971002,سرویس چلو 4 عددی تک رنگ طوسی,12,محصول نهایی,بسته,411.0,6.0,موجود,https://ashkanplastic.com/product/1209710/,,,,6.0,4,1129.0,موجود,,فعال
1209710,سرویس چلو (4عددی) تک رنگ,120971017,سرویس چلو 4 عددی تک رنگ موکا,12,محصول نهایی,بسته,304.0,6.0,موجود,https://ashkanplastic.com/product/1209710/,,,,6.0,4,1129.0,موجود,,فعال
6469010,سرویس سبد میوه روشا  3 عددی صورتی,646901001,سرویس سبد میوه روشا  3 عددی صورتی,12,محصول نهایی,بسته,0.083333,,موجود,https://ashkanplastic.com/product/6469010/,,,,,2,1.083333,موجود,,فعال
6469010,سرویس سبد میوه روشا  3 عددی صورتی,646901010,سرویس سبد میوه روشا (3عددی) - (12 عددی) الوان,12,محصول نهایی,بسته,1.0,,موجود,https://ashkanplastic.com/product/6469010/,,,,,2,1.083333,موجود,,فعال
3199510,"سرویس فریزری 4 پارچه سانا مدل 802
",319951020,سرویس فریزری 4 پارچه سانا مدل 802 درب الوان,12,محصول نهایی,کارتن,129.0,24.0,موجود,https://ashkanplastic.com/product/3199510/,,,,24.0,1,129.0,موجود,,فعال
3169810,سرویس فریزری دورنگ روشا (4عددی),316981010,سرویس فریزری دورنگ روشا 4 عددی الوان,12,محصول نهایی,بسته,192.0,12.0,موجود,https://ashkanplastic.com/product/3169810/,,,,12.0,6,20528.0,موجود,,فعال
3169810,سرویس فریزری دورنگ روشا (4عددی),316981001,سرویس فریزری دورنگ روشا 4 عددی صورتی,12,محصول نهایی,بسته,164.0,12.0,موجود,https://ashkanplastic.com/product/3169810/,,,,12.0,6,20528.0,موجود,,فعال
3169810,سرویس فریزری دورنگ روشا (4عددی),316981002,سرویس فریزری دورنگ روشا 4 عددی طوسی,12,محصول نهایی,بسته,52.0,12.0,موجود,https://ashkanplastic.com/product/3169810/,,,,12.0,6,20528.0,موجود,,فعال
3169810,سرویس فریزری دورنگ روشا (4عددی),316981007,سرویس فریزری دورنگ روشا 4 عددی کرپ,12,محصول نهایی,بسته,98.0,12.0,موجود,https://ashkanplastic.com/product/3169810/,,,,12.0,6,20528.0,موجود,,فعال
3169810,سرویس فریزری دورنگ روشا (4عددی),316981017,سرویس فریزری دورنگ روشا 4 عددی موکا,12,محصول نهایی,بسته,22.0,12.0,موجود,https://ashkanplastic.com/product/3169810/,,,,12.0,6,20528.0,موجود,,فعال
3169812,سرویس فریزری دورنگ روشا (5عددی),316981201,سرویس فریزری دورنگ روشا 5 عددی صورتی,12,محصول نهایی,بسته,154.0,12.0,موجود,https://ashkanplastic.com/product/3169812/,,,,12.0,2,198.0,موجود,,فعال
3169812,سرویس فریزری دورنگ روشا (5عددی),316981202,سرویس فریزری دورنگ روشا 5 عددی طوسی,12,محصول نهایی,بسته,44.0,12.0,موجود,https://ashkanplastic.com/product/3169812/,,,,12.0,2,198.0,موجود,,فعال
3160812,سرویس فریزری دورنگ روشا 5 عددی کرپ,316081207,سرویس فریزری دورنگ روشا 5 عددی کرپ,12,محصول نهایی,بسته,59.0,,موجود,https://ashkanplastic.com/product/3160812/,,,,,2,80.0,موجود,,فعال
3160812,سرویس فریزری دورنگ روشا 5 عددی کرپ,316081217,سرویس فریزری دورنگ روشا 5 عددی موکا,12,محصول نهایی,بسته,21.0,,موجود,https://ashkanplastic.com/product/3160812/,,,,,2,80.0,موجود,,فعال
3167810,فریزری دو رنگ روشا 1(2عددی),316781010,سرویس فریزری روشا دو رنگ 2عددی الوان,12,محصول نهایی,بسته,92.0,36.0,موجود,https://ashkanplastic.com/product/3167810/,,,,36.0,3,92.0,موجود,,فعال
3150010,سرویس فریزری شاندیز 1و2,315001010,سرویس فریزری شاندیز 1و2 الوان,12,محصول نهایی,بسته,170.0,24.0,موجود,https://ashkanplastic.com/product/3150010/,,,,24.0,1,170.0,موجود,,فعال
3159010,سرویس فریزری شاندیز 4 عددی,315901010,سرویس فریزری شاندیز چهار عددی درب الوان,12,محصول نهایی,کارتن,164.083333,12.0,موجود,https://ashkanplastic.com/product/3159010/,,,,12.0,1,164.083333,موجود,,فعال
3199410,"سرویس فریزری قفلی 3 پارچه سفری مدل 902
",319941008,سرویس فریزری قفلی 3 پارچه سفری مدل 902,12,محصول نهایی,کارتن,11.0,24.0,موجود,https://ashkanplastic.com/product/3199410/,,,,24.0,1,11.0,موجود,,فعال
3179412,سرویس فریزری مستطیل گلرو(4عددی),317941210,سرویس فریزری مستطیل گلرو 4 عددی الوان,12,محصول نهایی,بسته,78.0,12.0,موجود,https://ashkanplastic.com/product/3179412/,,,,12.0,1,78.0,موجود,,فعال
3179410,سرویس فریزری مستطیل گلرو(3عددی),317941010,سرویس فریزری مستطیل گلرو3 عددی الوان,12,محصول نهایی,بسته,2.0,12.0,موجود,https://ashkanplastic.com/product/3179410/,,,,12.0,4,2.0,موجود,,فعال
3179410,سرویس فریزری مستطیل گلرو(3عددی),317941001,سرویس فریزری مستطیل گلرو3 عددی صورتی,12,محصول نهایی,بسته,0.0,12.0,ناموجود,https://ashkanplastic.com/product/3179410/,,,,12.0,4,2.0,موجود,,فعال
3179410,سرویس فریزری مستطیل گلرو(3عددی),317941002,سرویس فریزری مستطیل گلرو3 عددی طوسی,12,محصول نهایی,بسته,0.0,12.0,ناموجود,https://ashkanplastic.com/product/3179410/,,,,12.0,4,2.0,موجود,,فعال
3179410,سرویس فریزری مستطیل گلرو(3عددی),317941007,سرویس فریزری مستطیل گلرو3 عددی کرپ,12,محصول نهایی,بسته,0.0,12.0,ناموجود,https://ashkanplastic.com/product/3179410/,,,,12.0,4,2.0,موجود,,فعال
3469715,سرویس کاسه روشا 2 و 3,346971510,سرویس کاسه روشا 2 و3 الوان,12,محصول نهایی,کارتن,5.0,48.0,موجود,https://ashkanplastic.com/product/3469715/,,,,48.0,1,5.0,موجود,,فعال
8039010,سرویس لگن اپل تاپ (4عددی),803901003,سرویس لگن اپل تاپ 4 عددی سفید,12,محصول نهایی,بسته,86.0,6.0,موجود,https://ashkanplastic.com/product/8039010/,,,,6.0,4,891.0,موجود,,فعال
8039010,سرویس لگن اپل تاپ (4عددی),803901001,سرویس لگن اپل تاپ 4 عددی صورتی,12,محصول نهایی,بسته,336.0,6.0,موجود,https://ashkanplastic.com/product/8039010/,,,,6.0,4,891.0,موجود,,فعال
8039010,سرویس لگن اپل تاپ (4عددی),803901002,سرویس لگن اپل تاپ 4 عددی طوسی,12,محصول نهایی,بسته,277.0,6.0,موجود,https://ashkanplastic.com/product/8039010/,,,,6.0,4,891.0,موجود,,فعال
8039010,سرویس لگن اپل تاپ (4عددی),803901017,سرویس لگن اپل تاپ 4 عددی موکا,12,محصول نهایی,بسته,192.0,6.0,موجود,https://ashkanplastic.com/product/8039010/,,,,6.0,4,891.0,موجود,,فعال
7238010,سطل پدالی تک جداره اپل تاپ,723801010,سطل پدالی تک جداره اپل تاپ الوان,12,محصول نهایی,بسته,60.166667,6.0,موجود,https://ashkanplastic.com/product/7238010/,,,,6.0,4,60.166667,موجود,,فعال
7238010,سطل پدالی تک جداره اپل تاپ,723801001,سطل پدالی تک جداره اپل تاپ صورتی,12,محصول نهایی,بسته,0.0,6.0,ناموجود,https://ashkanplastic.com/product/7238010/,,,,6.0,4,60.166667,موجود,,فعال
7238010,سطل پدالی تک جداره اپل تاپ,723801002,سطل پدالی تک جداره اپل تاپ طوسی,12,محصول نهایی,بسته,0.0,6.0,ناموجود,https://ashkanplastic.com/product/7238010/,,,,6.0,4,60.166667,موجود,,فعال
7238010,سطل پدالی تک جداره اپل تاپ,723801007,سطل پدالی تک جداره اپل تاپ کرپ,12,محصول نهایی,بسته,0.0,6.0,ناموجود,https://ashkanplastic.com/product/7238010/,,,,6.0,4,60.166667,موجود,,فعال
7237010,سطل پدالی دوجداره اپل تاپ,723701010,سطل پدالی دوجداره اپل تاپ الوان,12,محصول نهایی,بسته,53.166667,6.0,موجود,https://ashkanplastic.com/product/7237010/,,,,6.0,2,53.333333999999994,موجود,,فعال
7237010,سطل پدالی دوجداره اپل تاپ,723701001,سطل پدالی دوجداره اپل تاپ صورتی,12,محصول نهایی,بسته,0.166667,6.0,موجود,https://ashkanplastic.com/product/7237010/,,,,6.0,2,53.333333999999994,موجود,,فعال
7300010,سطل شیر 12 لیتری دسته فلزی,730001001,سطل شیر 12 لیتری دسته فلزی صورتی,12,محصول نهایی,بسته,39.083333,12.0,موجود,https://ashkanplastic.com/product/7300010/,,,,12.0,4,248.16666600000002,موجود,,فعال
7300010,سطل شیر 12 لیتری دسته فلزی,730001002,سطل شیر 12 لیتری دسته فلزی طوسی,12,محصول نهایی,بسته,62.083333,12.0,موجود,https://ashkanplastic.com/product/7300010/,,,,12.0,4,248.16666600000002,موجود,,فعال
7300010,سطل شیر 12 لیتری دسته فلزی,730001006,سطل شیر 12 لیتری دسته فلزی قرمز,12,محصول نهایی,بسته,103.0,12.0,موجود,https://ashkanplastic.com/product/7300010/,,,,12.0,4,248.16666600000002,موجود,,فعال
7300010,سطل شیر 12 لیتری دسته فلزی,730001017,سطل شیر 12 لیتری دسته فلزی موکا,12,محصول نهایی,بسته,44.0,12.0,موجود,https://ashkanplastic.com/product/7300010/,,,,12.0,4,248.16666600000002,موجود,,فعال
7300012,سطل شیر16 لیتری دسته فلزی,730001201,سطل شیر16 لیتری دسته فلزی صورتی,12,محصول نهایی,بسته,31.0,12.0,موجود,https://ashkanplastic.com/product/7300012/,,,,12.0,4,293.0,موجود,,فعال
7300012,سطل شیر16 لیتری دسته فلزی,730001202,سطل شیر16 لیتری دسته فلزی طوسی,12,محصول نهایی,بسته,72.0,12.0,موجود,https://ashkanplastic.com/product/7300012/,,,,12.0,4,293.0,موجود,,فعال
7300012,سطل شیر16 لیتری دسته فلزی,730001206,سطل شیر16 لیتری دسته فلزی قرمز,12,محصول نهایی,بسته,130.0,12.0,موجود,https://ashkanplastic.com/product/7300012/,,,,12.0,4,293.0,موجود,,فعال
7300012,سطل شیر16 لیتری دسته فلزی,730001217,سطل شیر16 لیتری دسته فلزی موکا,12,محصول نهایی,بسته,60.0,12.0,موجود,https://ashkanplastic.com/product/7300012/,,,,12.0,4,293.0,موجود,,فعال
7020012,سطل کابینتی اشکان,702001210,سطل کابینتی اشکان الوان,12,محصول نهایی,کارتن,74.0,16.0,موجود,https://ashkanplastic.com/product/7020012/,,,,16.0,1,74.0,موجود,,فعال
7100911,سطل مدرج همه کاره 1.5 لیتری شفاف,710091108,سطل مدرج همه کاره 1.5 لیتری شفاف الوان,12,محصول نهایی,کارتن,101.0,48.0,موجود,https://ashkanplastic.com/product/7100911/,,,,48.0,1,101.0,موجود,,فعال
7100918,سطل مدرج همه کاره (12 لیتری) شفاف,710091810,سطل مدرج همه کاره 12 لیتری شفاف الوان,12,محصول نهایی,بسته,192.0,12.0,موجود,https://ashkanplastic.com/product/7100918/,,,,12.0,3,192.083333,موجود,,فعال
7100918,سطل مدرج همه کاره (12 لیتری) شفاف,710091808,سطل مدرج همه کاره 12 لیتری شفاف شفاف,12,محصول نهایی,بسته,0.0,12.0,ناموجود,https://ashkanplastic.com/product/7100918/,,,,12.0,3,192.083333,موجود,,فعال
7100918,سطل مدرج همه کاره (12 لیتری) شفاف,710091802,سطل مدرج همه کاره 12 لیتری شفاف طوسی,12,محصول نهایی,بسته,0.083333,12.0,موجود,https://ashkanplastic.com/product/7100918/,,,,12.0,3,192.083333,موجود,,فعال
7100920,سطل مدرج همه کاره (16 لیتری) شفاف,710092010,سطل مدرج همه کاره 16 لیتری شفاف الوان,12,محصول نهایی,بسته,136.0,6.0,موجود,https://ashkanplastic.com/product/7100920/,,,,6.0,2,136.0,موجود,,فعال
7100920,سطل مدرج همه کاره (16 لیتری) شفاف,710092002,سطل مدرج همه کاره 16 لیتری شفاف طوسی,12,محصول نهایی,بسته,0.0,6.0,ناموجود,https://ashkanplastic.com/product/7100920/,,,,6.0,2,136.0,موجود,,فعال
7100010,سطل مدرج همه کاره 2 لیتری تزریقی سفید,710001003,سطل مدرج همه کاره 2 لیتری تزریقی سفید,12,محصول نهایی,بسته,5.0,,موجود,https://ashkanplastic.com/product/7100010/,,,,,1,5.0,موجود,,فعال
7100910,سطل مدرج همه کاره (2 لیتری) شفاف,710091010,سطل مدرج همه کاره 2 لیتری شفاف الوان,12,محصول نهایی,بسته,135.0,48.0,موجود,https://ashkanplastic.com/product/7100910/,,,,48.0,4,135.0,موجود,,فعال
7100910,سطل مدرج همه کاره (2 لیتری) شفاف,710091008,سطل مدرج همه کاره 2 لیتری شفاف شفاف,12,محصول نهایی,بسته,0.0,48.0,ناموجود,https://ashkanplastic.com/product/7100910/,,,,48.0,4,135.0,موجود,,فعال
7100910,سطل مدرج همه کاره (2 لیتری) شفاف,710091001,سطل مدرج همه کاره 2 لیتری شفاف صورتی,12,محصول نهایی,بسته,0.0,48.0,ناموجود,https://ashkanplastic.com/product/7100910/,,,,48.0,4,135.0,موجود,,فعال
7100910,سطل مدرج همه کاره (2 لیتری) شفاف,710091002,سطل مدرج همه کاره 2 لیتری شفاف طوسی,12,محصول نهایی,بسته,0.0,48.0,ناموجود,https://ashkanplastic.com/product/7100910/,,,,48.0,4,135.0,موجود,,فعال
7100922,سطل مدرج همه کاره (20 لیتری) شفاف,710092210,سطل مدرج همه کاره 20 لیتری شفاف الوان,12,محصول نهایی,بسته,167.0,6.0,موجود,https://ashkanplastic.com/product/7100922/,,,,6.0,1,167.0,موجود,,فعال
7100924,سطل مدرج همه کاره (25 لیتری) شفاف,710092410,سطل مدرج همه کاره 25 لیتری شفاف الوان,12,محصول نهایی,بسته,192.0,6.0,موجود,https://ashkanplastic.com/product/7100924/,,,,6.0,2,192.0,موجود,,فعال
7100924,سطل مدرج همه کاره (25 لیتری) شفاف,710092402,سطل مدرج همه کاره 25 لیتری شفاف طوسی,12,محصول نهایی,بسته,0.0,6.0,ناموجود,https://ashkanplastic.com/product/7100924/,,,,6.0,2,192.0,موجود,,فعال
7100912,سطل مدرج همه کاره (3 لیتری) شفاف,710091210,سطل مدرج همه کاره 3 لیتری شفاف الوان,12,محصول نهایی,بسته,35.0,48.0,موجود,https://ashkanplastic.com/product/7100912/,,,,48.0,4,35.0,موجود,,فعال
7100912,سطل مدرج همه کاره (3 لیتری) شفاف,710091208,سطل مدرج همه کاره 3 لیتری شفاف شفاف,12,محصول نهایی,بسته,0.0,48.0,ناموجود,https://ashkanplastic.com/product/7100912/,,,,48.0,4,35.0,موجود,,فعال
7100912,سطل مدرج همه کاره (3 لیتری) شفاف,710091201,سطل مدرج همه کاره 3 لیتری شفاف صورتی,12,محصول نهایی,بسته,0.0,48.0,ناموجود,https://ashkanplastic.com/product/7100912/,,,,48.0,4,35.0,موجود,,فعال
7100912,سطل مدرج همه کاره (3 لیتری) شفاف,710091207,سطل مدرج همه کاره 3 لیتری شفاف کرپ,12,محصول نهایی,بسته,0.0,48.0,ناموجود,https://ashkanplastic.com/product/7100912/,,,,48.0,4,35.0,موجود,,فعال
7100914,سطل مدرج همه کاره (5 لیتری) شفاف,710091410,سطل مدرج همه کاره 5 لیتری شفاف الوان,12,محصول نهایی,بسته,146.0,12.0,موجود,https://ashkanplastic.com/product/7100914/,,,,12.0,1,146.0,موجود,,فعال
7100916,سطل مدرج همه کاره (7 لیتری) شفاف,710091610,سطل مدرج همه کاره 7 لیتری شفاف الوان,12,محصول نهایی,بسته,104.0,12.0,موجود,https://ashkanplastic.com/product/7100916/,,,,12.0,3,104.083333,موجود,,فعال
7100916,سطل مدرج همه کاره (7 لیتری) شفاف,710091601,سطل مدرج همه کاره 7 لیتری شفاف صورتی,12,محصول نهایی,بسته,0.083333,12.0,موجود,https://ashkanplastic.com/product/7100916/,,,,12.0,3,104.083333,موجود,,فعال
7100916,سطل مدرج همه کاره (7 لیتری) شفاف,710091602,سطل مدرج همه کاره 7 لیتری شفاف طوسی,12,محصول نهایی,بسته,0.0,12.0,ناموجود,https://ashkanplastic.com/product/7100916/,,,,12.0,3,104.083333,موجود,,فعال
7100535,سطل مربع پنج لیتری پلمپ,710053510,سطل مربع پنج لیتری پلمپ شفاف درب الوان,12,محصول نهایی,کارتن,253.0,12.0,موجود,https://ashkanplastic.com/product/7100535/,,,,12.0,1,253.0,موجود,,فعال
7100530,سطل مربع سه لیتری پلمپ,710053010,سطل مربع سه لیتری پلمپ شفاف درب الوان,12,محصول نهایی,کارتن,191.0,24.0,موجود,https://ashkanplastic.com/product/7100530/,,,,24.0,1,191.0,موجود,,فعال
7100540,سطل مربع هشت لیتری پلمپ,710054010,سطل مربع هشت لیتری پلمپ شفاف درب الوان,12,محصول نهایی,کارتن,173.0,12.0,موجود,https://ashkanplastic.com/product/7100540/,,,,12.0,1,173.0,موجود,,فعال
7025010,سطل نخل بزرگ اشکان,702501003,سطل نخل بزرگ اشکان سفید,12,محصول نهایی,بسته,124.0,12.0,موجود,https://ashkanplastic.com/product/7025010/,,,,12.0,7,327.0,موجود,,فعال
7025010,سطل نخل بزرگ اشکان,702501008,سطل نخل بزرگ اشکان شفاف,12,محصول نهایی,بسته,0.0,12.0,ناموجود,https://ashkanplastic.com/product/7025010/,,,,12.0,7,327.0,موجود,,فعال
7025010,سطل نخل بزرگ اشکان,702501001,سطل نخل بزرگ اشکان صورتی,12,محصول نهایی,بسته,64.0,12.0,موجود,https://ashkanplastic.com/product/7025010/,,,,12.0,7,327.0,موجود,,فعال
7025010,سطل نخل بزرگ اشکان,702501002,سطل نخل بزرگ اشکان طوسی,12,محصول نهایی,بسته,0.0,12.0,ناموجود,https://ashkanplastic.com/product/7025010/,,,,12.0,7,327.0,موجود,,فعال
7025010,سطل نخل بزرگ اشکان,702501006,سطل نخل بزرگ اشکان قرمز,12,محصول نهایی,بسته,137.0,12.0,موجود,https://ashkanplastic.com/product/7025010/,,,,12.0,7,327.0,موجود,,فعال
7025010,سطل نخل بزرگ اشکان,702501011,سطل نخل بزرگ اشکان کرم,12,محصول نهایی,بسته,2.0,12.0,موجود,https://ashkanplastic.com/product/7025010/,,,,12.0,7,327.0,موجود,,فعال
7025010,سطل نخل بزرگ اشکان,702501009,سطل نخل بزرگ اشکان وانیلی,12,محصول نهایی,بسته,0.0,12.0,ناموجود,https://ashkanplastic.com/product/7025010/,,,,12.0,7,327.0,موجود,,فعال
7660010,سینی روشا 2000,766001010,سینی روشا 2000 الوان,12,محصول نهایی,بسته,45.0,24.0,موجود,https://ashkanplastic.com/product/7660010/,,,,24.0,2,45.041667,موجود,,فعال
7660010,سینی روشا 2000,766001007,سینی روشا 2000 کرپ,12,محصول نهایی,بسته,0.041667,24.0,موجود,https://ashkanplastic.com/product/7660010/,,,,24.0,2,45.041667,موجود,,فعال
7660012,سینی روشا 4000,766001210,سینی روشا 4000 الوان,12,محصول نهایی,بسته,54.0,18.0,موجود,https://ashkanplastic.com/product/7660012/,,,,18.0,1,54.0,موجود,,فعال
7660014,سینی روشا 6000,766001410,سینی روشا 6000 الوان,12,محصول نهایی,بسته,27.0,12.0,موجود,https://ashkanplastic.com/product/7660014/,,,,12.0,1,27.0,موجود,,فعال
7660016,سینی روشا 8000,766001610,سینی روشا 8000 الوان,12,محصول نهایی,بسته,81.0,12.0,موجود,https://ashkanplastic.com/product/7660016/,,,,12.0,1,81.0,موجود,,فعال
8590010,شکرپاش سانا مدل 1102,859001010,شکر پاش سانا مدل 1102,اشکان-نصیری,محصول نهایی,کارتن,198.0,48.0,موجود,https://ashkanplastic.com/product/8590010/,,,,48.0,1,198.0,موجود,,فعال
8520010,شکرپاش اشکان,852001010,شکرپاش اشکان الوان,12,محصول نهایی,بسته,224.0,24.0,موجود,https://ashkanplastic.com/product/8520010/,,,,24.0,1,224.0,موجود,,فعال
8585010,شکرپاش بزرگ هما,858501010,شکرپاش بزرگ هما الوان,12,محصول نهایی,بسته,43.0,36.0,موجود,https://ashkanplastic.com/product/8585010/,,,,36.0,4,43.0,موجود,,فعال
8585010,شکرپاش بزرگ هما,858501001,شکرپاش بزرگ هما صورتی,12,محصول نهایی,بسته,0.0,36.0,ناموجود,https://ashkanplastic.com/product/8585010/,,,,36.0,4,43.0,موجود,,فعال
8585010,شکرپاش بزرگ هما,858501002,شکرپاش بزرگ هما طوسی,12,محصول نهایی,بسته,0.0,36.0,ناموجود,https://ashkanplastic.com/product/8585010/,,,,36.0,4,43.0,موجود,,فعال
8585010,شکرپاش بزرگ هما,858501007,شکرپاش بزرگ هما کرپ,12,محصول نهایی,بسته,0.0,36.0,ناموجود,https://ashkanplastic.com/product/8585010/,,,,36.0,4,43.0,موجود,,فعال
8583010,شکرپاش کوچک هما,858301001,شکرپاش کوچک هما صورتی,12,محصول نهایی,بسته,0.0,48.0,ناموجود,https://ashkanplastic.com/product/8583010/,,,,48.0,4,86.0,موجود,,فعال
8583010,شکرپاش کوچک هما,858301002,شکرپاش کوچک هما طوسی,12,محصول نهایی,بسته,0.0,48.0,ناموجود,https://ashkanplastic.com/product/8583010/,,,,48.0,4,86.0,موجود,,فعال
8583010,شکرپاش کوچک هما,858301007,شکرپاش کوچک هما کرپ,12,محصول نهایی,بسته,0.0,48.0,ناموجود,https://ashkanplastic.com/product/8583010/,,,,48.0,4,86.0,موجود,,فعال
8583010,شکرپاش کوچک هما,858301010,شکرپاش لوکس (کوچک) هما الوان,12,محصول نهایی,بسته,86.0,48.0,موجود,https://ashkanplastic.com/product/8583010/,,,,48.0,4,86.0,موجود,,فعال
8591110,جاشکری نقلی دلسا,859111020,شکرپاش نقلی دلسا,12,محصول نهایی,کارتن,265.0,48.0,موجود,https://ashkanplastic.com/product/8591110/,,,,48.0,1,265.0,موجود,,فعال
6510050,صافی سینک سیب 1,651005010,صافی سینک سیب 1 الوان,12,محصول نهایی,بسته,118.0,72.0,موجود,https://ashkanplastic.com/product/6510050/,,,,72.0,2,118.013889,موجود,,فعال
6510050,صافی سینک سیب 1,651005001,صافی سینک سیب 1 صورتی,12,محصول نهایی,بسته,0.013889,72.0,موجود,https://ashkanplastic.com/product/6510050/,,,,72.0,2,118.013889,موجود,,فعال
6510052,صافی سینک سیب 2,651005210,صافی سینک سیب 2 الوان,12,محصول نهایی,بسته,61.0,48.0,موجود,https://ashkanplastic.com/product/6510052/,,,,48.0,1,61.0,موجود,,فعال
6510054,صافی سینک سیب 3,651005410,صافی سینک سیب 3 الوان,12,محصول نهایی,بسته,91.020833,48.0,موجود,https://ashkanplastic.com/product/6510054/,,,,48.0,1,91.020833,موجود,,فعال
4810010,صندلی حمام سیب,481001002,صندلی حمام سیب طوسی,12,محصول نهایی,بسته,90.0,18.0,موجود,https://ashkanplastic.com/product/4810010/,,,,18.0,4,286.0,موجود,,فعال
4810010,صندلی حمام سیب,481001007,صندلی حمام سیب کرپ,12,محصول نهایی,بسته,67.0,18.0,موجود,https://ashkanplastic.com/product/4810010/,,,,18.0,4,286.0,موجود,,فعال
4810010,صندلی حمام سیب,481001017,صندلی حمام سیب موکا,12,محصول نهایی,بسته,83.0,18.0,موجود,https://ashkanplastic.com/product/4810010/,,,,18.0,4,286.0,موجود,,فعال
4810010,صندلی حمام سیب,481001009,صندلی حمام سیب وانیلی,12,محصول نهایی,بسته,46.0,18.0,موجود,https://ashkanplastic.com/product/4810010/,,,,18.0,4,286.0,موجود,,فعال
3158310,ظرف فریزری شاندیز تخت,315831010,ظرف فریزری تخت شاندیز درب الوان,12,محصول نهایی,بسته,107.0,24.0,موجود,https://ashkanplastic.com/product/3158310/,,,,24.0,2,107.0,موجود,,فعال
3158310,ظرف فریزری شاندیز تخت,315831008,ظرف فریزری تخت شاندیز درب شفاف,12,محصول نهایی,بسته,0.0,24.0,ناموجود,https://ashkanplastic.com/product/3158310/,,,,24.0,2,107.0,موجود,,فعال
3158311,ظرف فریزری تخت شاندیز درب شفاف( 28 عددی ),315831108,ظرف فریزری تخت شاندیز درب شفاف( 28 عددی ),12,محصول نهایی,کارتن,0.0,,ناموجود,https://ashkanplastic.com/product/3158311/,,,,,1,0.0,ناموجود,,فعال
3197310,ظرف فریزری تخت ماهان (2عددی),319731008,ظرف فریزری تخت ماهان,12,محصول نهایی,کارتن,154.0,12.0,موجود,https://ashkanplastic.com/product/3197310/,,,,12.0,1,154.0,موجود,,فعال
3197910,ظرف فریزری سایز 1 ماهان (2عددی),319791008,ظرف فریزری سایز 1 ماهان,12,محصول نهایی,کارتن,325.0,48.0,موجود,https://ashkanplastic.com/product/3197910/,,,,48.0,1,325.0,موجود,,فعال
3197920,ظرف فریزری سایز 2 ماهان (2عددی),319792008,ظرف فریزری سایز 2 ماهان,12,محصول نهایی,کارتن,284.0,36.0,موجود,https://ashkanplastic.com/product/3197920/,,,,36.0,1,284.0,موجود,,فعال
3197930,ظرف فریزری سایز 3 ماهان (2عددی),319793008,ظرف فریزری سایز 3 ماهان,12,محصول نهایی,کارتن,246.0,24.0,موجود,https://ashkanplastic.com/product/3197930/,,,,24.0,1,246.0,موجود,,فعال
3197940,ظرف فریزری سایز 4 ماهان (2عددی),319794008,ظرف فریزری سایز 4 ماهان,12,محصول نهایی,کارتن,177.0,12.0,موجود,https://ashkanplastic.com/product/3197940/,,,,12.0,1,177.0,موجود,,فعال
3150011,ظرف فریزری شاندیز 3,315001110,ظرف فریزری شاندیز 3 الوان,12,محصول نهایی,بسته,0.833333,24.0,موجود,https://ashkanplastic.com/product/3150011/,,,,24.0,1,0.833333,موجود,,فعال
4649010,فایل کوچک دلسا 503,464901002,فایل کوچک دلسا مدل 503 - طوسی,اشکان داودی,محصول نهایی,کارتن,4.0,6.0,موجود,https://ashkanplastic.com/product/4649010/,,,,6.0,4,9.0,موجود,,فعال
4649010,فایل کوچک دلسا 503,464901007,فایل کوچک دلسا مدل 503 - کرپ,اشکان - داودی,محصول نهایی,کارتن,0.0,6.0,ناموجود,https://ashkanplastic.com/product/4649010/,,,,6.0,4,9.0,موجود,,فعال
4649010,فایل کوچک دلسا 503,464901017,فایل کوچک دلسا مدل 503 - موکا,12,محصول نهایی,کارتن,1.0,6.0,موجود,https://ashkanplastic.com/product/4649010/,,,,6.0,4,9.0,موجود,,فعال
4649010,فایل کوچک دلسا 503,464901009,فایل کوچک دلسا مدل 503 - وانیلی,12,محصول نهایی,کارتن,4.0,6.0,موجود,https://ashkanplastic.com/product/4649010/,,,,6.0,4,9.0,موجود,,فعال
3100430,فریزری دلسا با سبد 1/5 لیتری,310043010,فریزری 1.5 لیتری دلسا با سبد - درب الوان,12,محصول نهایی,کارتن,226.0,24.0,موجود,https://ashkanplastic.com/product/3100430/,,,,24.0,2,226.0,موجود,,فعال
3100430,فریزری دلسا با سبد 1/5 لیتری,310043002,فریزری 1.5 لیتری دلسا با سبد - درب طوسی,12,محصول نهایی,کارتن,0.0,24.0,ناموجود,https://ashkanplastic.com/product/3100430/,,,,24.0,2,226.0,موجود,,فعال
3100420,فریزری همه کاره دلسا مدل 203 1.5 لیتری درب دار,310042010,فریزری 1.5 لیتری دلسا بدون سبد - درب الوان,12,محصول نهایی,کارتن,321.0,36.0,موجود,https://ashkanplastic.com/product/3100420/,,,,36.0,2,321.0,موجود,,فعال
3100420,فریزری همه کاره دلسا مدل 203 1.5 لیتری درب دار,310042002,فریزری 1.5 لیتری دلسا بدون سبد - درب طوسی,12,محصول نهایی,کارتن,0.0,36.0,ناموجود,https://ashkanplastic.com/product/3100420/,,,,36.0,2,321.0,موجود,,فعال
3167810,فریزری دو رنگ روشا 1(2عددی),316781001,فریزری دو رنگ روشا 1 دوعددی صورتی,12,محصول نهایی,بسته,0.0,36.0,ناموجود,https://ashkanplastic.com/product/3167810/,,,,36.0,3,92.0,موجود,,فعال
3167810,فریزری دو رنگ روشا 1(2عددی),316781002,فریزری دو رنگ روشا 1 دوعددی طوسی,12,محصول نهایی,بسته,0.0,36.0,ناموجود,https://ashkanplastic.com/product/3167810/,,,,36.0,3,92.0,موجود,,فعال
3170411,فریزری مستطیل گلرو 1(2عددی),317041110,فریزری مستطیل گلرو 1 دوعددی الوان,داودی-دوادی,محصول نهایی,بسته,3.0,36.0,موجود,https://ashkanplastic.com/product/3170411/,,,,36.0,2,3.0,موجود,,فعال
3170411,فریزری مستطیل گلرو 1(2عددی),317041102,فریزری مستطیل گلرو 1 دوعددی طوسی,12,محصول نهایی,بسته,0.0,36.0,ناموجود,https://ashkanplastic.com/product/3170411/,,,,36.0,2,3.0,موجود,,فعال
3170414,فریزری مستطیل گلرو 3,317041410,فریزری مستطیل گلرو 3 الوان,12,محصول نهایی,بسته,0.791667,24.0,موجود,https://ashkanplastic.com/product/3170414/,,,,24.0,4,0.791667,موجود,,فعال
3170414,فریزری مستطیل گلرو 3,317041401,فریزری مستطیل گلرو 3 صورتی,12,محصول نهایی,بسته,0.0,24.0,ناموجود,https://ashkanplastic.com/product/3170414/,,,,24.0,4,0.791667,موجود,,فعال
3170414,فریزری مستطیل گلرو 3,317041402,فریزری مستطیل گلرو 3 طوسی,12,محصول نهایی,بسته,0.0,24.0,ناموجود,https://ashkanplastic.com/product/3170414/,,,,24.0,4,0.791667,موجود,,فعال
3170414,فریزری مستطیل گلرو 3,317041407,فریزری مستطیل گلرو 3 کرپ,12,محصول نهایی,بسته,0.0,24.0,ناموجود,https://ashkanplastic.com/product/3170414/,,,,24.0,4,0.791667,موجود,,فعال
3172410,سرویس فریزری گلرو مینی (2 عددی),317241010,فریزری مستطیل گلرو مینی -پک 2 عددی الوان,12,محصول نهایی,بسته,3.0,60.0,موجود,https://ashkanplastic.com/product/3172410/,,,,60.0,3,3.0,موجود,,فعال
3172410,سرویس فریزری گلرو مینی (2 عددی),317241001,فریزری مستطیل گلرو مینی -پک 2 عددی صورتی,12,محصول نهایی,بسته,0.0,60.0,ناموجود,https://ashkanplastic.com/product/3172410/,,,,60.0,3,3.0,موجود,,فعال
3172410,سرویس فریزری گلرو مینی (2 عددی),317241002,فریزری مستطیل گلرو مینی -پک 2 عددی طوسی,12,محصول نهایی,بسته,0.0,60.0,ناموجود,https://ashkanplastic.com/product/3172410/,,,,60.0,3,3.0,موجود,,فعال
3171410,سرویس فریزری گلرو نقلی (3 عددی),317141010,فریزری مستطیل گلرو نقلی -پک 3 عددی الوان,12,محصول نهایی,بسته,6.0,72.0,موجود,https://ashkanplastic.com/product/3171410/,,,,72.0,2,36.0,موجود,,فعال
3171410,سرویس فریزری گلرو نقلی (3 عددی),317141012,فریزری مستطیل گلرو نقلی -پک 3 عددی مشکی,12,محصول نهایی,بسته,30.0,72.0,موجود,https://ashkanplastic.com/product/3171410/,,,,72.0,2,36.0,موجود,,فعال
8480010,قندان هما,848001010,قندان هما الوان,12,محصول نهایی,بسته,116.0,36.0,موجود,https://ashkanplastic.com/product/8480010/,,,,36.0,2,116.0,موجود,,فعال
8480010,قندان هما,848001002,قندان هما طوسی,12,محصول نهایی,بسته,0.0,36.0,ناموجود,https://ashkanplastic.com/product/8480010/,,,,36.0,2,116.0,موجود,,فعال
8810011,قیف سیب 10,881001110,قیف سیب 10 الوان,12,محصول نهایی,بسته,49.0,96.0,موجود,https://ashkanplastic.com/product/8810011/,,,,96.0,1,49.0,موجود,,فعال
8810010,قیف سیب 10 کرپ,881001007,قیف سیب 10 کرپ,12,محصول نهایی,بسته,0.0,,ناموجود,https://ashkanplastic.com/product/8810010/,,,,,1,0.0,ناموجود,,فعال
8810013,قیف سیب 12,881001310,قیف سیب 12 الوان,12,محصول نهایی,بسته,48.0,96.0,موجود,https://ashkanplastic.com/product/8810013/,,,,96.0,1,48.0,موجود,,فعال
8810015,قیف سیب 18,881001510,قیف سیب 18-الوان,12,محصول نهایی,بسته,41.0,96.0,موجود,https://ashkanplastic.com/product/8810015/,,,,96.0,1,41.0,موجود,,فعال
8810014,قیف سیب 18 صورتی,881001401,قیف سیب 18 صورتی,12,محصول نهایی,بسته,0.0,,ناموجود,https://ashkanplastic.com/product/8810014/,,,,,2,0.0,ناموجود,,فعال
8810014,قیف سیب 18 صورتی,881001402,قیف سیب 18 طوسی,12,محصول نهایی,بسته,0.0,,ناموجود,https://ashkanplastic.com/product/8810014/,,,,,2,0.0,ناموجود,,فعال
8810016,قیف سیب 20,881001610,قیف سیب 20 الوان,12,محصول نهایی,بسته,132.0,72.0,موجود,https://ashkanplastic.com/product/8810016/,,,,72.0,4,132.0,موجود,,فعال
8810016,قیف سیب 20,881001601,قیف سیب 20 صورتی,12,محصول نهایی,بسته,0.0,72.0,ناموجود,https://ashkanplastic.com/product/8810016/,,,,72.0,4,132.0,موجود,,فعال
8810016,قیف سیب 20,881001602,قیف سیب 20 طوسی,12,محصول نهایی,بسته,0.0,72.0,ناموجود,https://ashkanplastic.com/product/8810016/,,,,72.0,4,132.0,موجود,,فعال
8810016,قیف سیب 20,881001607,قیف سیب 20 کرپ,12,محصول نهایی,بسته,0.0,72.0,ناموجود,https://ashkanplastic.com/product/8810016/,,,,72.0,4,132.0,موجود,,فعال
8810018,قیف سیب 24,881001810,قیف سیب 24 الوان,12,محصول نهایی,بسته,29.0,72.0,موجود,https://ashkanplastic.com/product/8810018/,,,,72.0,3,29.013889,موجود,,فعال
8810018,قیف سیب 24,881001801,قیف سیب 24 صورتی,12,محصول نهایی,بسته,0.0,72.0,ناموجود,https://ashkanplastic.com/product/8810018/,,,,72.0,3,29.013889,موجود,,فعال
8810018,قیف سیب 24,881001802,قیف سیب 24 طوسی,12,محصول نهایی,بسته,0.013889,72.0,موجود,https://ashkanplastic.com/product/8810018/,,,,72.0,3,29.013889,موجود,,فعال
3460711,کاسه تک رنگ روشا 1,346071110,کاسه تک رنگ روشا 1 الوان,12,محصول نهایی,کارتن,18.0,72.0,موجود,https://ashkanplastic.com/product/3460711/,,,,72.0,1,18.0,موجود,,فعال
3460914,کاسه دو رنگ روشا 3 (شفاف),346091402,کاسه دو رنگ روشا 3 شفاف طوسی,12,محصول نهایی,بسته,10.0,48.0,موجود,https://ashkanplastic.com/product/3460914/,,,,48.0,1,10.0,موجود,,فعال
3410010,کاسه سیب کریستال,341001010,کاسه سیب کریستال الوان,12,محصول نهایی,بسته,44.0,72.0,موجود,https://ashkanplastic.com/product/3410010/,,,,72.0,2,44.0,موجود,,فعال
3410010,کاسه سیب کریستال,341001006,کاسه سیب کریستال قرمز,12,محصول نهایی,بسته,0.0,72.0,ناموجود,https://ashkanplastic.com/product/3410010/,,,,72.0,2,44.0,موجود,,فعال
5570010,گلدان گلرو 1 (14*15) با زیرگلدانی,557001003,گلدان گلرو 1 (14*15 ) سفید,12,محصول نهایی,بسته,207.291667,24.0,موجود,https://ashkanplastic.com/product/5570010/,,,,24.0,1,207.291667,موجود,,فعال
5570028,گلدان گلرو 10 با زیرگلدانی,557002803,گلدان گلرو 10 سفید,12,محصول نهایی,بسته,75.0,6.0,موجود,https://ashkanplastic.com/product/5570028/,,,,6.0,1,75.0,موجود,,فعال
5570012,گلدان گلرو 2 (16*18) با زیرگلدانی,557001203,گلدان گلرو 2 (16*18 ) سفید,12,محصول نهایی,بسته,95.0,24.0,موجود,https://ashkanplastic.com/product/5570012/,,,,24.0,1,95.0,موجود,,فعال
5570014,گلدان گلرو 3 (19*21) با زیرگلدانی,557001403,گلدان گلرو 3 (19*21 ) سفید,12,محصول نهایی,بسته,276.0,24.0,موجود,https://ashkanplastic.com/product/5570014/,,,,24.0,1,276.0,موجود,,فعال
5570016,گلدان گلرو 4 (23*25) با زیرگلدانی,557001603,گلدان گلرو 4 (23*25 ) سفید,12,محصول نهایی,بسته,210.0,12.0,موجود,https://ashkanplastic.com/product/5570016/,,,,12.0,1,210.0,موجود,,فعال
5570018,گلدان گلرو 5 (26*30) با زیرگلدانی,557001803,گلدان گلرو 5 (26*30 ) سفید,12,محصول نهایی,بسته,352.0,12.0,موجود,https://ashkanplastic.com/product/5570018/,,,,12.0,1,352.0,موجود,,فعال
5570020,گلدان گلرو 6 (31*35) با زیرگلدانی,557002003,گلدان گلرو 6 (31*35 ) سفید,12,محصول نهایی,بسته,268.0,12.0,موجود,https://ashkanplastic.com/product/5570020/,,,,12.0,1,268.0,موجود,,فعال
5570022,گلدان گلرو 7 (36*41) با زیرگلدانی,557002203,گلدان گلرو 7 (36*41 ) سفید,12,محصول نهایی,بسته,66.166667,6.0,موجود,https://ashkanplastic.com/product/5570022/,,,,6.0,1,66.166667,موجود,,فعال
5570024,گلدان گلرو 8 (41*49) با زیرگلدانی,557002403,گلدان گلرو 8 (41*49 ) سفید,12,محصول نهایی,بسته,5.0,6.0,موجود,https://ashkanplastic.com/product/5570024/,,,,6.0,1,5.0,موجود,,فعال
5570026,گلدان گلرو 9 (47*59) با زیرگلدانی,557002603,گلدان گلرو 9 (47*59 ) سفید,12,محصول نهایی,بسته,47.0,6.0,موجود,https://ashkanplastic.com/product/5570026/,,,,6.0,1,47.0,موجود,,فعال
5570013,گلدان گلرو مینی با زیرگلدانی,557001303,گلدان گلرو مینی سفید,12,محصول نهایی,بسته,30.0,60.0,موجود,https://ashkanplastic.com/product/5570013/,,,,60.0,1,30.0,موجود,,فعال
5570006,گلدان گلرو نقلی الوان,557000610,گلدان گلرو نقلی الوان,12,محصول نهایی,بسته,2.0,,موجود,https://ashkanplastic.com/product/5570006/,,,,,1,2.0,موجود,,فعال
5570011,گلدان گلرو نقلی با زیرگلدانی,557001103,گلدان گلرو نقلی سفید,12,محصول نهایی,بسته,11.0,96.0,موجود,https://ashkanplastic.com/product/5570011/,,,,96.0,1,11.0,موجود,,فعال
8990010,گیره آویز صدف,899001010,گیره آویز صدف الوان,12,محصول نهایی,بسته,246.0,72.0,موجود,https://ashkanplastic.com/product/8990010/,,,,72.0,1,246.0,موجود,,فعال
8020012,لگن 15*10 اصل اشکان کرم,802001211,لگن 15*10 اصل اشکان کرم,12,محصول نهایی,بسته,19.0,,موجود,https://ashkanplastic.com/product/8020012/,,,,,1,19.0,موجود,,فعال
8030016,لگن اپل تاپ 6000,803001601,لگن اپل تاپ 6000 صورتی,12,محصول نهایی,بسته,0.0,36.0,ناموجود,https://ashkanplastic.com/product/8030016/,,,,36.0,2,4.0,موجود,,فعال
8030016,لگن اپل تاپ 6000,803001602,لگن اپل تاپ 6000 طوسی,12,محصول نهایی,بسته,4.0,36.0,موجود,https://ashkanplastic.com/product/8030016/,,,,36.0,2,4.0,موجود,,فعال
8030018,لگن اپل تاپ 8000,803001803,لگن اپل تاپ 8000 سفید,12,محصول نهایی,بسته,0.0,24.0,ناموجود,https://ashkanplastic.com/product/8030018/,,,,24.0,3,22.0,موجود,,فعال
8030018,لگن اپل تاپ 8000,803001801,لگن اپل تاپ 8000 صورتی,12,محصول نهایی,بسته,16.0,24.0,موجود,https://ashkanplastic.com/product/8030018/,,,,24.0,3,22.0,موجود,,فعال
8030018,لگن اپل تاپ 8000,803001802,لگن اپل تاپ 8000 طوسی,12,محصول نهایی,بسته,6.0,24.0,موجود,https://ashkanplastic.com/product/8030018/,,,,24.0,3,22.0,موجود,,فعال
8090024,لگن 10000 زیبا,809002402,لگن زیبا 10000 طوسی,12,محصول نهایی,بسته,49.0,12.0,موجود,https://ashkanplastic.com/product/8090024/,,,,12.0,4,165.0,موجود,,فعال
8090024,لگن 10000 زیبا,809002407,لگن زیبا 10000 کرپ,12,محصول نهایی,بسته,47.0,12.0,موجود,https://ashkanplastic.com/product/8090024/,,,,12.0,4,165.0,موجود,,فعال
8090024,لگن 10000 زیبا,809002417,لگن زیبا 10000 موکا,12,محصول نهایی,کارتن,42.0,12.0,موجود,https://ashkanplastic.com/product/8090024/,,,,12.0,4,165.0,موجود,,فعال
8090024,لگن 10000 زیبا,809002409,لگن زیبا 10000 وانیلی,12,محصول نهایی,بسته,27.0,12.0,موجود,https://ashkanplastic.com/product/8090024/,,,,12.0,4,165.0,موجود,,فعال
8090022,لگن 12000 زیبا,809002201,لگن زیبا 12000 صورتی,12,محصول نهایی,بسته,1.0,12.0,موجود,https://ashkanplastic.com/product/8090022/,,,,12.0,5,290.0,موجود,,فعال
8090022,لگن 12000 زیبا,809002202,لگن زیبا 12000 طوسی,12,محصول نهایی,بسته,69.0,12.0,موجود,https://ashkanplastic.com/product/8090022/,,,,12.0,5,290.0,موجود,,فعال
8090022,لگن 12000 زیبا,809002207,لگن زیبا 12000 کرپ,12,محصول نهایی,بسته,64.0,12.0,موجود,https://ashkanplastic.com/product/8090022/,,,,12.0,5,290.0,موجود,,فعال
8090022,لگن 12000 زیبا,809002217,لگن زیبا 12000 موکا,12,محصول نهایی,کارتن,73.0,12.0,موجود,https://ashkanplastic.com/product/8090022/,,,,12.0,5,290.0,موجود,,فعال
8090022,لگن 12000 زیبا,809002209,لگن زیبا 12000 وانیلی,12,محصول نهایی,بسته,83.0,12.0,موجود,https://ashkanplastic.com/product/8090022/,,,,12.0,5,290.0,موجود,,فعال
8090032,لگن 2000 زیبا,809003201,لگن زیبا 2000 صورتی,12,محصول نهایی,بسته,61.0,36.0,موجود,https://ashkanplastic.com/product/8090032/,,,,36.0,5,248.0,موجود,,فعال
8090032,لگن 2000 زیبا,809003202,لگن زیبا 2000 طوسی,12,محصول نهایی,بسته,44.0,36.0,موجود,https://ashkanplastic.com/product/8090032/,,,,36.0,5,248.0,موجود,,فعال
8090032,لگن 2000 زیبا,809003207,لگن زیبا 2000 کرپ,12,محصول نهایی,بسته,33.0,36.0,موجود,https://ashkanplastic.com/product/8090032/,,,,36.0,5,248.0,موجود,,فعال
8090032,لگن 2000 زیبا,809003217,لگن زیبا 2000 موکا,12,محصول نهایی,کارتن,44.0,36.0,موجود,https://ashkanplastic.com/product/8090032/,,,,36.0,5,248.0,موجود,,فعال
8090032,لگن 2000 زیبا,809003209,لگن زیبا 2000 وانیلی,12,محصول نهایی,بسته,66.0,36.0,موجود,https://ashkanplastic.com/product/8090032/,,,,36.0,5,248.0,موجود,,فعال
8090030,لگن 4000 زیبا,809003001,لگن زیبا 4000 صورتی,12,محصول نهایی,بسته,2.0,36.0,موجود,https://ashkanplastic.com/product/8090030/,,,,36.0,5,204.0,موجود,,فعال
8090030,لگن 4000 زیبا,809003002,لگن زیبا 4000 طوسی,12,محصول نهایی,بسته,75.0,36.0,موجود,https://ashkanplastic.com/product/8090030/,,,,36.0,5,204.0,موجود,,فعال
8090030,لگن 4000 زیبا,809003007,لگن زیبا 4000 کرپ,12,محصول نهایی,بسته,45.0,36.0,موجود,https://ashkanplastic.com/product/8090030/,,,,36.0,5,204.0,موجود,,فعال
8090030,لگن 4000 زیبا,809003017,لگن زیبا 4000 موکا,12,محصول نهایی,کارتن,36.0,36.0,موجود,https://ashkanplastic.com/product/8090030/,,,,36.0,5,204.0,موجود,,فعال
8090030,لگن 4000 زیبا,809003009,لگن زیبا 4000 وانیلی,12,محصول نهایی,بسته,46.0,36.0,موجود,https://ashkanplastic.com/product/8090030/,,,,36.0,5,204.0,موجود,,فعال
8090028,لگن 6000 زیبا,809002801,لگن زیبا 6000 صورتی,12,محصول نهایی,بسته,2.0,24.0,موجود,https://ashkanplastic.com/product/8090028/,,,,24.0,5,200.0,موجود,,فعال
8090028,لگن 6000 زیبا,809002802,لگن زیبا 6000 طوسی,12,محصول نهایی,بسته,70.0,24.0,موجود,https://ashkanplastic.com/product/8090028/,,,,24.0,5,200.0,موجود,,فعال
8090028,لگن 6000 زیبا,809002807,لگن زیبا 6000 کرپ,12,محصول نهایی,بسته,46.0,24.0,موجود,https://ashkanplastic.com/product/8090028/,,,,24.0,5,200.0,موجود,,فعال
8090028,لگن 6000 زیبا,809002817,لگن زیبا 6000 موکا,12,محصول نهایی,کارتن,41.0,24.0,موجود,https://ashkanplastic.com/product/8090028/,,,,24.0,5,200.0,موجود,,فعال
8090028,لگن 6000 زیبا,809002809,لگن زیبا 6000 وانیلی,12,محصول نهایی,بسته,41.0,24.0,موجود,https://ashkanplastic.com/product/8090028/,,,,24.0,5,200.0,موجود,,فعال
8090026,لگن 8000 زیبا,809002602,لگن زیبا 8000 طوسی,12,محصول نهایی,بسته,51.0,24.0,موجود,https://ashkanplastic.com/product/8090026/,,,,24.0,4,176.0,موجود,,فعال
8090026,لگن 8000 زیبا,809002607,لگن زیبا 8000 کرپ,12,محصول نهایی,بسته,38.0,24.0,موجود,https://ashkanplastic.com/product/8090026/,,,,24.0,4,176.0,موجود,,فعال
8090026,لگن 8000 زیبا,809002617,لگن زیبا 8000 موکا,12,محصول نهایی,کارتن,53.0,24.0,موجود,https://ashkanplastic.com/product/8090026/,,,,24.0,4,176.0,موجود,,فعال
8090026,لگن 8000 زیبا,809002609,لگن زیبا 8000 وانیلی,12,محصول نهایی,بسته,34.0,24.0,موجود,https://ashkanplastic.com/product/8090026/,,,,24.0,4,176.0,موجود,,فعال
8090010,لگن نیما 1,809001010,لگن نیما 1 الوان,12,محصول نهایی,بسته,96.0,36.0,موجود,https://ashkanplastic.com/product/8090010/,,,,36.0,3,96.055556,موجود,,فعال
8090010,لگن نیما 1,809001002,لگن نیما 1 طوسی,12,محصول نهایی,بسته,0.055556,36.0,موجود,https://ashkanplastic.com/product/8090010/,,,,36.0,3,96.055556,موجود,,فعال
8090010,لگن نیما 1,809001007,لگن نیما 1 کرپ,12,محصول نهایی,بسته,0.0,36.0,ناموجود,https://ashkanplastic.com/product/8090010/,,,,36.0,3,96.055556,موجود,,فعال
8090012,لگن نیما 2,809001210,لگن نیما 2 الوان,12,محصول نهایی,بسته,40.0,36.0,موجود,https://ashkanplastic.com/product/8090012/,,,,36.0,1,40.0,موجود,,فعال
8090014,لگن نیما 3,809001401,لگن نیما 3 صورتی,12,محصول نهایی,بسته,1.0,24.0,موجود,https://ashkanplastic.com/product/8090014/,,,,24.0,5,144.0,موجود,,فعال
8090014,لگن نیما 3,809001402,لگن نیما 3 طوسی,12,محصول نهایی,بسته,46.0,24.0,موجود,https://ashkanplastic.com/product/8090014/,,,,24.0,5,144.0,موجود,,فعال
8090014,لگن نیما 3,809001407,لگن نیما 3 کرپ,12,محصول نهایی,بسته,33.0,24.0,موجود,https://ashkanplastic.com/product/8090014/,,,,24.0,5,144.0,موجود,,فعال
8090014,لگن نیما 3,809001417,لگن نیما 3 موکا,12,محصول نهایی,بسته,30.0,24.0,موجود,https://ashkanplastic.com/product/8090014/,,,,24.0,5,144.0,موجود,,فعال
8090014,لگن نیما 3,809001409,لگن نیما 3 وانیلی,12,محصول نهایی,بسته,34.0,24.0,موجود,https://ashkanplastic.com/product/8090014/,,,,24.0,5,144.0,موجود,,فعال
8090016,لگن نیما 4,809001601,لگن نیما 4 صورتی,12,محصول نهایی,بسته,0.0,24.0,ناموجود,https://ashkanplastic.com/product/8090016/,,,,24.0,5,287.0,موجود,,فعال
8090016,لگن نیما 4,809001602,لگن نیما 4 طوسی,12,محصول نهایی,بسته,82.0,24.0,موجود,https://ashkanplastic.com/product/8090016/,,,,24.0,5,287.0,موجود,,فعال
8090016,لگن نیما 4,809001607,لگن نیما 4 کرپ,12,محصول نهایی,بسته,66.0,24.0,موجود,https://ashkanplastic.com/product/8090016/,,,,24.0,5,287.0,موجود,,فعال
8090016,لگن نیما 4,809001617,لگن نیما 4 موکا,12,محصول نهایی,بسته,77.0,24.0,موجود,https://ashkanplastic.com/product/8090016/,,,,24.0,5,287.0,موجود,,فعال
8090016,لگن نیما 4,809001609,لگن نیما 4 وانیلی,12,محصول نهایی,بسته,62.0,24.0,موجود,https://ashkanplastic.com/product/8090016/,,,,24.0,5,287.0,موجود,,فعال
8090018,لگن نیما 5,809001802,لگن نیما 5 طوسی,12,محصول نهایی,بسته,86.0,12.0,موجود,https://ashkanplastic.com/product/8090018/,,,,12.0,4,260.166667,موجود,,فعال
8090018,لگن نیما 5,809001807,لگن نیما 5 کرپ,12,محصول نهایی,بسته,45.0,12.0,موجود,https://ashkanplastic.com/product/8090018/,,,,12.0,4,260.166667,موجود,,فعال
8090018,لگن نیما 5,809001817,لگن نیما 5 موکا,12,محصول نهایی,بسته,70.0,12.0,موجود,https://ashkanplastic.com/product/8090018/,,,,12.0,4,260.166667,موجود,,فعال
8090018,لگن نیما 5,809001809,لگن نیما 5 وانیلی,12,محصول نهایی,بسته,59.166667,12.0,موجود,https://ashkanplastic.com/product/8090018/,,,,12.0,4,260.166667,موجود,,فعال
8090020,لگن نیما 6,809002001,لگن نیما 6 صورتی,12,محصول نهایی,بسته,0.0,12.0,ناموجود,https://ashkanplastic.com/product/8090020/,,,,12.0,5,174.083333,موجود,,فعال
8090020,لگن نیما 6,809002002,لگن نیما 6 طوسی,12,محصول نهایی,بسته,48.0,12.0,موجود,https://ashkanplastic.com/product/8090020/,,,,12.0,5,174.083333,موجود,,فعال
8090020,لگن نیما 6,809002007,لگن نیما 6 کرپ,12,محصول نهایی,بسته,38.083333,12.0,موجود,https://ashkanplastic.com/product/8090020/,,,,12.0,5,174.083333,موجود,,فعال
8090020,لگن نیما 6,809002017,لگن نیما 6 موکا,12,محصول نهایی,بسته,52.0,12.0,موجود,https://ashkanplastic.com/product/8090020/,,,,12.0,5,174.083333,موجود,,فعال
8090020,لگن نیما 6,809002009,لگن نیما 6 وانیلی,12,محصول نهایی,بسته,36.0,12.0,موجود,https://ashkanplastic.com/product/8090020/,,,,12.0,5,174.083333,موجود,,فعال
8092010,لگن نیما مینی,809201010,لگن نیما مینی الوان,12,محصول نهایی,بسته,109.0,48.0,موجود,https://ashkanplastic.com/product/8092010/,,,,48.0,3,114.0,موجود,,فعال
8092010,لگن نیما مینی,809201001,لگن نیما مینی صورتی,12,محصول نهایی,بسته,1.0,48.0,موجود,https://ashkanplastic.com/product/8092010/,,,,48.0,3,114.0,موجود,,فعال
8092010,لگن نیما مینی,809201007,لگن نیما مینی کرپ,12,محصول نهایی,بسته,4.0,48.0,موجود,https://ashkanplastic.com/product/8092010/,,,,48.0,3,114.0,موجود,,فعال
3169810,سرویس فریزری دورنگ روشا (4عددی),316981092,لیبل سرویس فریزری دورنگ روشا,داودی - سرویس فریزری دو رنگ روشا (4عددی),محصول نهایی,عدد,20000.0,12.0,موجود,https://ashkanplastic.com/product/3169810/,,,,12.0,6,20528.0,موجود,,فعال
2360810,لیوان دورنگ روشا,236081010,لیوان 2رنگ روشا الوان,12,محصول نهایی,بسته,135.0,120.0,موجود,https://ashkanplastic.com/product/2360810/,,,,120.0,1,135.0,موجود,,فعال
2310810,لیوان 2رنگ سیب,231081002,لیوان 2رنگ سیب طوسی,12,محصول نهایی,بسته,0.0,96.0,ناموجود,https://ashkanplastic.com/product/2310810/,,,,96.0,2,113.0,موجود,,فعال
2390812,لیوان 2رنگ گلبرگ اشکان,239081210,لیوان 2رنگ گلبرگ اشکان الوان,12,محصول نهایی,بسته,119.0,96.0,موجود,https://ashkanplastic.com/product/2390812/,,,,96.0,3,163.0,موجود,,فعال
2390812,لیوان 2رنگ گلبرگ اشکان,239081203,لیوان 2رنگ گلبرگ اشکان سفید,12,محصول نهایی,بسته,44.0,96.0,موجود,https://ashkanplastic.com/product/2390812/,,,,96.0,3,163.0,موجود,,فعال
2390812,لیوان 2رنگ گلبرگ اشکان,239081201,لیوان 2رنگ گلبرگ اشکان صورتی,12,محصول نهایی,بسته,0.0,96.0,ناموجود,https://ashkanplastic.com/product/2390812/,,,,96.0,3,163.0,موجود,,فعال
2390010,لیوان الماس,239001010,لیوان الماس الوان,12,محصول نهایی,بسته,77.0,96.0,موجود,https://ashkanplastic.com/product/2390010/,,,,96.0,2,77.0,موجود,,فعال
2390010,لیوان الماس,239001008,لیوان الماس شفاف,12,محصول نهایی,بسته,0.0,96.0,ناموجود,https://ashkanplastic.com/product/2390010/,,,,96.0,2,77.0,موجود,,فعال
2395010,لیوان بهنوش عکس دار بزرگ,239501010,لیوان بهنوش عکس دار بزرگ الوان,12,محصول نهایی,بسته,1.0,108.0,موجود,https://ashkanplastic.com/product/2395010/,,,,108.0,1,1.0,موجود,,فعال
2393010,لیوان بهنوش عکس دار کوچک,239301010,لیوان بهنوش عکس دار کوچک الوان,12,محصول نهایی,بسته,62.0,192.0,موجود,https://ashkanplastic.com/product/2393010/,,,,192.0,1,62.0,موجود,,فعال
2390610,لیوان دسته دار گلبرگ,239061010,لیوان دسته دار گلبرگ الوان,12,محصول نهایی,بسته,282.0,96.0,موجود,https://ashkanplastic.com/product/2390610/,,,,96.0,1,282.0,موجود,,فعال
2390810,لیوان 2رنگ توپی,239081010,لیوان دو رنگ توپی الوان,12,محصول نهایی,بسته,79.0,96.0,موجود,https://ashkanplastic.com/product/2390810/,,,,96.0,1,79.0,موجود,,فعال
2310810,لیوان 2رنگ سیب,231081010,لیوان دو رنگ سیب الوان,12,محصول نهایی,بسته,113.0,96.0,موجود,https://ashkanplastic.com/product/2310810/,,,,96.0,2,113.0,موجود,,فعال
2387610,لیوان کودک هما,238761010,لیوان کودک هما الوان - 192عددی,نصیری,محصول نهایی,کارتن,27.0,192.0,موجود,https://ashkanplastic.com/product/2387610/,,,,192.0,1,27.0,موجود,,فعال
2390020,لیوان موج مدل 103 شفاف,239002010,لیوان موج مدل 103- الوان,اشکان- اشکان,محصول نهایی,کارتن,155.0,48.0,موجود,https://ashkanplastic.com/product/2390020/,,,,48.0,3,407.0,موجود,,فعال
2390020,لیوان موج مدل 103 شفاف,239002008,لیوان موج مدل 103- شفاف,اشکان- اشکان,محصول نهایی,کارتن,252.0,48.0,موجود,https://ashkanplastic.com/product/2390020/,,,,48.0,3,407.0,موجود,,فعال
2390020,لیوان موج مدل 103 شفاف,239002025,لیوان موج مدل 103- عسلی,اشکان / اشکان,محصول نهایی,کارتن,0.0,48.0,ناموجود,https://ashkanplastic.com/product/2390020/,,,,48.0,3,407.0,موجود,,فعال
2395050,لیوان نی دار بزرگ بهنوش الوان,239505010,لیوان نی دار بزرگ بهنوش الوان,12,محصول نهایی,بسته,0.0,,ناموجود,https://ashkanplastic.com/product/2395050/,,,,,1,0.0,ناموجود,,فعال
2390050,لیوان نی دار بهنوش بزرگ,239005003,لیوان نی دار بزرگ بهنوش سفید,12,محصول نهایی,بسته,49.0,48.0,موجود,https://ashkanplastic.com/product/2390050/,,,,48.0,1,49.0,موجود,,فعال
2394050,لیوان نی دار بهنوش متوسط,239405003,لیوان نی دار متوسط بهنوش -سفید,12,محصول نهایی,کارتن,48.0,48.0,موجود,https://ashkanplastic.com/product/2394050/,,,,48.0,2,48.0,موجود,,فعال
2394050,لیوان نی دار بهنوش متوسط,239405010,لیوان نی دار متوسط بهنوش الوان,12,محصول نهایی,کارتن,0.0,48.0,ناموجود,https://ashkanplastic.com/product/2394050/,,,,48.0,2,48.0,موجود,,فعال
4710010,مگس کش سیب,471001010,مگس کش سیب الوان,12,محصول نهایی,بسته,165.0,192.0,موجود,https://ashkanplastic.com/product/4710010/,,,,192.0,1,165.0,موجود,,فعال
4540020,نظم دهنده دایانا,454002010,نظم دهنده دایانا الوان,12,محصول نهایی,بسته,94.0,24.0,موجود,https://ashkanplastic.com/product/4540020/,,,,24.0,1,94.0,موجود,,فعال
8620010,نمکپاش چند منظوره اشکان,862001010,نمکپاش چند منظوره اشکان الوان,12,محصول نهایی,بسته,73.0,192.0,موجود,https://ashkanplastic.com/product/8620010/,,,,192.0,1,73.0,موجود,,فعال
8690010,نمکدان الماس,869001010,نمکدان الماس الوان,12,محصول نهایی,بسته,180.0,384.0,موجود,https://ashkanplastic.com/product/8690010/,,,,384.0,1,180.0,موجود,,فعال
8680010,نمکدان هما,868001010,نمکدان هما الوان,12,محصول نهایی,بسته,142.0,180.0,موجود,https://ashkanplastic.com/product/8680010/,,,,180.0,2,142.0,موجود,,فعال
8680010,نمکدان هما,868001002,نمکدان هما طوسی,12,محصول نهایی,بسته,0.0,180.0,ناموجود,https://ashkanplastic.com/product/8680010/,,,,180.0,2,142.0,موجود,,فعال
8290010,وان بچه نیما وانیلی,829001009,وان بچه نیما وانیلی,12,محصول نهایی,بسته,2.0,,موجود,https://ashkanplastic.com/product/8290010/,,,,,1,2.0,موجود,,فعال
8210210,وان بیضی 55 سیب,821021003,وان بیضی 55 سیب سفید,12,محصول نهایی,بسته,64.0,12.0,موجود,https://ashkanplastic.com/product/8210210/,,,,12.0,6,190.083333,موجود,,فعال
8210210,وان بیضی 55 سیب,821021001,وان بیضی 55 سیب صورتی,12,محصول نهایی,بسته,0.0,12.0,ناموجود,https://ashkanplastic.com/product/8210210/,,,,12.0,6,190.083333,موجود,,فعال
8210210,وان بیضی 55 سیب,821021002,وان بیضی 55 سیب طوسی,12,محصول نهایی,بسته,40.0,12.0,موجود,https://ashkanplastic.com/product/8210210/,,,,12.0,6,190.083333,موجود,,فعال
8210210,وان بیضی 55 سیب,821021007,وان بیضی 55 سیب کرپ,12,محصول نهایی,بسته,44.083333,12.0,موجود,https://ashkanplastic.com/product/8210210/,,,,12.0,6,190.083333,موجود,,فعال
8210210,وان بیضی 55 سیب,821021017,وان بیضی 55 سیب موکا,12,محصول نهایی,بسته,1.0,12.0,موجود,https://ashkanplastic.com/product/8210210/,,,,12.0,6,190.083333,موجود,,فعال
8210210,وان بیضی 55 سیب,821021009,وان بیضی 55 سیب وانیلی,12,محصول نهایی,بسته,41.0,12.0,موجود,https://ashkanplastic.com/product/8210210/,,,,12.0,6,190.083333,موجود,,فعال
8210212,وان بیضی 65 سیب,821021203,وان بیضی 65 سیب سفید,12,محصول نهایی,بسته,47.0,6.0,موجود,https://ashkanplastic.com/product/8210212/,,,,6.0,5,214.166667,موجود,,فعال
8210212,وان بیضی 65 سیب,821021201,وان بیضی 65 سیب صورتی,12,محصول نهایی,بسته,0.0,6.0,ناموجود,https://ashkanplastic.com/product/8210212/,,,,6.0,5,214.166667,موجود,,فعال
8210212,وان بیضی 65 سیب,821021202,وان بیضی 65 سیب طوسی,12,محصول نهایی,بسته,59.166667,6.0,موجود,https://ashkanplastic.com/product/8210212/,,,,6.0,5,214.166667,موجود,,فعال
8210212,وان بیضی 65 سیب,821021207,وان بیضی 65 سیب کرپ,12,محصول نهایی,بسته,52.0,6.0,موجود,https://ashkanplastic.com/product/8210212/,,,,6.0,5,214.166667,موجود,,فعال
8210212,وان بیضی 65 سیب,821021209,وان بیضی 65 سیب وانیلی,12,محصول نهایی,بسته,56.0,6.0,موجود,https://ashkanplastic.com/product/8210212/,,,,6.0,5,214.166667,موجود,,فعال
8210214,وان بیضی 85 سیب,821021403,وان بیضی 85 سیب سفید,12,محصول نهایی,بسته,52.166667,6.0,موجود,https://ashkanplastic.com/product/8210214/,,,,6.0,6,317.33333400000004,موجود,,فعال
8210214,وان بیضی 85 سیب,821021401,وان بیضی 85 سیب صورتی,12,محصول نهایی,بسته,0.0,6.0,ناموجود,https://ashkanplastic.com/product/8210214/,,,,6.0,6,317.33333400000004,موجود,,فعال
8210214,وان بیضی 85 سیب,821021402,وان بیضی 85 سیب طوسی,12,محصول نهایی,بسته,106.166667,6.0,موجود,https://ashkanplastic.com/product/8210214/,,,,6.0,6,317.33333400000004,موجود,,فعال
8210214,وان بیضی 85 سیب,821021407,وان بیضی 85 سیب کرپ,12,محصول نهایی,بسته,67.0,6.0,موجود,https://ashkanplastic.com/product/8210214/,,,,6.0,6,317.33333400000004,موجود,,فعال
8210214,وان بیضی 85 سیب,821021411,وان بیضی 85 سیب کرم,12,محصول نهایی,بسته,9.0,6.0,موجود,https://ashkanplastic.com/product/8210214/,,,,6.0,6,317.33333400000004,موجود,,فعال
8210214,وان بیضی 85 سیب,821021409,وان بیضی 85 سیب وانیلی,12,محصول نهایی,بسته,83.0,6.0,موجود,https://ashkanplastic.com/product/8210214/,,,,6.0,6,317.33333400000004,موجود,,فعال
8210116,وان بیضی 90 سیب,821011603,وان بیضی 90 سیب سفید,12,محصول نهایی,بسته,49.0,6.0,موجود,https://ashkanplastic.com/product/8210116/,,,,6.0,4,169.166667,موجود,,فعال
8210116,وان بیضی 90 سیب,821011602,وان بیضی 90 سیب طوسی,12,محصول نهایی,بسته,46.0,6.0,موجود,https://ashkanplastic.com/product/8210116/,,,,6.0,4,169.166667,موجود,,فعال
8210116,وان بیضی 90 سیب,821011607,وان بیضی 90 سیب کرپ,12,محصول نهایی,بسته,60.166667,6.0,موجود,https://ashkanplastic.com/product/8210116/,,,,6.0,4,169.166667,موجود,,فعال
8210116,وان بیضی 90 سیب,821011609,وان بیضی 90 سیب وانیلی,12,محصول نهایی,بسته,14.0,6.0,موجود,https://ashkanplastic.com/product/8210116/,,,,6.0,4,169.166667,موجود,,فعال
8210218,وان بیضی 95 سیب,821021803,وان بیضی 95 سیب سفید,12,محصول نهایی,بسته,44.0,6.0,موجود,https://ashkanplastic.com/product/8210218/,,,,6.0,6,170.5,موجود,,فعال
8210218,وان بیضی 95 سیب,821021801,وان بیضی 95 سیب صورتی,12,محصول نهایی,بسته,0.0,6.0,ناموجود,https://ashkanplastic.com/product/8210218/,,,,6.0,6,170.5,موجود,,فعال
8210218,وان بیضی 95 سیب,821021802,وان بیضی 95 سیب طوسی,12,محصول نهایی,بسته,49.0,6.0,موجود,https://ashkanplastic.com/product/8210218/,,,,6.0,6,170.5,موجود,,فعال
8210218,وان بیضی 95 سیب,821021807,وان بیضی 95 سیب کرپ,12,محصول نهایی,بسته,44.166667,6.0,موجود,https://ashkanplastic.com/product/8210218/,,,,6.0,6,170.5,موجود,,فعال
8210218,وان بیضی 95 سیب,821021811,وان بیضی 95 سیب کرم,12,محصول نهایی,بسته,0.0,6.0,ناموجود,https://ashkanplastic.com/product/8210218/,,,,6.0,6,170.5,موجود,,فعال
8210218,وان بیضی 95 سیب,821021809,وان بیضی 95 سیب وانیلی,12,محصول نهایی,بسته,33.333333,6.0,موجود,https://ashkanplastic.com/product/8210218/,,,,6.0,6,170.5,موجود,,فعال
8290210,وان بیضی کلاسیک 501 صورتی,829021001,وان بیضی کلاسیک 501 صورتی,12,محصول نهایی,بسته,0.0,,ناموجود,https://ashkanplastic.com/product/8290210/,,,,,2,0.0,ناموجود,,فعال
8290210,وان بیضی کلاسیک 501 صورتی,829021007,وان بیضی کلاسیک 501 کرپ,12,محصول نهایی,بسته,0.0,,ناموجود,https://ashkanplastic.com/product/8290210/,,,,,2,0.0,ناموجود,,فعال
8090212,وان بیضی کلاسیک 503 طوسی,809021202,وان بیضی کلاسیک 503 طوسی,12,محصول نهایی,بسته,0.0,,ناموجود,https://ashkanplastic.com/product/8090212/,,,,,1,0.0,ناموجود,,فعال
8230110,وان گرد 2 دسته اپل تاپ 1,823011001,وان گرد 2 دسته اپل تاپ 1 صورتی,12,محصول نهایی,بسته,17.0,12.0,موجود,https://ashkanplastic.com/product/8230110/,,,,12.0,4,147.0,موجود,,فعال
8230110,وان گرد 2 دسته اپل تاپ 1,823011002,وان گرد 2 دسته اپل تاپ 1 طوسی,12,محصول نهایی,بسته,34.0,12.0,موجود,https://ashkanplastic.com/product/8230110/,,,,12.0,4,147.0,موجود,,فعال
8230110,وان گرد 2 دسته اپل تاپ 1,823011007,وان گرد 2 دسته اپل تاپ 1 کرپ,12,محصول نهایی,بسته,47.0,12.0,موجود,https://ashkanplastic.com/product/8230110/,,,,12.0,4,147.0,موجود,,فعال
8230110,وان گرد 2 دسته اپل تاپ 1,823011009,وان گرد 2 دسته اپل تاپ 1 وانیلی,12,محصول نهایی,بسته,49.0,12.0,موجود,https://ashkanplastic.com/product/8230110/,,,,12.0,4,147.0,موجود,,فعال
8230112,وان گرد 2 دسته اپل تاپ 2,823011203,وان گرد 2 دسته اپل تاپ 2 سفید,12,محصول نهایی,بسته,63.0,12.0,موجود,https://ashkanplastic.com/product/8230112/,,,,12.0,6,213.0,موجود,,فعال
8230112,وان گرد 2 دسته اپل تاپ 2,823011201,وان گرد 2 دسته اپل تاپ 2 صورتی,12,محصول نهایی,بسته,23.0,12.0,موجود,https://ashkanplastic.com/product/8230112/,,,,12.0,6,213.0,موجود,,فعال
8230112,وان گرد 2 دسته اپل تاپ 2,823011202,وان گرد 2 دسته اپل تاپ 2 طوسی,12,محصول نهایی,بسته,35.0,12.0,موجود,https://ashkanplastic.com/product/8230112/,,,,12.0,6,213.0,موجود,,فعال
8230112,وان گرد 2 دسته اپل تاپ 2,823011207,وان گرد 2 دسته اپل تاپ 2 کرپ,12,محصول نهایی,بسته,49.0,12.0,موجود,https://ashkanplastic.com/product/8230112/,,,,12.0,6,213.0,موجود,,فعال
8230112,وان گرد 2 دسته اپل تاپ 2,823011211,وان گرد 2 دسته اپل تاپ 2 کرم,12,محصول نهایی,بسته,6.0,12.0,موجود,https://ashkanplastic.com/product/8230112/,,,,12.0,6,213.0,موجود,,فعال
8230112,وان گرد 2 دسته اپل تاپ 2,823011209,وان گرد 2 دسته اپل تاپ 2 وانیلی,12,محصول نهایی,بسته,37.0,12.0,موجود,https://ashkanplastic.com/product/8230112/,,,,12.0,6,213.0,موجود,,فعال
8230114,وان گرد 2 دسته اپل تاپ 3,823011403,وان گرد 2 دسته اپل تاپ 3 سفید,12,محصول نهایی,بسته,55.0,6.0,موجود,https://ashkanplastic.com/product/8230114/,,,,6.0,5,197.333334,موجود,,فعال
8230114,وان گرد 2 دسته اپل تاپ 3,823011401,وان گرد 2 دسته اپل تاپ 3 صورتی,12,محصول نهایی,بسته,7.166667,6.0,موجود,https://ashkanplastic.com/product/8230114/,,,,6.0,5,197.333334,موجود,,فعال
8230114,وان گرد 2 دسته اپل تاپ 3,823011402,وان گرد 2 دسته اپل تاپ 3 طوسی,12,محصول نهایی,بسته,44.166667,6.0,موجود,https://ashkanplastic.com/product/8230114/,,,,6.0,5,197.333334,موجود,,فعال
8230114,وان گرد 2 دسته اپل تاپ 3,823011407,وان گرد 2 دسته اپل تاپ 3 کرپ,12,محصول نهایی,بسته,55.0,6.0,موجود,https://ashkanplastic.com/product/8230114/,,,,6.0,5,197.333334,موجود,,فعال
8230114,وان گرد 2 دسته اپل تاپ 3,823011409,وان گرد 2 دسته اپل تاپ 3 وانیلی,12,محصول نهایی,بسته,36.0,6.0,موجود,https://ashkanplastic.com/product/8230114/,,,,6.0,5,197.333334,موجود,,فعال
8295110,وان گرد 2 دسته بزرگ,829511001,وان گرد 2 دسته بزرگ صورتی,12,محصول نهایی,بسته,16.0,12.0,موجود,https://ashkanplastic.com/product/8295110/,,,,12.0,2,17.0,موجود,,فعال
8295110,وان گرد 2 دسته بزرگ,829511009,وان گرد 2 دسته بزرگ وانیلی,12,محصول نهایی,بسته,1.0,12.0,موجود,https://ashkanplastic.com/product/8295110/,,,,12.0,2,17.0,موجود,,فعال
8230120,وان گرد 4 دسته اپل تاپ 4,823012004,وان گرد 4 دسته اپل تاپ 4 آبی,12,محصول نهایی,بسته,0.0,6.0,ناموجود,https://ashkanplastic.com/product/8230120/,,,,6.0,5,163.0,موجود,,فعال
8230120,وان گرد 4 دسته اپل تاپ 4,823012003,وان گرد 4 دسته اپل تاپ 4 سفید,12,محصول نهایی,بسته,51.0,6.0,موجود,https://ashkanplastic.com/product/8230120/,,,,6.0,5,163.0,موجود,,فعال
8230120,وان گرد 4 دسته اپل تاپ 4,823012002,وان گرد 4 دسته اپل تاپ 4 طوسی,12,محصول نهایی,بسته,46.0,6.0,موجود,https://ashkanplastic.com/product/8230120/,,,,6.0,5,163.0,موجود,,فعال
8230120,وان گرد 4 دسته اپل تاپ 4,823012007,وان گرد 4 دسته اپل تاپ 4 کرپ,12,محصول نهایی,بسته,63.0,6.0,موجود,https://ashkanplastic.com/product/8230120/,,,,6.0,5,163.0,موجود,,فعال
8230120,وان گرد 4 دسته اپل تاپ 4,823012009,وان گرد 4 دسته اپل تاپ 4 وانیلی,12,محصول نهایی,بسته,3.0,6.0,موجود,https://ashkanplastic.com/product/8230120/,,,,6.0,5,163.0,موجود,,فعال
8230122,وان گرد 4 دسته اپل تاپ 5,823012203,وان گرد 4 دسته اپل تاپ 5 سفید,12,محصول نهایی,بسته,20.0,4.0,موجود,https://ashkanplastic.com/product/8230122/,,,,4.0,4,93.0,موجود,,فعال
8230122,وان گرد 4 دسته اپل تاپ 5,823012202,وان گرد 4 دسته اپل تاپ 5 طوسی,12,محصول نهایی,بسته,6.0,4.0,موجود,https://ashkanplastic.com/product/8230122/,,,,4.0,4,93.0,موجود,,فعال
8230122,وان گرد 4 دسته اپل تاپ 5,823012207,وان گرد 4 دسته اپل تاپ 5 کرپ,12,محصول نهایی,بسته,53.0,4.0,موجود,https://ashkanplastic.com/product/8230122/,,,,4.0,4,93.0,موجود,,فعال
8230122,وان گرد 4 دسته اپل تاپ 5,823012209,وان گرد 4 دسته اپل تاپ 5 وانیلی,12,محصول نهایی,بسته,14.0,4.0,موجود,https://ashkanplastic.com/product/8230122/,,,,4.0,4,93.0,موجود,,فعال
8290110,وان گرد 4 دسته,829011003,وان گرد 4 دسته سفید,12,محصول نهایی,بسته,5.0,6.0,موجود,https://ashkanplastic.com/product/8290110/,,,,6.0,6,101.0,موجود,,فعال
8296110,وان گرد 4 دسته سوپر,829611003,وان گرد 4 دسته سوپر سفید,12,محصول نهایی,بسته,64.0,6.0,موجود,https://ashkanplastic.com/product/8296110/,,,,6.0,4,303.33333400000004,موجود,,فعال
8296110,وان گرد 4 دسته سوپر,829611002,وان گرد 4 دسته سوپر طوسی,12,محصول نهایی,بسته,107.166667,6.0,موجود,https://ashkanplastic.com/product/8296110/,,,,6.0,4,303.33333400000004,موجود,,فعال
8296110,وان گرد 4 دسته سوپر,829611007,وان گرد 4 دسته سوپر کرپ,12,محصول نهایی,بسته,66.0,6.0,موجود,https://ashkanplastic.com/product/8296110/,,,,6.0,4,303.33333400000004,موجود,,فعال
8296110,وان گرد 4 دسته سوپر,829611009,وان گرد 4 دسته سوپر وانیلی,12,محصول نهایی,بسته,66.166667,6.0,موجود,https://ashkanplastic.com/product/8296110/,,,,6.0,4,303.33333400000004,موجود,,فعال
8290110,وان گرد 4 دسته,829011001,وان گرد 4 دسته صورتی,12,محصول نهایی,بسته,16.0,6.0,موجود,https://ashkanplastic.com/product/8290110/,,,,6.0,6,101.0,موجود,,فعال
8290110,وان گرد 4 دسته,829011002,وان گرد 4 دسته طوسی,12,محصول نهایی,بسته,3.0,6.0,موجود,https://ashkanplastic.com/product/8290110/,,,,6.0,6,101.0,موجود,,فعال
8290110,وان گرد 4 دسته,829011007,وان گرد 4 دسته کرپ,12,محصول نهایی,بسته,42.0,6.0,موجود,https://ashkanplastic.com/product/8290110/,,,,6.0,6,101.0,موجود,,فعال
8290110,وان گرد 4 دسته,829011011,وان گرد 4 دسته کرم,12,محصول نهایی,بسته,0.0,6.0,ناموجود,https://ashkanplastic.com/product/8290110/,,,,6.0,6,101.0,موجود,,فعال
8293110,وان گرد 4 دسته مینی سوپر,829311003,وان گرد 4 دسته مینی سوپر سفید,12,محصول نهایی,بسته,0.0,6.0,ناموجود,https://ashkanplastic.com/product/8293110/,,,,6.0,5,183.5,موجود,,فعال
8293110,وان گرد 4 دسته مینی سوپر,829311001,وان گرد 4 دسته مینی سوپر صورتی,12,محصول نهایی,بسته,21.0,6.0,موجود,https://ashkanplastic.com/product/8293110/,,,,6.0,5,183.5,موجود,,فعال
8293110,وان گرد 4 دسته مینی سوپر,829311002,وان گرد 4 دسته مینی سوپر طوسی,12,محصول نهایی,بسته,89.5,6.0,موجود,https://ashkanplastic.com/product/8293110/,,,,6.0,5,183.5,موجود,,فعال
8293110,وان گرد 4 دسته مینی سوپر,829311007,وان گرد 4 دسته مینی سوپر کرپ,12,محصول نهایی,بسته,62.0,6.0,موجود,https://ashkanplastic.com/product/8293110/,,,,6.0,5,183.5,موجود,,فعال
8293110,وان گرد 4 دسته مینی سوپر,829311009,وان گرد 4 دسته مینی سوپر وانیلی,12,محصول نهایی,بسته,11.0,6.0,موجود,https://ashkanplastic.com/product/8293110/,,,,6.0,5,183.5,موجود,,فعال
8290110,وان گرد 4 دسته,829011009,وان گرد 4 دسته وانیلی,12,محصول نهایی,بسته,35.0,6.0,موجود,https://ashkanplastic.com/product/8290110/,,,,6.0,6,101.0,موجود,,فعال
8230410,وان مستطیل اپل تاپ 1,823041001,وان مستطیل اپل تاپ 1 صورتی,12,محصول نهایی,بسته,0.0,12.0,ناموجود,https://ashkanplastic.com/product/8230410/,,,,12.0,2,0.0,ناموجود,,فعال
8230410,وان مستطیل اپل تاپ 1,823041007,وان مستطیل اپل تاپ 1 کرپ,12,محصول نهایی,بسته,0.0,12.0,ناموجود,https://ashkanplastic.com/product/8230410/,,,,12.0,2,0.0,ناموجود,,فعال
